flight_key,Flight Distance,Origin_Airport,Destination_Airport,Origin_Airport_Name,Origin_Latitude,Origin_Longitude,Dest_Airport_Name,Dest_Latitude,Dest_Longitude
1,460,SFO,LAX,San Francisco Intl,37.6213,-122.379,Los Angeles Intl,33.9416,-118.4085
2,235,DFW,DEN,Dallas/Fort Worth Intl,32.8998,-97.0403,Denver Intl,39.8561,-104.6737
3,1142,IAH,ORD,George Bush Intercontinental,29.9902,-95.3368,Chicago O’Hare Intl,41.9742,-87.9073
4,562,MSP,SFO,Minneapolis–Saint Paul Intl,44.883,-93.21,San Francisco Intl,37.6213,-122.379
5,214,PHX,BOS,Phoenix Sky Harbor Intl,33.4342,-112.0116,Boston Logan Intl,42.3656,-71.0096
6,1180,SEA,DEN,Seattle-Tacoma Intl,47.4502,-122.3088,Denver Intl,39.8561,-104.6737
7,1276,IAH,SEA,George Bush Intercontinental,29.9902,-95.3368,Seattle-Tacoma Intl,47.4502,-122.3088
8,2035,DEN,ATL,Denver Intl,39.8561,-104.6737,Hartsfield-Jackson Atlanta Intl,33.6407,-84.4277
9,853,SFO,ORD,San Francisco Intl,37.6213,-122.379,Chicago O’Hare Intl,41.9742,-87.9073
10,1061,BOS,ORD,Boston Logan Intl,42.3656,-71.0096,Chicago O’Hare Intl,41.9742,-87.9073
11,1182,ORD,MIA,Chicago O’Hare Intl,41.9742,-87.9073,Miami Intl,25.7959,-80.287
12,308,SFO,DEN,San Francisco Intl,37.6213,-122.379,Denver Intl,39.8561,-104.6737
13,834,PHX,CLT,Phoenix Sky Harbor Intl,33.4342,-112.0116,Charlotte Douglas Intl,35.214,-80.9431
14,946,PHX,MIA,Phoenix Sky Harbor Intl,33.4342,-112.0116,Miami Intl,25.7959,-80.287
15,453,SEA,IAH,Seattle-Tacoma Intl,47.4502,-122.3088,George Bush Intercontinental,29.9902,-95.3368
16,486,DEN,MIA,Denver Intl,39.8561,-104.6737,Miami Intl,25.7959,-80.287
17,2123,DFW,ATL,Dallas/Fort Worth Intl,32.8998,-97.0403,Hartsfield-Jackson Atlanta Intl,33.6407,-84.4277
18,2075,SEA,LAX,Seattle-Tacoma Intl,47.4502,-122.3088,Los Angeles Intl,33.9416,-118.4085
19,2486,SEA,DEN,Seattle-Tacoma Intl,47.4502,-122.3088,Denver Intl,39.8561,-104.6737
20,1174,ORD,DFW,Chicago O’Hare Intl,41.9742,-87.9073,Dallas/Fort Worth Intl,32.8998,-97.0403
21,208,JFK,MSP,John F. Kennedy Intl,40.6413,-73.7781,Minneapolis–Saint Paul Intl,44.883,-93.21
22,752,DEN,BOS,Denver Intl,39.8561,-104.6737,Boston Logan Intl,42.3656,-71.0096
23,2139,LAX,MIA,Los Angeles Intl,33.9416,-118.4085,Miami Intl,25.7959,-80.287
24,452,SEA,SFO,Seattle-Tacoma Intl,47.4502,-122.3088,San Francisco Intl,37.6213,-122.379
25,719,CLT,JFK,Charlotte Douglas Intl,35.214,-80.9431,John F. Kennedy Intl,40.6413,-73.7781
26,1561,LAS,SFO,Las Vegas McCarran Intl,36.084,-115.1537,San Francisco Intl,37.6213,-122.379
27,315,JFK,ATL,John F. Kennedy Intl,40.6413,-73.7781,Hartsfield-Jackson Atlanta Intl,33.6407,-84.4277
28,3347,LAX,ATL,Los Angeles Intl,33.9416,-118.4085,Hartsfield-Jackson Atlanta Intl,33.6407,-84.4277
29,2342,CLT,SEA,Charlotte Douglas Intl,35.214,-80.9431,Seattle-Tacoma Intl,47.4502,-122.3088
30,819,DEN,IAH,Denver Intl,39.8561,-104.6737,George Bush Intercontinental,29.9902,-95.3368
31,1043,ATL,IAH,Hartsfield-Jackson Atlanta Intl,33.6407,-84.4277,George Bush Intercontinental,29.9902,-95.3368
32,2611,CLT,LAX,Charlotte Douglas Intl,35.214,-80.9431,Los Angeles Intl,33.9416,-118.4085
33,1192,BOS,CLT,Boston Logan Intl,42.3656,-71.0096,Charlotte Douglas Intl,35.214,-80.9431
34,349,JFK,BOS,John F. Kennedy Intl,40.6413,-73.7781,Boston Logan Intl,42.3656,-71.0096
35,883,IAH,PHX,George Bush Intercontinental,29.9902,-95.3368,Phoenix Sky Harbor Intl,33.4342,-112.0116
36,550,CLT,MIA,Charlotte Douglas Intl,35.214,-80.9431,Miami Intl,25.7959,-80.287
37,302,MIA,SFO,Miami Intl,25.7959,-80.287,San Francisco Intl,37.6213,-122.379
38,354,ATL,JFK,Hartsfield-Jackson Atlanta Intl,33.6407,-84.4277,John F. Kennedy Intl,40.6413,-73.7781
39,1734,PHX,ATL,Phoenix Sky Harbor Intl,33.4342,-112.0116,Hartsfield-Jackson Atlanta Intl,33.6407,-84.4277
40,1452,PHX,ATL,Phoenix Sky Harbor Intl,33.4342,-112.0116,Hartsfield-Jackson Atlanta Intl,33.6407,-84.4277
41,296,MSP,LAX,Minneapolis–Saint Paul Intl,44.883,-93.21,Los Angeles Intl,33.9416,-118.4085
42,2882,BOS,JFK,Boston Logan Intl,42.3656,-71.0096,John F. Kennedy Intl,40.6413,-73.7781
43,529,CLT,LAS,Charlotte Douglas Intl,35.214,-80.9431,Las Vegas McCarran Intl,36.084,-115.1537
44,1522,CLT,JFK,Charlotte Douglas Intl,35.214,-80.9431,John F. Kennedy Intl,40.6413,-73.7781
45,612,MSP,LAX,Minneapolis–Saint Paul Intl,44.883,-93.21,Los Angeles Intl,33.9416,-118.4085
46,1454,LAS,ATL,Las Vegas McCarran Intl,36.084,-115.1537,Hartsfield-Jackson Atlanta Intl,33.6407,-84.4277
47,731,LAS,BOS,Las Vegas McCarran Intl,36.084,-115.1537,Boston Logan Intl,42.3656,-71.0096
48,2076,MSP,DEN,Minneapolis–Saint Paul Intl,44.883,-93.21,Denver Intl,39.8561,-104.6737
49,309,LAS,DEN,Las Vegas McCarran Intl,36.084,-115.1537,Denver Intl,39.8561,-104.6737
50,775,ORD,LAX,Chicago O’Hare Intl,41.9742,-87.9073,Los Angeles Intl,33.9416,-118.4085
51,861,CLT,JFK,Charlotte Douglas Intl,35.214,-80.9431,John F. Kennedy Intl,40.6413,-73.7781
52,3334,SFO,MIA,San Francisco Intl,37.6213,-122.379,Miami Intl,25.7959,-80.287
53,2496,DFW,LAX,Dallas/Fort Worth Intl,32.8998,-97.0403,Los Angeles Intl,33.9416,-118.4085
54,602,MIA,BOS,Miami Intl,25.7959,-80.287,Boston Logan Intl,42.3656,-71.0096
55,446,ORD,LAX,Chicago O’Hare Intl,41.9742,-87.9073,Los Angeles Intl,33.9416,-118.4085
56,216,DEN,ORD,Denver Intl,39.8561,-104.6737,Chicago O’Hare Intl,41.9742,-87.9073
57,3475,ORD,IAH,Chicago O’Hare Intl,41.9742,-87.9073,George Bush Intercontinental,29.9902,-95.3368
58,646,SFO,MIA,San Francisco Intl,37.6213,-122.379,Miami Intl,25.7959,-80.287
59,2501,DEN,JFK,Denver Intl,39.8561,-104.6737,John F. Kennedy Intl,40.6413,-73.7781
60,2227,MIA,CLT,Miami Intl,25.7959,-80.287,Charlotte Douglas Intl,35.214,-80.9431
61,1426,SFO,SEA,San Francisco Intl,37.6213,-122.379,Seattle-Tacoma Intl,47.4502,-122.3088
62,190,LAX,MSP,Los Angeles Intl,33.9416,-118.4085,Minneapolis–Saint Paul Intl,44.883,-93.21
63,1532,DFW,SEA,Dallas/Fort Worth Intl,32.8998,-97.0403,Seattle-Tacoma Intl,47.4502,-122.3088
64,157,MIA,JFK,Miami Intl,25.7959,-80.287,John F. Kennedy Intl,40.6413,-73.7781
65,1506,CLT,LAX,Charlotte Douglas Intl,35.214,-80.9431,Los Angeles Intl,33.9416,-118.4085
66,205,LAS,PHX,Las Vegas McCarran Intl,36.084,-115.1537,Phoenix Sky Harbor Intl,33.4342,-112.0116
67,895,LAX,BOS,Los Angeles Intl,33.9416,-118.4085,Boston Logan Intl,42.3656,-71.0096
68,516,BOS,ORD,Boston Logan Intl,42.3656,-71.0096,Chicago O’Hare Intl,41.9742,-87.9073
69,909,MIA,ORD,Miami Intl,25.7959,-80.287,Chicago O’Hare Intl,41.9742,-87.9073
70,1435,BOS,MSP,Boston Logan Intl,42.3656,-71.0096,Minneapolis–Saint Paul Intl,44.883,-93.21
71,1190,DEN,ATL,Denver Intl,39.8561,-104.6737,Hartsfield-Jackson Atlanta Intl,33.6407,-84.4277
72,1259,LAX,SFO,Los Angeles Intl,33.9416,-118.4085,San Francisco Intl,37.6213,-122.379
73,1670,DFW,DEN,Dallas/Fort Worth Intl,32.8998,-97.0403,Denver Intl,39.8561,-104.6737
74,3960,CLT,DFW,Charlotte Douglas Intl,35.214,-80.9431,Dallas/Fort Worth Intl,32.8998,-97.0403
75,817,MSP,BOS,Minneapolis–Saint Paul Intl,44.883,-93.21,Boston Logan Intl,42.3656,-71.0096
76,406,CLT,MSP,Charlotte Douglas Intl,35.214,-80.9431,Minneapolis–Saint Paul Intl,44.883,-93.21
77,404,SFO,DFW,San Francisco Intl,37.6213,-122.379,Dallas/Fort Worth Intl,32.8998,-97.0403
78,500,CLT,LAS,Charlotte Douglas Intl,35.214,-80.9431,Las Vegas McCarran Intl,36.084,-115.1537
79,689,IAH,DFW,George Bush Intercontinental,29.9902,-95.3368,Dallas/Fort Worth Intl,32.8998,-97.0403
80,3100,SEA,JFK,Seattle-Tacoma Intl,47.4502,-122.3088,John F. Kennedy Intl,40.6413,-73.7781
81,525,MSP,PHX,Minneapolis–Saint Paul Intl,44.883,-93.21,Phoenix Sky Harbor Intl,33.4342,-112.0116
82,931,ORD,SEA,Chicago O’Hare Intl,41.9742,-87.9073,Seattle-Tacoma Intl,47.4502,-122.3088
83,304,LAS,SEA,Las Vegas McCarran Intl,36.084,-115.1537,Seattle-Tacoma Intl,47.4502,-122.3088
84,1896,ATL,DEN,Hartsfield-Jackson Atlanta Intl,33.6407,-84.4277,Denver Intl,39.8561,-104.6737
85,261,DFW,MSP,Dallas/Fort Worth Intl,32.8998,-97.0403,Minneapolis–Saint Paul Intl,44.883,-93.21
86,347,LAX,JFK,Los Angeles Intl,33.9416,-118.4085,John F. Kennedy Intl,40.6413,-73.7781
87,1042,SEA,DFW,Seattle-Tacoma Intl,47.4502,-122.3088,Dallas/Fort Worth Intl,32.8998,-97.0403
88,1773,DFW,CLT,Dallas/Fort Worth Intl,32.8998,-97.0403,Charlotte Douglas Intl,35.214,-80.9431
89,342,LAX,LAS,Los Angeles Intl,33.9416,-118.4085,Las Vegas McCarran Intl,36.084,-115.1537
90,297,LAS,PHX,Las Vegas McCarran Intl,36.084,-115.1537,Phoenix Sky Harbor Intl,33.4342,-112.0116
91,332,JFK,IAH,John F. Kennedy Intl,40.6413,-73.7781,George Bush Intercontinental,29.9902,-95.3368
92,2388,JFK,MIA,John F. Kennedy Intl,40.6413,-73.7781,Miami Intl,25.7959,-80.287
93,748,BOS,SEA,Boston Logan Intl,42.3656,-71.0096,Seattle-Tacoma Intl,47.4502,-122.3088
94,1080,DFW,BOS,Dallas/Fort Worth Intl,32.8998,-97.0403,Boston Logan Intl,42.3656,-71.0096
95,231,JFK,CLT,John F. Kennedy Intl,40.6413,-73.7781,Charlotte Douglas Intl,35.214,-80.9431
96,551,IAH,BOS,George Bush Intercontinental,29.9902,-95.3368,Boston Logan Intl,42.3656,-71.0096
97,972,MSP,ATL,Minneapolis–Saint Paul Intl,44.883,-93.21,Hartsfield-Jackson Atlanta Intl,33.6407,-84.4277
98,265,LAX,MSP,Los Angeles Intl,33.9416,-118.4085,Minneapolis–Saint Paul Intl,44.883,-93.21
99,488,BOS,LAX,Boston Logan Intl,42.3656,-71.0096,Los Angeles Intl,33.9416,-118.4085
100,1144,CLT,MIA,Charlotte Douglas Intl,35.214,-80.9431,Miami Intl,25.7959,-80.287
101,2332,LAX,SEA,Los Angeles Intl,33.9416,-118.4085,Seattle-Tacoma Intl,47.4502,-122.3088
102,3024,BOS,LAS,Boston Logan Intl,42.3656,-71.0096,Las Vegas McCarran Intl,36.084,-115.1537
103,1750,LAS,ORD,Las Vegas McCarran Intl,36.084,-115.1537,Chicago O’Hare Intl,41.9742,-87.9073
104,483,DFW,SEA,Dallas/Fort Worth Intl,32.8998,-97.0403,Seattle-Tacoma Intl,47.4502,-122.3088
105,2128,LAS,CLT,Las Vegas McCarran Intl,36.084,-115.1537,Charlotte Douglas Intl,35.214,-80.9431
106,1852,MSP,ATL,Minneapolis–Saint Paul Intl,44.883,-93.21,Hartsfield-Jackson Atlanta Intl,33.6407,-84.4277
107,372,MSP,BOS,Minneapolis–Saint Paul Intl,44.883,-93.21,Boston Logan Intl,42.3656,-71.0096
108,3705,SEA,DFW,Seattle-Tacoma Intl,47.4502,-122.3088,Dallas/Fort Worth Intl,32.8998,-97.0403
109,416,LAS,ORD,Las Vegas McCarran Intl,36.084,-115.1537,Chicago O’Hare Intl,41.9742,-87.9073
110,337,SFO,JFK,San Francisco Intl,37.6213,-122.379,John F. Kennedy Intl,40.6413,-73.7781
111,335,CLT,SFO,Charlotte Douglas Intl,35.214,-80.9431,San Francisco Intl,37.6213,-122.379
112,1400,MIA,DFW,Miami Intl,25.7959,-80.287,Dallas/Fort Worth Intl,32.8998,-97.0403
113,2521,LAS,SFO,Las Vegas McCarran Intl,36.084,-115.1537,San Francisco Intl,37.6213,-122.379
114,374,SEA,MIA,Seattle-Tacoma Intl,47.4502,-122.3088,Miami Intl,25.7959,-80.287
115,575,DEN,PHX,Denver Intl,39.8561,-104.6737,Phoenix Sky Harbor Intl,33.4342,-112.0116
116,618,IAH,LAX,George Bush Intercontinental,29.9902,-95.3368,Los Angeles Intl,33.9416,-118.4085
117,1304,LAX,PHX,Los Angeles Intl,33.9416,-118.4085,Phoenix Sky Harbor Intl,33.4342,-112.0116
118,351,MSP,ORD,Minneapolis–Saint Paul Intl,44.883,-93.21,Chicago O’Hare Intl,41.9742,-87.9073
119,549,DEN,CLT,Denver Intl,39.8561,-104.6737,Charlotte Douglas Intl,35.214,-80.9431
120,3510,SEA,ORD,Seattle-Tacoma Intl,47.4502,-122.3088,Chicago O’Hare Intl,41.9742,-87.9073
121,1620,BOS,PHX,Boston Logan Intl,42.3656,-71.0096,Phoenix Sky Harbor Intl,33.4342,-112.0116
122,326,MIA,SEA,Miami Intl,25.7959,-80.287,Seattle-Tacoma Intl,47.4502,-122.3088
123,588,CLT,LAS,Charlotte Douglas Intl,35.214,-80.9431,Las Vegas McCarran Intl,36.084,-115.1537
124,1020,CLT,BOS,Charlotte Douglas Intl,35.214,-80.9431,Boston Logan Intl,42.3656,-71.0096
125,2903,CLT,SEA,Charlotte Douglas Intl,35.214,-80.9431,Seattle-Tacoma Intl,47.4502,-122.3088
126,2659,IAH,SEA,George Bush Intercontinental,29.9902,-95.3368,Seattle-Tacoma Intl,47.4502,-122.3088
127,3037,MIA,CLT,Miami Intl,25.7959,-80.287,Charlotte Douglas Intl,35.214,-80.9431
128,2475,IAH,CLT,George Bush Intercontinental,29.9902,-95.3368,Charlotte Douglas Intl,35.214,-80.9431
129,978,MSP,MIA,Minneapolis–Saint Paul Intl,44.883,-93.21,Miami Intl,25.7959,-80.287
130,2568,IAH,DFW,George Bush Intercontinental,29.9902,-95.3368,Dallas/Fort Worth Intl,32.8998,-97.0403
131,371,ATL,DEN,Hartsfield-Jackson Atlanta Intl,33.6407,-84.4277,Denver Intl,39.8561,-104.6737
132,791,MIA,DEN,Miami Intl,25.7959,-80.287,Denver Intl,39.8561,-104.6737
133,480,SFO,SEA,San Francisco Intl,37.6213,-122.379,Seattle-Tacoma Intl,47.4502,-122.3088
134,1786,MIA,SFO,Miami Intl,25.7959,-80.287,San Francisco Intl,37.6213,-122.379
135,1849,SEA,MIA,Seattle-Tacoma Intl,47.4502,-122.3088,Miami Intl,25.7959,-80.287
136,3634,ATL,MSP,Hartsfield-Jackson Atlanta Intl,33.6407,-84.4277,Minneapolis–Saint Paul Intl,44.883,-93.21
137,844,CLT,MSP,Charlotte Douglas Intl,35.214,-80.9431,Minneapolis–Saint Paul Intl,44.883,-93.21
138,3094,SEA,LAS,Seattle-Tacoma Intl,47.4502,-122.3088,Las Vegas McCarran Intl,36.084,-115.1537
139,3465,SEA,ORD,Seattle-Tacoma Intl,47.4502,-122.3088,Chicago O’Hare Intl,41.9742,-87.9073
140,1035,MSP,LAX,Minneapolis–Saint Paul Intl,44.883,-93.21,Los Angeles Intl,33.9416,-118.4085
141,237,PHX,BOS,Phoenix Sky Harbor Intl,33.4342,-112.0116,Boston Logan Intl,42.3656,-71.0096
142,3175,ORD,CLT,Chicago O’Hare Intl,41.9742,-87.9073,Charlotte Douglas Intl,35.214,-80.9431
143,760,ATL,DFW,Hartsfield-Jackson Atlanta Intl,33.6407,-84.4277,Dallas/Fort Worth Intl,32.8998,-97.0403
144,1071,SEA,JFK,Seattle-Tacoma Intl,47.4502,-122.3088,John F. Kennedy Intl,40.6413,-73.7781
145,728,ORD,CLT,Chicago O’Hare Intl,41.9742,-87.9073,Charlotte Douglas Intl,35.214,-80.9431
146,2585,ORD,LAX,Chicago O’Hare Intl,41.9742,-87.9073,Los Angeles Intl,33.9416,-118.4085
147,707,ATL,SFO,Hartsfield-Jackson Atlanta Intl,33.6407,-84.4277,San Francisco Intl,37.6213,-122.379
148,1790,PHX,ORD,Phoenix Sky Harbor Intl,33.4342,-112.0116,Chicago O’Hare Intl,41.9742,-87.9073
149,680,DEN,IAH,Denver Intl,39.8561,-104.6737,George Bush Intercontinental,29.9902,-95.3368
150,888,BOS,ORD,Boston Logan Intl,42.3656,-71.0096,Chicago O’Hare Intl,41.9742,-87.9073
151,1660,SFO,PHX,San Francisco Intl,37.6213,-122.379,Phoenix Sky Harbor Intl,33.4342,-112.0116
152,578,BOS,LAX,Boston Logan Intl,42.3656,-71.0096,Los Angeles Intl,33.9416,-118.4085
153,606,MIA,PHX,Miami Intl,25.7959,-80.287,Phoenix Sky Harbor Intl,33.4342,-112.0116
154,1487,CLT,SEA,Charlotte Douglas Intl,35.214,-80.9431,Seattle-Tacoma Intl,47.4502,-122.3088
155,317,SFO,JFK,San Francisco Intl,37.6213,-122.379,John F. Kennedy Intl,40.6413,-73.7781
156,3747,MIA,ATL,Miami Intl,25.7959,-80.287,Hartsfield-Jackson Atlanta Intl,33.6407,-84.4277
157,2748,SEA,CLT,Seattle-Tacoma Intl,47.4502,-122.3088,Charlotte Douglas Intl,35.214,-80.9431
158,1503,CLT,ATL,Charlotte Douglas Intl,35.214,-80.9431,Hartsfield-Jackson Atlanta Intl,33.6407,-84.4277
159,1717,LAX,SFO,Los Angeles Intl,33.9416,-118.4085,San Francisco Intl,37.6213,-122.379
160,1117,ATL,SEA,Hartsfield-Jackson Atlanta Intl,33.6407,-84.4277,Seattle-Tacoma Intl,47.4502,-122.3088
161,1372,SFO,DEN,San Francisco Intl,37.6213,-122.379,Denver Intl,39.8561,-104.6737
162,2768,SFO,CLT,San Francisco Intl,37.6213,-122.379,Charlotte Douglas Intl,35.214,-80.9431
163,370,LAS,PHX,Las Vegas McCarran Intl,36.084,-115.1537,Phoenix Sky Harbor Intl,33.4342,-112.0116
164,1546,SEA,DEN,Seattle-Tacoma Intl,47.4502,-122.3088,Denver Intl,39.8561,-104.6737
165,1023,DEN,DFW,Denver Intl,39.8561,-104.6737,Dallas/Fort Worth Intl,32.8998,-97.0403
166,3636,ORD,LAS,Chicago O’Hare Intl,41.9742,-87.9073,Las Vegas McCarran Intl,36.084,-115.1537
167,1325,CLT,JFK,Charlotte Douglas Intl,35.214,-80.9431,John F. Kennedy Intl,40.6413,-73.7781
168,2556,SEA,LAS,Seattle-Tacoma Intl,47.4502,-122.3088,Las Vegas McCarran Intl,36.084,-115.1537
169,1052,JFK,IAH,John F. Kennedy Intl,40.6413,-73.7781,George Bush Intercontinental,29.9902,-95.3368
170,773,PHX,ORD,Phoenix Sky Harbor Intl,33.4342,-112.0116,Chicago O’Hare Intl,41.9742,-87.9073
171,447,ORD,MIA,Chicago O’Hare Intl,41.9742,-87.9073,Miami Intl,25.7959,-80.287
172,462,ATL,CLT,Hartsfield-Jackson Atlanta Intl,33.6407,-84.4277,Charlotte Douglas Intl,35.214,-80.9431
173,361,ORD,PHX,Chicago O’Hare Intl,41.9742,-87.9073,Phoenix Sky Harbor Intl,33.4342,-112.0116
174,125,DEN,LAS,Denver Intl,39.8561,-104.6737,Las Vegas McCarran Intl,36.084,-115.1537
175,271,MSP,SFO,Minneapolis–Saint Paul Intl,44.883,-93.21,San Francisco Intl,37.6213,-122.379
176,173,LAS,ATL,Las Vegas McCarran Intl,36.084,-115.1537,Hartsfield-Jackson Atlanta Intl,33.6407,-84.4277
177,1950,ORD,MSP,Chicago O’Hare Intl,41.9742,-87.9073,Minneapolis–Saint Paul Intl,44.883,-93.21
178,153,ATL,IAH,Hartsfield-Jackson Atlanta Intl,33.6407,-84.4277,George Bush Intercontinental,29.9902,-95.3368
179,3732,DEN,SFO,Denver Intl,39.8561,-104.6737,San Francisco Intl,37.6213,-122.379
180,3854,BOS,DEN,Boston Logan Intl,42.3656,-71.0096,Denver Intl,39.8561,-104.6737
181,977,SFO,DEN,San Francisco Intl,37.6213,-122.379,Denver Intl,39.8561,-104.6737
182,3073,MSP,LAS,Minneapolis–Saint Paul Intl,44.883,-93.21,Las Vegas McCarran Intl,36.084,-115.1537
183,1379,LAS,IAH,Las Vegas McCarran Intl,36.084,-115.1537,George Bush Intercontinental,29.9902,-95.3368
184,631,SFO,LAX,San Francisco Intl,37.6213,-122.379,Los Angeles Intl,33.9416,-118.4085
185,666,PHX,DFW,Phoenix Sky Harbor Intl,33.4342,-112.0116,Dallas/Fort Worth Intl,32.8998,-97.0403
186,2820,MIA,CLT,Miami Intl,25.7959,-80.287,Charlotte Douglas Intl,35.214,-80.9431
187,577,MSP,JFK,Minneapolis–Saint Paul Intl,44.883,-93.21,John F. Kennedy Intl,40.6413,-73.7781
188,2808,MSP,BOS,Minneapolis–Saint Paul Intl,44.883,-93.21,Boston Logan Intl,42.3656,-71.0096
189,2172,BOS,MSP,Boston Logan Intl,42.3656,-71.0096,Minneapolis–Saint Paul Intl,44.883,-93.21
190,109,BOS,PHX,Boston Logan Intl,42.3656,-71.0096,Phoenix Sky Harbor Intl,33.4342,-112.0116
191,1749,CLT,SFO,Charlotte Douglas Intl,35.214,-80.9431,San Francisco Intl,37.6213,-122.379
192,3753,IAH,PHX,George Bush Intercontinental,29.9902,-95.3368,Phoenix Sky Harbor Intl,33.4342,-112.0116
193,368,ORD,DEN,Chicago O’Hare Intl,41.9742,-87.9073,Denver Intl,39.8561,-104.6737
194,1448,MSP,MIA,Minneapolis–Saint Paul Intl,44.883,-93.21,Miami Intl,25.7959,-80.287
195,1127,SFO,ORD,San Francisco Intl,37.6213,-122.379,Chicago O’Hare Intl,41.9742,-87.9073
196,545,ATL,DFW,Hartsfield-Jackson Atlanta Intl,33.6407,-84.4277,Dallas/Fort Worth Intl,32.8998,-97.0403
197,3238,DFW,PHX,Dallas/Fort Worth Intl,32.8998,-97.0403,Phoenix Sky Harbor Intl,33.4342,-112.0116
198,2466,IAH,MIA,George Bush Intercontinental,29.9902,-95.3368,Miami Intl,25.7959,-80.287
199,2715,DFW,CLT,Dallas/Fort Worth Intl,32.8998,-97.0403,Charlotte Douglas Intl,35.214,-80.9431
200,1608,LAS,LAX,Las Vegas McCarran Intl,36.084,-115.1537,Los Angeles Intl,33.9416,-118.4085
201,3004,DEN,BOS,Denver Intl,39.8561,-104.6737,Boston Logan Intl,42.3656,-71.0096
202,980,SFO,LAS,San Francisco Intl,37.6213,-122.379,Las Vegas McCarran Intl,36.084,-115.1537
203,1462,SFO,LAS,San Francisco Intl,37.6213,-122.379,Las Vegas McCarran Intl,36.084,-115.1537
204,1521,IAH,DEN,George Bush Intercontinental,29.9902,-95.3368,Denver Intl,39.8561,-104.6737
205,862,MSP,ORD,Minneapolis–Saint Paul Intl,44.883,-93.21,Chicago O’Hare Intl,41.9742,-87.9073
206,1833,PHX,IAH,Phoenix Sky Harbor Intl,33.4342,-112.0116,George Bush Intercontinental,29.9902,-95.3368
207,2398,IAH,CLT,George Bush Intercontinental,29.9902,-95.3368,Charlotte Douglas Intl,35.214,-80.9431
208,1722,DFW,IAH,Dallas/Fort Worth Intl,32.8998,-97.0403,George Bush Intercontinental,29.9902,-95.3368
209,163,IAH,MIA,George Bush Intercontinental,29.9902,-95.3368,Miami Intl,25.7959,-80.287
210,395,SFO,DFW,San Francisco Intl,37.6213,-122.379,Dallas/Fort Worth Intl,32.8998,-97.0403
211,3095,PHX,JFK,Phoenix Sky Harbor Intl,33.4342,-112.0116,John F. Kennedy Intl,40.6413,-73.7781
212,738,ORD,LAX,Chicago O’Hare Intl,41.9742,-87.9073,Los Angeles Intl,33.9416,-118.4085
213,226,JFK,ATL,John F. Kennedy Intl,40.6413,-73.7781,Hartsfield-Jackson Atlanta Intl,33.6407,-84.4277
214,1943,CLT,ORD,Charlotte Douglas Intl,35.214,-80.9431,Chicago O’Hare Intl,41.9742,-87.9073
215,2371,LAX,CLT,Los Angeles Intl,33.9416,-118.4085,Charlotte Douglas Intl,35.214,-80.9431
216,493,BOS,CLT,Boston Logan Intl,42.3656,-71.0096,Charlotte Douglas Intl,35.214,-80.9431
217,925,IAH,MIA,George Bush Intercontinental,29.9902,-95.3368,Miami Intl,25.7959,-80.287
218,405,LAS,PHX,Las Vegas McCarran Intl,36.084,-115.1537,Phoenix Sky Harbor Intl,33.4342,-112.0116
219,1055,MIA,LAX,Miami Intl,25.7959,-80.287,Los Angeles Intl,33.9416,-118.4085
220,305,DEN,MSP,Denver Intl,39.8561,-104.6737,Minneapolis–Saint Paul Intl,44.883,-93.21
221,589,JFK,CLT,John F. Kennedy Intl,40.6413,-73.7781,Charlotte Douglas Intl,35.214,-80.9431
222,1587,CLT,JFK,Charlotte Douglas Intl,35.214,-80.9431,John F. Kennedy Intl,40.6413,-73.7781
223,3090,CLT,MIA,Charlotte Douglas Intl,35.214,-80.9431,Miami Intl,25.7959,-80.287
224,804,CLT,DEN,Charlotte Douglas Intl,35.214,-80.9431,Denver Intl,39.8561,-104.6737
225,67,CLT,SEA,Charlotte Douglas Intl,35.214,-80.9431,Seattle-Tacoma Intl,47.4502,-122.3088
226,2809,DFW,LAX,Dallas/Fort Worth Intl,32.8998,-97.0403,Los Angeles Intl,33.9416,-118.4085
227,552,LAS,JFK,Las Vegas McCarran Intl,36.084,-115.1537,John F. Kennedy Intl,40.6413,-73.7781
228,356,LAS,ORD,Las Vegas McCarran Intl,36.084,-115.1537,Chicago O’Hare Intl,41.9742,-87.9073
229,119,PHX,CLT,Phoenix Sky Harbor Intl,33.4342,-112.0116,Charlotte Douglas Intl,35.214,-80.9431
230,1545,BOS,CLT,Boston Logan Intl,42.3656,-71.0096,Charlotte Douglas Intl,35.214,-80.9431
231,1801,SFO,LAS,San Francisco Intl,37.6213,-122.379,Las Vegas McCarran Intl,36.084,-115.1537
232,1658,CLT,BOS,Charlotte Douglas Intl,35.214,-80.9431,Boston Logan Intl,42.3656,-71.0096
233,114,MIA,DEN,Miami Intl,25.7959,-80.287,Denver Intl,39.8561,-104.6737
234,128,SFO,CLT,San Francisco Intl,37.6213,-122.379,Charlotte Douglas Intl,35.214,-80.9431
235,813,LAS,SEA,Las Vegas McCarran Intl,36.084,-115.1537,Seattle-Tacoma Intl,47.4502,-122.3088
236,1508,ATL,BOS,Hartsfield-Jackson Atlanta Intl,33.6407,-84.4277,Boston Logan Intl,42.3656,-71.0096
237,89,ATL,LAS,Hartsfield-Jackson Atlanta Intl,33.6407,-84.4277,Las Vegas McCarran Intl,36.084,-115.1537
238,2828,MIA,ATL,Miami Intl,25.7959,-80.287,Hartsfield-Jackson Atlanta Intl,33.6407,-84.4277
239,3131,PHX,DEN,Phoenix Sky Harbor Intl,33.4342,-112.0116,Denver Intl,39.8561,-104.6737
240,718,LAS,ORD,Las Vegas McCarran Intl,36.084,-115.1537,Chicago O’Hare Intl,41.9742,-87.9073
241,1959,MIA,DFW,Miami Intl,25.7959,-80.287,Dallas/Fort Worth Intl,32.8998,-97.0403
242,3496,DFW,LAX,Dallas/Fort Worth Intl,32.8998,-97.0403,Los Angeles Intl,33.9416,-118.4085
243,2300,IAH,MIA,George Bush Intercontinental,29.9902,-95.3368,Miami Intl,25.7959,-80.287
244,2845,MIA,ORD,Miami Intl,25.7959,-80.287,Chicago O’Hare Intl,41.9742,-87.9073
245,580,ORD,MSP,Chicago O’Hare Intl,41.9742,-87.9073,Minneapolis–Saint Paul Intl,44.883,-93.21
246,735,SFO,LAX,San Francisco Intl,37.6213,-122.379,Los Angeles Intl,33.9416,-118.4085
247,1201,JFK,BOS,John F. Kennedy Intl,40.6413,-73.7781,Boston Logan Intl,42.3656,-71.0096
248,1072,SEA,PHX,Seattle-Tacoma Intl,47.4502,-122.3088,Phoenix Sky Harbor Intl,33.4342,-112.0116
249,733,PHX,MIA,Phoenix Sky Harbor Intl,33.4342,-112.0116,Miami Intl,25.7959,-80.287
250,1075,MIA,SFO,Miami Intl,25.7959,-80.287,San Francisco Intl,37.6213,-122.379
251,2586,LAS,JFK,Las Vegas McCarran Intl,36.084,-115.1537,John F. Kennedy Intl,40.6413,-73.7781
252,140,DEN,ATL,Denver Intl,39.8561,-104.6737,Hartsfield-Jackson Atlanta Intl,33.6407,-84.4277
253,903,ATL,DEN,Hartsfield-Jackson Atlanta Intl,33.6407,-84.4277,Denver Intl,39.8561,-104.6737
254,2423,ORD,CLT,Chicago O’Hare Intl,41.9742,-87.9073,Charlotte Douglas Intl,35.214,-80.9431
255,3130,BOS,PHX,Boston Logan Intl,42.3656,-71.0096,Phoenix Sky Harbor Intl,33.4342,-112.0116
256,2198,CLT,LAS,Charlotte Douglas Intl,35.214,-80.9431,Las Vegas McCarran Intl,36.084,-115.1537
257,685,SEA,MSP,Seattle-Tacoma Intl,47.4502,-122.3088,Minneapolis–Saint Paul Intl,44.883,-93.21
258,1208,MSP,PHX,Minneapolis–Saint Paul Intl,44.883,-93.21,Phoenix Sky Harbor Intl,33.4342,-112.0116
259,2789,PHX,ORD,Phoenix Sky Harbor Intl,33.4342,-112.0116,Chicago O’Hare Intl,41.9742,-87.9073
260,3305,JFK,ATL,John F. Kennedy Intl,40.6413,-73.7781,Hartsfield-Jackson Atlanta Intl,33.6407,-84.4277
261,3712,SEA,DFW,Seattle-Tacoma Intl,47.4502,-122.3088,Dallas/Fort Worth Intl,32.8998,-97.0403
262,1431,MIA,IAH,Miami Intl,25.7959,-80.287,George Bush Intercontinental,29.9902,-95.3368
263,255,DFW,LAX,Dallas/Fort Worth Intl,32.8998,-97.0403,Los Angeles Intl,33.9416,-118.4085
264,3720,ATL,LAX,Hartsfield-Jackson Atlanta Intl,33.6407,-84.4277,Los Angeles Intl,33.9416,-118.4085
265,1107,LAS,ORD,Las Vegas McCarran Intl,36.084,-115.1537,Chicago O’Hare Intl,41.9742,-87.9073
266,2999,ATL,SEA,Hartsfield-Jackson Atlanta Intl,33.6407,-84.4277,Seattle-Tacoma Intl,47.4502,-122.3088
267,2438,BOS,SEA,Boston Logan Intl,42.3656,-71.0096,Seattle-Tacoma Intl,47.4502,-122.3088
268,156,DFW,CLT,Dallas/Fort Worth Intl,32.8998,-97.0403,Charlotte Douglas Intl,35.214,-80.9431
269,3665,CLT,MSP,Charlotte Douglas Intl,35.214,-80.9431,Minneapolis–Saint Paul Intl,44.883,-93.21
270,2917,LAS,SFO,Las Vegas McCarran Intl,36.084,-115.1537,San Francisco Intl,37.6213,-122.379
271,1235,SFO,JFK,San Francisco Intl,37.6213,-122.379,John F. Kennedy Intl,40.6413,-73.7781
272,1500,LAX,MIA,Los Angeles Intl,33.9416,-118.4085,Miami Intl,25.7959,-80.287
273,468,ORD,DFW,Chicago O’Hare Intl,41.9742,-87.9073,Dallas/Fort Worth Intl,32.8998,-97.0403
274,1609,ATL,CLT,Hartsfield-Jackson Atlanta Intl,33.6407,-84.4277,Charlotte Douglas Intl,35.214,-80.9431
275,413,DEN,ATL,Denver Intl,39.8561,-104.6737,Hartsfield-Jackson Atlanta Intl,33.6407,-84.4277
276,387,ATL,SEA,Hartsfield-Jackson Atlanta Intl,33.6407,-84.4277,Seattle-Tacoma Intl,47.4502,-122.3088
277,1087,SEA,SFO,Seattle-Tacoma Intl,47.4502,-122.3088,San Francisco Intl,37.6213,-122.379
278,323,ATL,SFO,Hartsfield-Jackson Atlanta Intl,33.6407,-84.4277,San Francisco Intl,37.6213,-122.379
279,282,PHX,MSP,Phoenix Sky Harbor Intl,33.4342,-112.0116,Minneapolis–Saint Paul Intl,44.883,-93.21
280,1721,ATL,ORD,Hartsfield-Jackson Atlanta Intl,33.6407,-84.4277,Chicago O’Hare Intl,41.9742,-87.9073
281,948,LAX,DFW,Los Angeles Intl,33.9416,-118.4085,Dallas/Fort Worth Intl,32.8998,-97.0403
282,1707,LAX,BOS,Los Angeles Intl,33.9416,-118.4085,Boston Logan Intl,42.3656,-71.0096
283,369,CLT,MIA,Charlotte Douglas Intl,35.214,-80.9431,Miami Intl,25.7959,-80.287
284,1188,JFK,MSP,John F. Kennedy Intl,40.6413,-73.7781,Minneapolis–Saint Paul Intl,44.883,-93.21
285,1005,SFO,JFK,San Francisco Intl,37.6213,-122.379,John F. Kennedy Intl,40.6413,-73.7781
286,1870,DEN,MSP,Denver Intl,39.8561,-104.6737,Minneapolis–Saint Paul Intl,44.883,-93.21
287,896,ATL,MSP,Hartsfield-Jackson Atlanta Intl,33.6407,-84.4277,Minneapolis–Saint Paul Intl,44.883,-93.21
288,429,ATL,DEN,Hartsfield-Jackson Atlanta Intl,33.6407,-84.4277,Denver Intl,39.8561,-104.6737
289,1796,ORD,LAX,Chicago O’Hare Intl,41.9742,-87.9073,Los Angeles Intl,33.9416,-118.4085
290,842,LAS,MIA,Las Vegas McCarran Intl,36.084,-115.1537,Miami Intl,25.7959,-80.287
291,327,LAX,DEN,Los Angeles Intl,33.9416,-118.4085,Denver Intl,39.8561,-104.6737
292,432,DEN,ATL,Denver Intl,39.8561,-104.6737,Hartsfield-Jackson Atlanta Intl,33.6407,-84.4277
293,1877,CLT,LAS,Charlotte Douglas Intl,35.214,-80.9431,Las Vegas McCarran Intl,36.084,-115.1537
294,1123,BOS,DFW,Boston Logan Intl,42.3656,-71.0096,Dallas/Fort Worth Intl,32.8998,-97.0403
295,2454,JFK,LAS,John F. Kennedy Intl,40.6413,-73.7781,Las Vegas McCarran Intl,36.084,-115.1537
296,270,SFO,DFW,San Francisco Intl,37.6213,-122.379,Dallas/Fort Worth Intl,32.8998,-97.0403
297,1825,DFW,CLT,Dallas/Fort Worth Intl,32.8998,-97.0403,Charlotte Douglas Intl,35.214,-80.9431
298,191,SFO,ATL,San Francisco Intl,37.6213,-122.379,Hartsfield-Jackson Atlanta Intl,33.6407,-84.4277
299,679,PHX,SFO,Phoenix Sky Harbor Intl,33.4342,-112.0116,San Francisco Intl,37.6213,-122.379
300,812,SEA,MIA,Seattle-Tacoma Intl,47.4502,-122.3088,Miami Intl,25.7959,-80.287
301,1056,PHX,ORD,Phoenix Sky Harbor Intl,33.4342,-112.0116,Chicago O’Hare Intl,41.9742,-87.9073
302,101,ATL,CLT,Hartsfield-Jackson Atlanta Intl,33.6407,-84.4277,Charlotte Douglas Intl,35.214,-80.9431
303,73,MSP,IAH,Minneapolis–Saint Paul Intl,44.883,-93.21,George Bush Intercontinental,29.9902,-95.3368
304,936,JFK,MSP,John F. Kennedy Intl,40.6413,-73.7781,Minneapolis–Saint Paul Intl,44.883,-93.21
305,287,SEA,LAX,Seattle-Tacoma Intl,47.4502,-122.3088,Los Angeles Intl,33.9416,-118.4085
306,2027,DEN,ORD,Denver Intl,39.8561,-104.6737,Chicago O’Hare Intl,41.9742,-87.9073
307,1814,DFW,ATL,Dallas/Fort Worth Intl,32.8998,-97.0403,Hartsfield-Jackson Atlanta Intl,33.6407,-84.4277
308,2993,LAX,JFK,Los Angeles Intl,33.9416,-118.4085,John F. Kennedy Intl,40.6413,-73.7781
309,2632,JFK,PHX,John F. Kennedy Intl,40.6413,-73.7781,Phoenix Sky Harbor Intl,33.4342,-112.0116
310,199,JFK,PHX,John F. Kennedy Intl,40.6413,-73.7781,Phoenix Sky Harbor Intl,33.4342,-112.0116
311,802,PHX,SFO,Phoenix Sky Harbor Intl,33.4342,-112.0116,San Francisco Intl,37.6213,-122.379
312,581,MSP,PHX,Minneapolis–Saint Paul Intl,44.883,-93.21,Phoenix Sky Harbor Intl,33.4342,-112.0116
313,1938,ATL,PHX,Hartsfield-Jackson Atlanta Intl,33.6407,-84.4277,Phoenix Sky Harbor Intl,33.4342,-112.0116
314,174,MIA,LAX,Miami Intl,25.7959,-80.287,Los Angeles Intl,33.9416,-118.4085
315,1821,CLT,SEA,Charlotte Douglas Intl,35.214,-80.9431,Seattle-Tacoma Intl,47.4502,-122.3088
316,1437,PHX,LAS,Phoenix Sky Harbor Intl,33.4342,-112.0116,Las Vegas McCarran Intl,36.084,-115.1537
317,3995,JFK,LAX,John F. Kennedy Intl,40.6413,-73.7781,Los Angeles Intl,33.9416,-118.4085
318,1488,IAH,LAS,George Bush Intercontinental,29.9902,-95.3368,Las Vegas McCarran Intl,36.084,-115.1537
319,1892,ORD,DFW,Chicago O’Hare Intl,41.9742,-87.9073,Dallas/Fort Worth Intl,32.8998,-97.0403
320,502,DFW,DEN,Dallas/Fort Worth Intl,32.8998,-97.0403,Denver Intl,39.8561,-104.6737
321,2491,CLT,SEA,Charlotte Douglas Intl,35.214,-80.9431,Seattle-Tacoma Intl,47.4502,-122.3088
322,944,PHX,LAS,Phoenix Sky Harbor Intl,33.4342,-112.0116,Las Vegas McCarran Intl,36.084,-115.1537
323,496,DFW,ORD,Dallas/Fort Worth Intl,32.8998,-97.0403,Chicago O’Hare Intl,41.9742,-87.9073
324,329,ORD,IAH,Chicago O’Hare Intl,41.9742,-87.9073,George Bush Intercontinental,29.9902,-95.3368
325,402,BOS,LAS,Boston Logan Intl,42.3656,-71.0096,Las Vegas McCarran Intl,36.084,-115.1537
326,3946,ORD,MSP,Chicago O’Hare Intl,41.9742,-87.9073,Minneapolis–Saint Paul Intl,44.883,-93.21
327,2133,MSP,LAS,Minneapolis–Saint Paul Intl,44.883,-93.21,Las Vegas McCarran Intl,36.084,-115.1537
328,192,ORD,PHX,Chicago O’Hare Intl,41.9742,-87.9073,Phoenix Sky Harbor Intl,33.4342,-112.0116
329,491,DFW,SFO,Dallas/Fort Worth Intl,32.8998,-97.0403,San Francisco Intl,37.6213,-122.379
330,1120,SFO,ATL,San Francisco Intl,37.6213,-122.379,Hartsfield-Jackson Atlanta Intl,33.6407,-84.4277
331,1440,DFW,MIA,Dallas/Fort Worth Intl,32.8998,-97.0403,Miami Intl,25.7959,-80.287
332,451,MIA,SEA,Miami Intl,25.7959,-80.287,Seattle-Tacoma Intl,47.4502,-122.3088
333,798,ATL,SEA,Hartsfield-Jackson Atlanta Intl,33.6407,-84.4277,Seattle-Tacoma Intl,47.4502,-122.3088
334,3607,SEA,LAS,Seattle-Tacoma Intl,47.4502,-122.3088,Las Vegas McCarran Intl,36.084,-115.1537
335,1096,SFO,BOS,San Francisco Intl,37.6213,-122.379,Boston Logan Intl,42.3656,-71.0096
336,373,LAX,JFK,Los Angeles Intl,33.9416,-118.4085,John F. Kennedy Intl,40.6413,-73.7781
337,2542,SEA,SFO,Seattle-Tacoma Intl,47.4502,-122.3088,San Francisco Intl,37.6213,-122.379
338,907,ATL,JFK,Hartsfield-Jackson Atlanta Intl,33.6407,-84.4277,John F. Kennedy Intl,40.6413,-73.7781
339,1258,PHX,MIA,Phoenix Sky Harbor Intl,33.4342,-112.0116,Miami Intl,25.7959,-80.287
340,1399,CLT,ORD,Charlotte Douglas Intl,35.214,-80.9431,Chicago O’Hare Intl,41.9742,-87.9073
341,3245,MIA,LAS,Miami Intl,25.7959,-80.287,Las Vegas McCarran Intl,36.084,-115.1537
342,677,MIA,ORD,Miami Intl,25.7959,-80.287,Chicago O’Hare Intl,41.9742,-87.9073
343,1616,LAX,ORD,Los Angeles Intl,33.9416,-118.4085,Chicago O’Hare Intl,41.9742,-87.9073
344,285,SFO,BOS,San Francisco Intl,37.6213,-122.379,Boston Logan Intl,42.3656,-71.0096
345,1189,MSP,ORD,Minneapolis–Saint Paul Intl,44.883,-93.21,Chicago O’Hare Intl,41.9742,-87.9073
346,1021,LAS,MIA,Las Vegas McCarran Intl,36.084,-115.1537,Miami Intl,25.7959,-80.287
347,2442,BOS,CLT,Boston Logan Intl,42.3656,-71.0096,Charlotte Douglas Intl,35.214,-80.9431
348,918,ORD,DFW,Chicago O’Hare Intl,41.9742,-87.9073,Dallas/Fort Worth Intl,32.8998,-97.0403
349,459,SFO,IAH,San Francisco Intl,37.6213,-122.379,George Bush Intercontinental,29.9902,-95.3368
350,569,CLT,SFO,Charlotte Douglas Intl,35.214,-80.9431,San Francisco Intl,37.6213,-122.379
351,3991,BOS,LAS,Boston Logan Intl,42.3656,-71.0096,Las Vegas McCarran Intl,36.084,-115.1537
352,1173,MIA,MSP,Miami Intl,25.7959,-80.287,Minneapolis–Saint Paul Intl,44.883,-93.21
353,236,DFW,MIA,Dallas/Fort Worth Intl,32.8998,-97.0403,Miami Intl,25.7959,-80.287
354,134,CLT,PHX,Charlotte Douglas Intl,35.214,-80.9431,Phoenix Sky Harbor Intl,33.4342,-112.0116
355,647,ATL,CLT,Hartsfield-Jackson Atlanta Intl,33.6407,-84.4277,Charlotte Douglas Intl,35.214,-80.9431
356,654,LAX,SFO,Los Angeles Intl,33.9416,-118.4085,San Francisco Intl,37.6213,-122.379
357,2623,ATL,MIA,Hartsfield-Jackson Atlanta Intl,33.6407,-84.4277,Miami Intl,25.7959,-80.287
358,209,LAS,CLT,Las Vegas McCarran Intl,36.084,-115.1537,Charlotte Douglas Intl,35.214,-80.9431
359,257,CLT,ORD,Charlotte Douglas Intl,35.214,-80.9431,Chicago O’Hare Intl,41.9742,-87.9073
360,1629,DEN,MSP,Denver Intl,39.8561,-104.6737,Minneapolis–Saint Paul Intl,44.883,-93.21
361,2201,DEN,DFW,Denver Intl,39.8561,-104.6737,Dallas/Fort Worth Intl,32.8998,-97.0403
362,836,PHX,LAS,Phoenix Sky Harbor Intl,33.4342,-112.0116,Las Vegas McCarran Intl,36.084,-115.1537
363,3081,SFO,SEA,San Francisco Intl,37.6213,-122.379,Seattle-Tacoma Intl,47.4502,-122.3088
364,859,MIA,JFK,Miami Intl,25.7959,-80.287,John F. Kennedy Intl,40.6413,-73.7781
365,399,MIA,DEN,Miami Intl,25.7959,-80.287,Denver Intl,39.8561,-104.6737
366,632,ORD,IAH,Chicago O’Hare Intl,41.9742,-87.9073,George Bush Intercontinental,29.9902,-95.3368
367,3626,ORD,DFW,Chicago O’Hare Intl,41.9742,-87.9073,Dallas/Fort Worth Intl,32.8998,-97.0403
368,833,ORD,SEA,Chicago O’Hare Intl,41.9742,-87.9073,Seattle-Tacoma Intl,47.4502,-122.3088
369,1288,DFW,ATL,Dallas/Fort Worth Intl,32.8998,-97.0403,Hartsfield-Jackson Atlanta Intl,33.6407,-84.4277
370,2163,SEA,LAS,Seattle-Tacoma Intl,47.4502,-122.3088,Las Vegas McCarran Intl,36.084,-115.1537
371,645,JFK,MIA,John F. Kennedy Intl,40.6413,-73.7781,Miami Intl,25.7959,-80.287
372,515,SEA,ATL,Seattle-Tacoma Intl,47.4502,-122.3088,Hartsfield-Jackson Atlanta Intl,33.6407,-84.4277
373,3767,ATL,SEA,Hartsfield-Jackson Atlanta Intl,33.6407,-84.4277,Seattle-Tacoma Intl,47.4502,-122.3088
374,288,SEA,DFW,Seattle-Tacoma Intl,47.4502,-122.3088,Dallas/Fort Worth Intl,32.8998,-97.0403
375,1024,DFW,MIA,Dallas/Fort Worth Intl,32.8998,-97.0403,Miami Intl,25.7959,-80.287
376,3185,PHX,LAS,Phoenix Sky Harbor Intl,33.4342,-112.0116,Las Vegas McCarran Intl,36.084,-115.1537
377,2974,ATL,PHX,Hartsfield-Jackson Atlanta Intl,33.6407,-84.4277,Phoenix Sky Harbor Intl,33.4342,-112.0116
378,2981,SEA,DEN,Seattle-Tacoma Intl,47.4502,-122.3088,Denver Intl,39.8561,-104.6737
379,1428,DFW,ORD,Dallas/Fort Worth Intl,32.8998,-97.0403,Chicago O’Hare Intl,41.9742,-87.9073
380,3482,JFK,MIA,John F. Kennedy Intl,40.6413,-73.7781,Miami Intl,25.7959,-80.287
381,391,SEA,PHX,Seattle-Tacoma Intl,47.4502,-122.3088,Phoenix Sky Harbor Intl,33.4342,-112.0116
382,3744,DFW,LAS,Dallas/Fort Worth Intl,32.8998,-97.0403,Las Vegas McCarran Intl,36.084,-115.1537
383,1558,LAS,MSP,Las Vegas McCarran Intl,36.084,-115.1537,Minneapolis–Saint Paul Intl,44.883,-93.21
384,1389,ORD,MIA,Chicago O’Hare Intl,41.9742,-87.9073,Miami Intl,25.7959,-80.287
385,1947,LAS,DFW,Las Vegas McCarran Intl,36.084,-115.1537,Dallas/Fort Worth Intl,32.8998,-97.0403
386,776,MIA,PHX,Miami Intl,25.7959,-80.287,Phoenix Sky Harbor Intl,33.4342,-112.0116
387,3536,ORD,DFW,Chicago O’Hare Intl,41.9742,-87.9073,Dallas/Fort Worth Intl,32.8998,-97.0403
388,414,MIA,CLT,Miami Intl,25.7959,-80.287,Charlotte Douglas Intl,35.214,-80.9431
389,3165,IAH,SEA,George Bush Intercontinental,29.9902,-95.3368,Seattle-Tacoma Intl,47.4502,-122.3088
390,1600,LAX,DEN,Los Angeles Intl,33.9416,-118.4085,Denver Intl,39.8561,-104.6737
391,3605,LAS,MIA,Las Vegas McCarran Intl,36.084,-115.1537,Miami Intl,25.7959,-80.287
392,247,LAX,IAH,Los Angeles Intl,33.9416,-118.4085,George Bush Intercontinental,29.9902,-95.3368
393,3692,LAX,LAS,Los Angeles Intl,33.9416,-118.4085,Las Vegas McCarran Intl,36.084,-115.1537
394,3979,JFK,SFO,John F. Kennedy Intl,40.6413,-73.7781,San Francisco Intl,37.6213,-122.379
395,3546,ORD,MIA,Chicago O’Hare Intl,41.9742,-87.9073,Miami Intl,25.7959,-80.287
396,177,IAH,SEA,George Bush Intercontinental,29.9902,-95.3368,Seattle-Tacoma Intl,47.4502,-122.3088
397,2378,MIA,MSP,Miami Intl,25.7959,-80.287,Minneapolis–Saint Paul Intl,44.883,-93.21
398,228,DFW,MSP,Dallas/Fort Worth Intl,32.8998,-97.0403,Minneapolis–Saint Paul Intl,44.883,-93.21
399,251,ATL,SFO,Hartsfield-Jackson Atlanta Intl,33.6407,-84.4277,San Francisco Intl,37.6213,-122.379
400,624,DFW,IAH,Dallas/Fort Worth Intl,32.8998,-97.0403,George Bush Intercontinental,29.9902,-95.3368
401,3764,ATL,LAS,Hartsfield-Jackson Atlanta Intl,33.6407,-84.4277,Las Vegas McCarran Intl,36.084,-115.1537
402,696,LAS,ATL,Las Vegas McCarran Intl,36.084,-115.1537,Hartsfield-Jackson Atlanta Intl,33.6407,-84.4277
403,746,DEN,LAS,Denver Intl,39.8561,-104.6737,Las Vegas McCarran Intl,36.084,-115.1537
404,2930,DFW,CLT,Dallas/Fort Worth Intl,32.8998,-97.0403,Charlotte Douglas Intl,35.214,-80.9431
405,507,SEA,ORD,Seattle-Tacoma Intl,47.4502,-122.3088,Chicago O’Hare Intl,41.9742,-87.9073
406,338,SEA,PHX,Seattle-Tacoma Intl,47.4502,-122.3088,Phoenix Sky Harbor Intl,33.4342,-112.0116
407,380,SFO,LAS,San Francisco Intl,37.6213,-122.379,Las Vegas McCarran Intl,36.084,-115.1537
408,3144,ORD,LAX,Chicago O’Hare Intl,41.9742,-87.9073,Los Angeles Intl,33.9416,-118.4085
409,3714,ATL,DEN,Hartsfield-Jackson Atlanta Intl,33.6407,-84.4277,Denver Intl,39.8561,-104.6737
410,90,ATL,MSP,Hartsfield-Jackson Atlanta Intl,33.6407,-84.4277,Minneapolis–Saint Paul Intl,44.883,-93.21
411,204,CLT,DEN,Charlotte Douglas Intl,35.214,-80.9431,Denver Intl,39.8561,-104.6737
412,676,PHX,DEN,Phoenix Sky Harbor Intl,33.4342,-112.0116,Denver Intl,39.8561,-104.6737
413,1476,ORD,DFW,Chicago O’Hare Intl,41.9742,-87.9073,Dallas/Fort Worth Intl,32.8998,-97.0403
414,3677,JFK,DEN,John F. Kennedy Intl,40.6413,-73.7781,Denver Intl,39.8561,-104.6737
415,1034,SFO,ORD,San Francisco Intl,37.6213,-122.379,Chicago O’Hare Intl,41.9742,-87.9073
416,597,JFK,CLT,John F. Kennedy Intl,40.6413,-73.7781,Charlotte Douglas Intl,35.214,-80.9431
417,1635,LAS,ATL,Las Vegas McCarran Intl,36.084,-115.1537,Hartsfield-Jackson Atlanta Intl,33.6407,-84.4277
418,1236,LAS,DEN,Las Vegas McCarran Intl,36.084,-115.1537,Denver Intl,39.8561,-104.6737
419,649,JFK,IAH,John F. Kennedy Intl,40.6413,-73.7781,George Bush Intercontinental,29.9902,-95.3368
420,484,JFK,MIA,John F. Kennedy Intl,40.6413,-73.7781,Miami Intl,25.7959,-80.287
421,2279,IAH,CLT,George Bush Intercontinental,29.9902,-95.3368,Charlotte Douglas Intl,35.214,-80.9431
422,1444,ORD,MIA,Chicago O’Hare Intl,41.9742,-87.9073,Miami Intl,25.7959,-80.287
423,1846,JFK,DFW,John F. Kennedy Intl,40.6413,-73.7781,Dallas/Fort Worth Intl,32.8998,-97.0403
424,1884,SEA,ORD,Seattle-Tacoma Intl,47.4502,-122.3088,Chicago O’Hare Intl,41.9742,-87.9073
425,2256,PHX,ATL,Phoenix Sky Harbor Intl,33.4342,-112.0116,Hartsfield-Jackson Atlanta Intl,33.6407,-84.4277
426,2502,PHX,LAX,Phoenix Sky Harbor Intl,33.4342,-112.0116,Los Angeles Intl,33.9416,-118.4085
427,301,LAX,SEA,Los Angeles Intl,33.9416,-118.4085,Seattle-Tacoma Intl,47.4502,-122.3088
428,130,DEN,ATL,Denver Intl,39.8561,-104.6737,Hartsfield-Jackson Atlanta Intl,33.6407,-84.4277
429,3052,LAS,SEA,Las Vegas McCarran Intl,36.084,-115.1537,Seattle-Tacoma Intl,47.4502,-122.3088
430,2405,ATL,IAH,Hartsfield-Jackson Atlanta Intl,33.6407,-84.4277,George Bush Intercontinental,29.9902,-95.3368
431,3239,CLT,SFO,Charlotte Douglas Intl,35.214,-80.9431,San Francisco Intl,37.6213,-122.379
432,2718,MSP,MIA,Minneapolis–Saint Paul Intl,44.883,-93.21,Miami Intl,25.7959,-80.287
433,362,ATL,SEA,Hartsfield-Jackson Atlanta Intl,33.6407,-84.4277,Seattle-Tacoma Intl,47.4502,-122.3088
434,3545,DEN,CLT,Denver Intl,39.8561,-104.6737,Charlotte Douglas Intl,35.214,-80.9431
435,1698,CLT,JFK,Charlotte Douglas Intl,35.214,-80.9431,John F. Kennedy Intl,40.6413,-73.7781
436,148,IAH,CLT,George Bush Intercontinental,29.9902,-95.3368,Charlotte Douglas Intl,35.214,-80.9431
437,544,ORD,LAS,Chicago O’Hare Intl,41.9742,-87.9073,Las Vegas McCarran Intl,36.084,-115.1537
438,3011,DFW,MSP,Dallas/Fort Worth Intl,32.8998,-97.0403,Minneapolis–Saint Paul Intl,44.883,-93.21
439,783,ORD,MSP,Chicago O’Hare Intl,41.9742,-87.9073,Minneapolis–Saint Paul Intl,44.883,-93.21
440,809,ATL,MIA,Hartsfield-Jackson Atlanta Intl,33.6407,-84.4277,Miami Intl,25.7959,-80.287
441,2472,ATL,ORD,Hartsfield-Jackson Atlanta Intl,33.6407,-84.4277,Chicago O’Hare Intl,41.9742,-87.9073
442,175,CLT,BOS,Charlotte Douglas Intl,35.214,-80.9431,Boston Logan Intl,42.3656,-71.0096
443,331,CLT,DFW,Charlotte Douglas Intl,35.214,-80.9431,Dallas/Fort Worth Intl,32.8998,-97.0403
444,2243,LAS,IAH,Las Vegas McCarran Intl,36.084,-115.1537,George Bush Intercontinental,29.9902,-95.3368
445,1874,IAH,JFK,George Bush Intercontinental,29.9902,-95.3368,John F. Kennedy Intl,40.6413,-73.7781
446,1158,LAS,SEA,Las Vegas McCarran Intl,36.084,-115.1537,Seattle-Tacoma Intl,47.4502,-122.3088
447,2074,DEN,LAS,Denver Intl,39.8561,-104.6737,Las Vegas McCarran Intl,36.084,-115.1537
448,1744,JFK,ORD,John F. Kennedy Intl,40.6413,-73.7781,Chicago O’Hare Intl,41.9742,-87.9073
449,1703,ORD,JFK,Chicago O’Hare Intl,41.9742,-87.9073,John F. Kennedy Intl,40.6413,-73.7781
450,1979,CLT,DFW,Charlotte Douglas Intl,35.214,-80.9431,Dallas/Fort Worth Intl,32.8998,-97.0403
451,306,MIA,PHX,Miami Intl,25.7959,-80.287,Phoenix Sky Harbor Intl,33.4342,-112.0116
452,992,DEN,IAH,Denver Intl,39.8561,-104.6737,George Bush Intercontinental,29.9902,-95.3368
453,2077,SEA,ORD,Seattle-Tacoma Intl,47.4502,-122.3088,Chicago O’Hare Intl,41.9742,-87.9073
454,3304,IAH,DFW,George Bush Intercontinental,29.9902,-95.3368,Dallas/Fort Worth Intl,32.8998,-97.0403
455,2274,ATL,SFO,Hartsfield-Jackson Atlanta Intl,33.6407,-84.4277,San Francisco Intl,37.6213,-122.379
456,1084,LAS,SFO,Las Vegas McCarran Intl,36.084,-115.1537,San Francisco Intl,37.6213,-122.379
457,2335,DEN,CLT,Denver Intl,39.8561,-104.6737,Charlotte Douglas Intl,35.214,-80.9431
458,1851,MSP,CLT,Minneapolis–Saint Paul Intl,44.883,-93.21,Charlotte Douglas Intl,35.214,-80.9431
459,1269,ORD,DFW,Chicago O’Hare Intl,41.9742,-87.9073,Dallas/Fort Worth Intl,32.8998,-97.0403
460,965,CLT,JFK,Charlotte Douglas Intl,35.214,-80.9431,John F. Kennedy Intl,40.6413,-73.7781
461,1728,ATL,CLT,Hartsfield-Jackson Atlanta Intl,33.6407,-84.4277,Charlotte Douglas Intl,35.214,-80.9431
462,541,DFW,IAH,Dallas/Fort Worth Intl,32.8998,-97.0403,George Bush Intercontinental,29.9902,-95.3368
463,213,MSP,ORD,Minneapolis–Saint Paul Intl,44.883,-93.21,Chicago O’Hare Intl,41.9742,-87.9073
464,325,IAH,JFK,George Bush Intercontinental,29.9902,-95.3368,John F. Kennedy Intl,40.6413,-73.7781
465,253,DEN,CLT,Denver Intl,39.8561,-104.6737,Charlotte Douglas Intl,35.214,-80.9431
466,1010,SFO,LAX,San Francisco Intl,37.6213,-122.379,Los Angeles Intl,33.9416,-118.4085
467,2899,ATL,SEA,Hartsfield-Jackson Atlanta Intl,33.6407,-84.4277,Seattle-Tacoma Intl,47.4502,-122.3088
468,2093,ORD,LAX,Chicago O’Hare Intl,41.9742,-87.9073,Los Angeles Intl,33.9416,-118.4085
469,2295,LAX,PHX,Los Angeles Intl,33.9416,-118.4085,Phoenix Sky Harbor Intl,33.4342,-112.0116
470,668,MIA,SFO,Miami Intl,25.7959,-80.287,San Francisco Intl,37.6213,-122.379
471,1384,BOS,MIA,Boston Logan Intl,42.3656,-71.0096,Miami Intl,25.7959,-80.287
472,2627,MSP,ATL,Minneapolis–Saint Paul Intl,44.883,-93.21,Hartsfield-Jackson Atlanta Intl,33.6407,-84.4277
473,1644,JFK,SEA,John F. Kennedy Intl,40.6413,-73.7781,Seattle-Tacoma Intl,47.4502,-122.3088
474,200,BOS,SFO,Boston Logan Intl,42.3656,-71.0096,San Francisco Intl,37.6213,-122.379
475,1097,ORD,JFK,Chicago O’Hare Intl,41.9742,-87.9073,John F. Kennedy Intl,40.6413,-73.7781
476,472,SEA,JFK,Seattle-Tacoma Intl,47.4502,-122.3088,John F. Kennedy Intl,40.6413,-73.7781
477,745,LAS,JFK,Las Vegas McCarran Intl,36.084,-115.1537,John F. Kennedy Intl,40.6413,-73.7781
478,1394,SEA,MIA,Seattle-Tacoma Intl,47.4502,-122.3088,Miami Intl,25.7959,-80.287
479,607,LAX,IAH,Los Angeles Intl,33.9416,-118.4085,George Bush Intercontinental,29.9902,-95.3368
480,1294,MSP,ATL,Minneapolis–Saint Paul Intl,44.883,-93.21,Hartsfield-Jackson Atlanta Intl,33.6407,-84.4277
481,107,JFK,IAH,John F. Kennedy Intl,40.6413,-73.7781,George Bush Intercontinental,29.9902,-95.3368
482,1009,SFO,CLT,San Francisco Intl,37.6213,-122.379,Charlotte Douglas Intl,35.214,-80.9431
483,1303,LAX,JFK,Los Angeles Intl,33.9416,-118.4085,John F. Kennedy Intl,40.6413,-73.7781
484,628,MSP,BOS,Minneapolis–Saint Paul Intl,44.883,-93.21,Boston Logan Intl,42.3656,-71.0096
485,1517,PHX,BOS,Phoenix Sky Harbor Intl,33.4342,-112.0116,Boston Logan Intl,42.3656,-71.0096
486,2836,BOS,SEA,Boston Logan Intl,42.3656,-71.0096,Seattle-Tacoma Intl,47.4502,-122.3088
487,2350,LAX,ORD,Los Angeles Intl,33.9416,-118.4085,Chicago O’Hare Intl,41.9742,-87.9073
488,2588,BOS,CLT,Boston Logan Intl,42.3656,-71.0096,Charlotte Douglas Intl,35.214,-80.9431
489,3396,ATL,BOS,Hartsfield-Jackson Atlanta Intl,33.6407,-84.4277,Boston Logan Intl,42.3656,-71.0096
490,384,SEA,ATL,Seattle-Tacoma Intl,47.4502,-122.3088,Hartsfield-Jackson Atlanta Intl,33.6407,-84.4277
491,1788,ATL,MIA,Hartsfield-Jackson Atlanta Intl,33.6407,-84.4277,Miami Intl,25.7959,-80.287
492,427,MIA,IAH,Miami Intl,25.7959,-80.287,George Bush Intercontinental,29.9902,-95.3368
493,3349,PHX,IAH,Phoenix Sky Harbor Intl,33.4342,-112.0116,George Bush Intercontinental,29.9902,-95.3368
494,160,JFK,ATL,John F. Kennedy Intl,40.6413,-73.7781,Hartsfield-Jackson Atlanta Intl,33.6407,-84.4277
495,1741,SFO,ORD,San Francisco Intl,37.6213,-122.379,Chicago O’Hare Intl,41.9742,-87.9073
496,3092,IAH,SEA,George Bush Intercontinental,29.9902,-95.3368,Seattle-Tacoma Intl,47.4502,-122.3088
497,386,BOS,LAS,Boston Logan Intl,42.3656,-71.0096,Las Vegas McCarran Intl,36.084,-115.1537
498,2835,SFO,ORD,San Francisco Intl,37.6213,-122.379,Chicago O’Hare Intl,41.9742,-87.9073
499,3969,BOS,IAH,Boston Logan Intl,42.3656,-71.0096,George Bush Intercontinental,29.9902,-95.3368
500,2402,ORD,DFW,Chicago O’Hare Intl,41.9742,-87.9073,Dallas/Fort Worth Intl,32.8998,-97.0403
501,867,LAX,SEA,Los Angeles Intl,33.9416,-118.4085,Seattle-Tacoma Intl,47.4502,-122.3088
502,964,MIA,ATL,Miami Intl,25.7959,-80.287,Hartsfield-Jackson Atlanta Intl,33.6407,-84.4277
503,762,SEA,IAH,Seattle-Tacoma Intl,47.4502,-122.3088,George Bush Intercontinental,29.9902,-95.3368
504,2457,IAH,SEA,George Bush Intercontinental,29.9902,-95.3368,Seattle-Tacoma Intl,47.4502,-122.3088
505,2615,CLT,JFK,Charlotte Douglas Intl,35.214,-80.9431,John F. Kennedy Intl,40.6413,-73.7781
506,2253,BOS,ATL,Boston Logan Intl,42.3656,-71.0096,Hartsfield-Jackson Atlanta Intl,33.6407,-84.4277
507,1264,SFO,LAS,San Francisco Intl,37.6213,-122.379,Las Vegas McCarran Intl,36.084,-115.1537
508,2248,MIA,ATL,Miami Intl,25.7959,-80.287,Hartsfield-Jackson Atlanta Intl,33.6407,-84.4277
509,290,DFW,LAS,Dallas/Fort Worth Intl,32.8998,-97.0403,Las Vegas McCarran Intl,36.084,-115.1537
510,299,IAH,SEA,George Bush Intercontinental,29.9902,-95.3368,Seattle-Tacoma Intl,47.4502,-122.3088
511,1598,DFW,PHX,Dallas/Fort Worth Intl,32.8998,-97.0403,Phoenix Sky Harbor Intl,33.4342,-112.0116
512,411,ATL,DFW,Hartsfield-Jackson Atlanta Intl,33.6407,-84.4277,Dallas/Fort Worth Intl,32.8998,-97.0403
513,531,SEA,CLT,Seattle-Tacoma Intl,47.4502,-122.3088,Charlotte Douglas Intl,35.214,-80.9431
514,1582,LAS,ATL,Las Vegas McCarran Intl,36.084,-115.1537,Hartsfield-Jackson Atlanta Intl,33.6407,-84.4277
515,2392,LAS,BOS,Las Vegas McCarran Intl,36.084,-115.1537,Boston Logan Intl,42.3656,-71.0096
516,993,CLT,SFO,Charlotte Douglas Intl,35.214,-80.9431,San Francisco Intl,37.6213,-122.379
517,1797,ORD,DEN,Chicago O’Hare Intl,41.9742,-87.9073,Denver Intl,39.8561,-104.6737
518,1310,SFO,DEN,San Francisco Intl,37.6213,-122.379,Denver Intl,39.8561,-104.6737
519,808,MSP,ATL,Minneapolis–Saint Paul Intl,44.883,-93.21,Hartsfield-Jackson Atlanta Intl,33.6407,-84.4277
520,1723,CLT,LAS,Charlotte Douglas Intl,35.214,-80.9431,Las Vegas McCarran Intl,36.084,-115.1537
521,123,LAX,BOS,Los Angeles Intl,33.9416,-118.4085,Boston Logan Intl,42.3656,-71.0096
522,2825,LAX,PHX,Los Angeles Intl,33.9416,-118.4085,Phoenix Sky Harbor Intl,33.4342,-112.0116
523,3610,SFO,JFK,San Francisco Intl,37.6213,-122.379,John F. Kennedy Intl,40.6413,-73.7781
524,1642,MSP,LAS,Minneapolis–Saint Paul Intl,44.883,-93.21,Las Vegas McCarran Intl,36.084,-115.1537
525,1041,JFK,MIA,John F. Kennedy Intl,40.6413,-73.7781,Miami Intl,25.7959,-80.287
526,991,ORD,MIA,Chicago O’Hare Intl,41.9742,-87.9073,Miami Intl,25.7959,-80.287
527,473,MIA,SEA,Miami Intl,25.7959,-80.287,Seattle-Tacoma Intl,47.4502,-122.3088
528,608,BOS,DEN,Boston Logan Intl,42.3656,-71.0096,Denver Intl,39.8561,-104.6737
529,455,MSP,ATL,Minneapolis–Saint Paul Intl,44.883,-93.21,Hartsfield-Jackson Atlanta Intl,33.6407,-84.4277
530,3381,LAS,MIA,Las Vegas McCarran Intl,36.084,-115.1537,Miami Intl,25.7959,-80.287
531,3561,IAH,ATL,George Bush Intercontinental,29.9902,-95.3368,Hartsfield-Jackson Atlanta Intl,33.6407,-84.4277
532,1069,JFK,SEA,John F. Kennedy Intl,40.6413,-73.7781,Seattle-Tacoma Intl,47.4502,-122.3088
533,501,BOS,DEN,Boston Logan Intl,42.3656,-71.0096,Denver Intl,39.8561,-104.6737
534,421,BOS,ORD,Boston Logan Intl,42.3656,-71.0096,Chicago O’Hare Intl,41.9742,-87.9073
535,1390,JFK,PHX,John F. Kennedy Intl,40.6413,-73.7781,Phoenix Sky Harbor Intl,33.4342,-112.0116
536,266,ATL,SFO,Hartsfield-Jackson Atlanta Intl,33.6407,-84.4277,San Francisco Intl,37.6213,-122.379
537,1062,DFW,SFO,Dallas/Fort Worth Intl,32.8998,-97.0403,San Francisco Intl,37.6213,-122.379
538,1334,BOS,MIA,Boston Logan Intl,42.3656,-71.0096,Miami Intl,25.7959,-80.287
539,854,JFK,SFO,John F. Kennedy Intl,40.6413,-73.7781,San Francisco Intl,37.6213,-122.379
540,1033,MSP,IAH,Minneapolis–Saint Paul Intl,44.883,-93.21,George Bush Intercontinental,29.9902,-95.3368
541,1685,JFK,PHX,John F. Kennedy Intl,40.6413,-73.7781,Phoenix Sky Harbor Intl,33.4342,-112.0116
542,2088,PHX,LAS,Phoenix Sky Harbor Intl,33.4342,-112.0116,Las Vegas McCarran Intl,36.084,-115.1537
543,1576,CLT,ORD,Charlotte Douglas Intl,35.214,-80.9431,Chicago O’Hare Intl,41.9742,-87.9073
544,3802,DEN,PHX,Denver Intl,39.8561,-104.6737,Phoenix Sky Harbor Intl,33.4342,-112.0116
545,650,ATL,IAH,Hartsfield-Jackson Atlanta Intl,33.6407,-84.4277,George Bush Intercontinental,29.9902,-95.3368
546,223,SEA,MSP,Seattle-Tacoma Intl,47.4502,-122.3088,Minneapolis–Saint Paul Intl,44.883,-93.21
547,986,DEN,LAS,Denver Intl,39.8561,-104.6737,Las Vegas McCarran Intl,36.084,-115.1537
548,868,CLT,IAH,Charlotte Douglas Intl,35.214,-80.9431,George Bush Intercontinental,29.9902,-95.3368
549,1237,CLT,ATL,Charlotte Douglas Intl,35.214,-80.9431,Hartsfield-Jackson Atlanta Intl,33.6407,-84.4277
550,110,CLT,SEA,Charlotte Douglas Intl,35.214,-80.9431,Seattle-Tacoma Intl,47.4502,-122.3088
551,749,DEN,CLT,Denver Intl,39.8561,-104.6737,Charlotte Douglas Intl,35.214,-80.9431
552,1154,SFO,ORD,San Francisco Intl,37.6213,-122.379,Chicago O’Hare Intl,41.9742,-87.9073
553,145,DFW,CLT,Dallas/Fort Worth Intl,32.8998,-97.0403,Charlotte Douglas Intl,35.214,-80.9431
554,1197,JFK,SEA,John F. Kennedy Intl,40.6413,-73.7781,Seattle-Tacoma Intl,47.4502,-122.3088
555,2450,IAH,SEA,George Bush Intercontinental,29.9902,-95.3368,Seattle-Tacoma Intl,47.4502,-122.3088
556,1966,DFW,IAH,Dallas/Fort Worth Intl,32.8998,-97.0403,George Bush Intercontinental,29.9902,-95.3368
557,3664,LAS,DEN,Las Vegas McCarran Intl,36.084,-115.1537,Denver Intl,39.8561,-104.6737
558,1039,MSP,IAH,Minneapolis–Saint Paul Intl,44.883,-93.21,George Bush Intercontinental,29.9902,-95.3368
559,1937,ORD,CLT,Chicago O’Hare Intl,41.9742,-87.9073,Charlotte Douglas Intl,35.214,-80.9431
560,434,SFO,IAH,San Francisco Intl,37.6213,-122.379,George Bush Intercontinental,29.9902,-95.3368
561,294,SEA,ATL,Seattle-Tacoma Intl,47.4502,-122.3088,Hartsfield-Jackson Atlanta Intl,33.6407,-84.4277
562,2818,DFW,IAH,Dallas/Fort Worth Intl,32.8998,-97.0403,George Bush Intercontinental,29.9902,-95.3368
563,74,IAH,BOS,George Bush Intercontinental,29.9902,-95.3368,Boston Logan Intl,42.3656,-71.0096
564,3538,LAX,SFO,Los Angeles Intl,33.9416,-118.4085,San Francisco Intl,37.6213,-122.379
565,2583,CLT,ATL,Charlotte Douglas Intl,35.214,-80.9431,Hartsfield-Jackson Atlanta Intl,33.6407,-84.4277
566,1621,BOS,LAS,Boston Logan Intl,42.3656,-71.0096,Las Vegas McCarran Intl,36.084,-115.1537
567,3247,LAS,DEN,Las Vegas McCarran Intl,36.084,-115.1537,Denver Intl,39.8561,-104.6737
568,860,ORD,SEA,Chicago O’Hare Intl,41.9742,-87.9073,Seattle-Tacoma Intl,47.4502,-122.3088
569,1565,ATL,MIA,Hartsfield-Jackson Atlanta Intl,33.6407,-84.4277,Miami Intl,25.7959,-80.287
570,224,SEA,PHX,Seattle-Tacoma Intl,47.4502,-122.3088,Phoenix Sky Harbor Intl,33.4342,-112.0116
571,438,MSP,LAS,Minneapolis–Saint Paul Intl,44.883,-93.21,Las Vegas McCarran Intl,36.084,-115.1537
572,303,ORD,SFO,Chicago O’Hare Intl,41.9742,-87.9073,San Francisco Intl,37.6213,-122.379
573,1835,CLT,LAS,Charlotte Douglas Intl,35.214,-80.9431,Las Vegas McCarran Intl,36.084,-115.1537
574,346,BOS,IAH,Boston Logan Intl,42.3656,-71.0096,George Bush Intercontinental,29.9902,-95.3368
575,846,SFO,MSP,San Francisco Intl,37.6213,-122.379,Minneapolis–Saint Paul Intl,44.883,-93.21
576,2731,BOS,SFO,Boston Logan Intl,42.3656,-71.0096,San Francisco Intl,37.6213,-122.379
577,2040,DEN,ATL,Denver Intl,39.8561,-104.6737,Hartsfield-Jackson Atlanta Intl,33.6407,-84.4277
578,1971,BOS,MSP,Boston Logan Intl,42.3656,-71.0096,Minneapolis–Saint Paul Intl,44.883,-93.21
579,3807,DEN,DFW,Denver Intl,39.8561,-104.6737,Dallas/Fort Worth Intl,32.8998,-97.0403
580,2446,LAS,LAX,Las Vegas McCarran Intl,36.084,-115.1537,Los Angeles Intl,33.9416,-118.4085
581,937,SFO,LAX,San Francisco Intl,37.6213,-122.379,Los Angeles Intl,33.9416,-118.4085
582,3275,MSP,LAX,Minneapolis–Saint Paul Intl,44.883,-93.21,Los Angeles Intl,33.9416,-118.4085
583,678,MIA,DFW,Miami Intl,25.7959,-80.287,Dallas/Fort Worth Intl,32.8998,-97.0403
584,358,CLT,LAS,Charlotte Douglas Intl,35.214,-80.9431,Las Vegas McCarran Intl,36.084,-115.1537
585,605,DEN,ATL,Denver Intl,39.8561,-104.6737,Hartsfield-Jackson Atlanta Intl,33.6407,-84.4277
586,594,ATL,MSP,Hartsfield-Jackson Atlanta Intl,33.6407,-84.4277,Minneapolis–Saint Paul Intl,44.883,-93.21
587,876,BOS,DFW,Boston Logan Intl,42.3656,-71.0096,Dallas/Fort Worth Intl,32.8998,-97.0403
588,1249,BOS,LAX,Boston Logan Intl,42.3656,-71.0096,Los Angeles Intl,33.9416,-118.4085
589,3967,ATL,DEN,Hartsfield-Jackson Atlanta Intl,33.6407,-84.4277,Denver Intl,39.8561,-104.6737
590,764,MSP,ORD,Minneapolis–Saint Paul Intl,44.883,-93.21,Chicago O’Hare Intl,41.9742,-87.9073
591,630,LAX,MSP,Los Angeles Intl,33.9416,-118.4085,Minneapolis–Saint Paul Intl,44.883,-93.21
592,510,LAS,CLT,Las Vegas McCarran Intl,36.084,-115.1537,Charlotte Douglas Intl,35.214,-80.9431
593,3954,JFK,SEA,John F. Kennedy Intl,40.6413,-73.7781,Seattle-Tacoma Intl,47.4502,-122.3088
594,528,MIA,DFW,Miami Intl,25.7959,-80.287,Dallas/Fort Worth Intl,32.8998,-97.0403
595,1963,SEA,ATL,Seattle-Tacoma Intl,47.4502,-122.3088,Hartsfield-Jackson Atlanta Intl,33.6407,-84.4277
596,3548,IAH,ATL,George Bush Intercontinental,29.9902,-95.3368,Hartsfield-Jackson Atlanta Intl,33.6407,-84.4277
597,229,DEN,CLT,Denver Intl,39.8561,-104.6737,Charlotte Douglas Intl,35.214,-80.9431
598,908,ATL,BOS,Hartsfield-Jackson Atlanta Intl,33.6407,-84.4277,Boston Logan Intl,42.3656,-71.0096
599,2537,IAH,ORD,George Bush Intercontinental,29.9902,-95.3368,Chicago O’Hare Intl,41.9742,-87.9073
600,189,SFO,MSP,San Francisco Intl,37.6213,-122.379,Minneapolis–Saint Paul Intl,44.883,-93.21
601,1562,MSP,MIA,Minneapolis–Saint Paul Intl,44.883,-93.21,Miami Intl,25.7959,-80.287
602,409,DEN,SFO,Denver Intl,39.8561,-104.6737,San Francisco Intl,37.6213,-122.379
603,2918,JFK,LAX,John F. Kennedy Intl,40.6413,-73.7781,Los Angeles Intl,33.9416,-118.4085
604,3657,IAH,MSP,George Bush Intercontinental,29.9902,-95.3368,Minneapolis–Saint Paul Intl,44.883,-93.21
605,179,SFO,IAH,San Francisco Intl,37.6213,-122.379,George Bush Intercontinental,29.9902,-95.3368
606,2318,ORD,MIA,Chicago O’Hare Intl,41.9742,-87.9073,Miami Intl,25.7959,-80.287
607,220,CLT,BOS,Charlotte Douglas Intl,35.214,-80.9431,Boston Logan Intl,42.3656,-71.0096
608,431,BOS,LAX,Boston Logan Intl,42.3656,-71.0096,Los Angeles Intl,33.9416,-118.4085
609,495,ORD,MIA,Chicago O’Hare Intl,41.9742,-87.9073,Miami Intl,25.7959,-80.287
610,1204,DEN,PHX,Denver Intl,39.8561,-104.6737,Phoenix Sky Harbor Intl,33.4342,-112.0116
611,1371,JFK,IAH,John F. Kennedy Intl,40.6413,-73.7781,George Bush Intercontinental,29.9902,-95.3368
612,1724,MIA,BOS,Miami Intl,25.7959,-80.287,Boston Logan Intl,42.3656,-71.0096
613,187,IAH,LAS,George Bush Intercontinental,29.9902,-95.3368,Las Vegas McCarran Intl,36.084,-115.1537
614,3391,LAS,LAX,Las Vegas McCarran Intl,36.084,-115.1537,Los Angeles Intl,33.9416,-118.4085
615,458,CLT,ORD,Charlotte Douglas Intl,35.214,-80.9431,Chicago O’Hare Intl,41.9742,-87.9073
616,794,DEN,JFK,Denver Intl,39.8561,-104.6737,John F. Kennedy Intl,40.6413,-73.7781
617,3455,MSP,MIA,Minneapolis–Saint Paul Intl,44.883,-93.21,Miami Intl,25.7959,-80.287
618,1958,ATL,MIA,Hartsfield-Jackson Atlanta Intl,33.6407,-84.4277,Miami Intl,25.7959,-80.287
619,601,LAS,SFO,Las Vegas McCarran Intl,36.084,-115.1537,San Francisco Intl,37.6213,-122.379
620,403,LAS,CLT,Las Vegas McCarran Intl,36.084,-115.1537,Charlotte Douglas Intl,35.214,-80.9431
621,1013,LAS,ORD,Las Vegas McCarran Intl,36.084,-115.1537,Chicago O’Hare Intl,41.9742,-87.9073
622,3066,DFW,BOS,Dallas/Fort Worth Intl,32.8998,-97.0403,Boston Logan Intl,42.3656,-71.0096
623,377,DEN,JFK,Denver Intl,39.8561,-104.6737,John F. Kennedy Intl,40.6413,-73.7781
624,1886,CLT,PHX,Charlotte Douglas Intl,35.214,-80.9431,Phoenix Sky Harbor Intl,33.4342,-112.0116
625,1810,BOS,DEN,Boston Logan Intl,42.3656,-71.0096,Denver Intl,39.8561,-104.6737
626,320,BOS,LAX,Boston Logan Intl,42.3656,-71.0096,Los Angeles Intl,33.9416,-118.4085
627,2602,DEN,IAH,Denver Intl,39.8561,-104.6737,George Bush Intercontinental,29.9902,-95.3368
628,761,SFO,JFK,San Francisco Intl,37.6213,-122.379,John F. Kennedy Intl,40.6413,-73.7781
629,2173,DFW,ORD,Dallas/Fort Worth Intl,32.8998,-97.0403,Chicago O’Hare Intl,41.9742,-87.9073
630,292,ATL,LAS,Hartsfield-Jackson Atlanta Intl,33.6407,-84.4277,Las Vegas McCarran Intl,36.084,-115.1537
631,1085,LAS,SEA,Las Vegas McCarran Intl,36.084,-115.1537,Seattle-Tacoma Intl,47.4502,-122.3088
632,3993,LAS,LAX,Las Vegas McCarran Intl,36.084,-115.1537,Los Angeles Intl,33.9416,-118.4085
633,449,DEN,ATL,Denver Intl,39.8561,-104.6737,Hartsfield-Jackson Atlanta Intl,33.6407,-84.4277
634,1076,SFO,MIA,San Francisco Intl,37.6213,-122.379,Miami Intl,25.7959,-80.287
635,3534,BOS,LAS,Boston Logan Intl,42.3656,-71.0096,Las Vegas McCarran Intl,36.084,-115.1537
636,3885,BOS,CLT,Boston Logan Intl,42.3656,-71.0096,Charlotte Douglas Intl,35.214,-80.9431
637,667,JFK,ORD,John F. Kennedy Intl,40.6413,-73.7781,Chicago O’Hare Intl,41.9742,-87.9073
638,277,DEN,PHX,Denver Intl,39.8561,-104.6737,Phoenix Sky Harbor Intl,33.4342,-112.0116
639,547,DFW,ATL,Dallas/Fort Worth Intl,32.8998,-97.0403,Hartsfield-Jackson Atlanta Intl,33.6407,-84.4277
640,1471,LAX,SFO,Los Angeles Intl,33.9416,-118.4085,San Francisco Intl,37.6213,-122.379
641,1318,DFW,IAH,Dallas/Fort Worth Intl,32.8998,-97.0403,George Bush Intercontinental,29.9902,-95.3368
642,737,MSP,JFK,Minneapolis–Saint Paul Intl,44.883,-93.21,John F. Kennedy Intl,40.6413,-73.7781
643,954,BOS,PHX,Boston Logan Intl,42.3656,-71.0096,Phoenix Sky Harbor Intl,33.4342,-112.0116
644,3494,BOS,DEN,Boston Logan Intl,42.3656,-71.0096,Denver Intl,39.8561,-104.6737
645,487,ORD,DEN,Chicago O’Hare Intl,41.9742,-87.9073,Denver Intl,39.8561,-104.6737
646,393,BOS,LAS,Boston Logan Intl,42.3656,-71.0096,Las Vegas McCarran Intl,36.084,-115.1537
647,639,ATL,JFK,Hartsfield-Jackson Atlanta Intl,33.6407,-84.4277,John F. Kennedy Intl,40.6413,-73.7781
648,950,SEA,MSP,Seattle-Tacoma Intl,47.4502,-122.3088,Minneapolis–Saint Paul Intl,44.883,-93.21
649,2415,DEN,MSP,Denver Intl,39.8561,-104.6737,Minneapolis–Saint Paul Intl,44.883,-93.21
650,2153,IAH,MIA,George Bush Intercontinental,29.9902,-95.3368,Miami Intl,25.7959,-80.287
651,587,DFW,SFO,Dallas/Fort Worth Intl,32.8998,-97.0403,San Francisco Intl,37.6213,-122.379
652,546,SEA,JFK,Seattle-Tacoma Intl,47.4502,-122.3088,John F. Kennedy Intl,40.6413,-73.7781
653,1438,SFO,MIA,San Francisco Intl,37.6213,-122.379,Miami Intl,25.7959,-80.287
654,170,LAX,JFK,Los Angeles Intl,33.9416,-118.4085,John F. Kennedy Intl,40.6413,-73.7781
655,143,ATL,CLT,Hartsfield-Jackson Atlanta Intl,33.6407,-84.4277,Charlotte Douglas Intl,35.214,-80.9431
656,2337,CLT,DEN,Charlotte Douglas Intl,35.214,-80.9431,Denver Intl,39.8561,-104.6737
657,2358,PHX,JFK,Phoenix Sky Harbor Intl,33.4342,-112.0116,John F. Kennedy Intl,40.6413,-73.7781
658,280,DFW,PHX,Dallas/Fort Worth Intl,32.8998,-97.0403,Phoenix Sky Harbor Intl,33.4342,-112.0116
659,3895,SEA,LAX,Seattle-Tacoma Intl,47.4502,-122.3088,Los Angeles Intl,33.9416,-118.4085
660,874,CLT,DFW,Charlotte Douglas Intl,35.214,-80.9431,Dallas/Fort Worth Intl,32.8998,-97.0403
661,3434,LAX,ORD,Los Angeles Intl,33.9416,-118.4085,Chicago O’Hare Intl,41.9742,-87.9073
662,1972,ORD,IAH,Chicago O’Hare Intl,41.9742,-87.9073,George Bush Intercontinental,29.9902,-95.3368
663,378,CLT,SFO,Charlotte Douglas Intl,35.214,-80.9431,San Francisco Intl,37.6213,-122.379
664,1346,ATL,MIA,Hartsfield-Jackson Atlanta Intl,33.6407,-84.4277,Miami Intl,25.7959,-80.287
665,316,ATL,DEN,Hartsfield-Jackson Atlanta Intl,33.6407,-84.4277,Denver Intl,39.8561,-104.6737
666,1834,IAH,JFK,George Bush Intercontinental,29.9902,-95.3368,John F. Kennedy Intl,40.6413,-73.7781
667,534,ORD,BOS,Chicago O’Hare Intl,41.9742,-87.9073,Boston Logan Intl,42.3656,-71.0096
668,333,PHX,LAS,Phoenix Sky Harbor Intl,33.4342,-112.0116,Las Vegas McCarran Intl,36.084,-115.1537
669,262,DEN,CLT,Denver Intl,39.8561,-104.6737,Charlotte Douglas Intl,35.214,-80.9431
670,420,CLT,LAS,Charlotte Douglas Intl,35.214,-80.9431,Las Vegas McCarran Intl,36.084,-115.1537
671,158,ORD,LAX,Chicago O’Hare Intl,41.9742,-87.9073,Los Angeles Intl,33.9416,-118.4085
672,2176,ATL,ORD,Hartsfield-Jackson Atlanta Intl,33.6407,-84.4277,Chicago O’Hare Intl,41.9742,-87.9073
673,1416,ATL,ORD,Hartsfield-Jackson Atlanta Intl,33.6407,-84.4277,Chicago O’Hare Intl,41.9742,-87.9073
674,390,SEA,CLT,Seattle-Tacoma Intl,47.4502,-122.3088,Charlotte Douglas Intl,35.214,-80.9431
675,2538,BOS,CLT,Boston Logan Intl,42.3656,-71.0096,Charlotte Douglas Intl,35.214,-80.9431
676,2285,PHX,MSP,Phoenix Sky Harbor Intl,33.4342,-112.0116,Minneapolis–Saint Paul Intl,44.883,-93.21
677,3944,CLT,MIA,Charlotte Douglas Intl,35.214,-80.9431,Miami Intl,25.7959,-80.287
678,185,IAH,MSP,George Bush Intercontinental,29.9902,-95.3368,Minneapolis–Saint Paul Intl,44.883,-93.21
679,1680,IAH,SFO,George Bush Intercontinental,29.9902,-95.3368,San Francisco Intl,37.6213,-122.379
680,1209,CLT,SEA,Charlotte Douglas Intl,35.214,-80.9431,Seattle-Tacoma Intl,47.4502,-122.3088
681,590,MSP,PHX,Minneapolis–Saint Paul Intl,44.883,-93.21,Phoenix Sky Harbor Intl,33.4342,-112.0116
682,2072,LAS,BOS,Las Vegas McCarran Intl,36.084,-115.1537,Boston Logan Intl,42.3656,-71.0096
683,258,LAX,PHX,Los Angeles Intl,33.9416,-118.4085,Phoenix Sky Harbor Intl,33.4342,-112.0116
684,1073,IAH,MIA,George Bush Intercontinental,29.9902,-95.3368,Miami Intl,25.7959,-80.287
685,4243,ORD,JFK,Chicago O’Hare Intl,41.9742,-87.9073,John F. Kennedy Intl,40.6413,-73.7781
686,1091,LAX,DFW,Los Angeles Intl,33.9416,-118.4085,Dallas/Fort Worth Intl,32.8998,-97.0403
687,284,ORD,CLT,Chicago O’Hare Intl,41.9742,-87.9073,Charlotte Douglas Intl,35.214,-80.9431
688,448,SFO,ATL,San Francisco Intl,37.6213,-122.379,Hartsfield-Jackson Atlanta Intl,33.6407,-84.4277
689,1089,ATL,SEA,Hartsfield-Jackson Atlanta Intl,33.6407,-84.4277,Seattle-Tacoma Intl,47.4502,-122.3088
690,419,BOS,SFO,Boston Logan Intl,42.3656,-71.0096,San Francisco Intl,37.6213,-122.379
691,1942,SEA,LAX,Seattle-Tacoma Intl,47.4502,-122.3088,Los Angeles Intl,33.9416,-118.4085
692,2246,IAH,SEA,George Bush Intercontinental,29.9902,-95.3368,Seattle-Tacoma Intl,47.4502,-122.3088
693,1086,BOS,CLT,Boston Logan Intl,42.3656,-71.0096,Charlotte Douglas Intl,35.214,-80.9431
694,899,BOS,DEN,Boston Logan Intl,42.3656,-71.0096,Denver Intl,39.8561,-104.6737
695,2106,BOS,SFO,Boston Logan Intl,42.3656,-71.0096,San Francisco Intl,37.6213,-122.379
696,837,LAS,DFW,Las Vegas McCarran Intl,36.084,-115.1537,Dallas/Fort Worth Intl,32.8998,-97.0403
697,1138,LAX,DEN,Los Angeles Intl,33.9416,-118.4085,Denver Intl,39.8561,-104.6737
698,1927,ORD,SEA,Chicago O’Hare Intl,41.9742,-87.9073,Seattle-Tacoma Intl,47.4502,-122.3088
699,1968,MIA,ATL,Miami Intl,25.7959,-80.287,Hartsfield-Jackson Atlanta Intl,33.6407,-84.4277
700,1460,SFO,ATL,San Francisco Intl,37.6213,-122.379,Hartsfield-Jackson Atlanta Intl,33.6407,-84.4277
701,196,DFW,MSP,Dallas/Fort Worth Intl,32.8998,-97.0403,Minneapolis–Saint Paul Intl,44.883,-93.21
702,135,BOS,DFW,Boston Logan Intl,42.3656,-71.0096,Dallas/Fort Worth Intl,32.8998,-97.0403
703,2582,DEN,ORD,Denver Intl,39.8561,-104.6737,Chicago O’Hare Intl,41.9742,-87.9073
704,651,LAX,IAH,Los Angeles Intl,33.9416,-118.4085,George Bush Intercontinental,29.9902,-95.3368
705,289,IAH,BOS,George Bush Intercontinental,29.9902,-95.3368,Boston Logan Intl,42.3656,-71.0096
706,2097,PHX,CLT,Phoenix Sky Harbor Intl,33.4342,-112.0116,Charlotte Douglas Intl,35.214,-80.9431
707,1930,IAH,LAX,George Bush Intercontinental,29.9902,-95.3368,Los Angeles Intl,33.9416,-118.4085
708,1064,SEA,CLT,Seattle-Tacoma Intl,47.4502,-122.3088,Charlotte Douglas Intl,35.214,-80.9431
709,3169,DFW,ORD,Dallas/Fort Worth Intl,32.8998,-97.0403,Chicago O’Hare Intl,41.9742,-87.9073
710,700,MIA,PHX,Miami Intl,25.7959,-80.287,Phoenix Sky Harbor Intl,33.4342,-112.0116
711,3902,DEN,MSP,Denver Intl,39.8561,-104.6737,Minneapolis–Saint Paul Intl,44.883,-93.21
712,2511,IAH,MSP,George Bush Intercontinental,29.9902,-95.3368,Minneapolis–Saint Paul Intl,44.883,-93.21
713,694,MIA,PHX,Miami Intl,25.7959,-80.287,Phoenix Sky Harbor Intl,33.4342,-112.0116
714,2770,DFW,LAS,Dallas/Fort Worth Intl,32.8998,-97.0403,Las Vegas McCarran Intl,36.084,-115.1537
715,3972,BOS,PHX,Boston Logan Intl,42.3656,-71.0096,Phoenix Sky Harbor Intl,33.4342,-112.0116
716,3227,DEN,ATL,Denver Intl,39.8561,-104.6737,Hartsfield-Jackson Atlanta Intl,33.6407,-84.4277
717,3467,MIA,ATL,Miami Intl,25.7959,-80.287,Hartsfield-Jackson Atlanta Intl,33.6407,-84.4277
718,919,SEA,JFK,Seattle-Tacoma Intl,47.4502,-122.3088,John F. Kennedy Intl,40.6413,-73.7781
719,1068,ORD,DEN,Chicago O’Hare Intl,41.9742,-87.9073,Denver Intl,39.8561,-104.6737
720,2032,ATL,SEA,Hartsfield-Jackson Atlanta Intl,33.6407,-84.4277,Seattle-Tacoma Intl,47.4502,-122.3088
721,102,ORD,LAX,Chicago O’Hare Intl,41.9742,-87.9073,Los Angeles Intl,33.9416,-118.4085
722,723,DFW,SFO,Dallas/Fort Worth Intl,32.8998,-97.0403,San Francisco Intl,37.6213,-122.379
723,1481,LAX,SEA,Los Angeles Intl,33.9416,-118.4085,Seattle-Tacoma Intl,47.4502,-122.3088
724,828,ATL,CLT,Hartsfield-Jackson Atlanta Intl,33.6407,-84.4277,Charlotte Douglas Intl,35.214,-80.9431
725,3746,SFO,JFK,San Francisco Intl,37.6213,-122.379,John F. Kennedy Intl,40.6413,-73.7781
726,2922,SEA,ATL,Seattle-Tacoma Intl,47.4502,-122.3088,Hartsfield-Jackson Atlanta Intl,33.6407,-84.4277
727,2945,SFO,MSP,San Francisco Intl,37.6213,-122.379,Minneapolis–Saint Paul Intl,44.883,-93.21
728,1999,LAS,DFW,Las Vegas McCarran Intl,36.084,-115.1537,Dallas/Fort Worth Intl,32.8998,-97.0403
729,3839,DEN,ATL,Denver Intl,39.8561,-104.6737,Hartsfield-Jackson Atlanta Intl,33.6407,-84.4277
730,933,CLT,IAH,Charlotte Douglas Intl,35.214,-80.9431,George Bush Intercontinental,29.9902,-95.3368
731,206,ATL,LAX,Hartsfield-Jackson Atlanta Intl,33.6407,-84.4277,Los Angeles Intl,33.9416,-118.4085
732,998,SFO,DEN,San Francisco Intl,37.6213,-122.379,Denver Intl,39.8561,-104.6737
733,3857,IAH,LAS,George Bush Intercontinental,29.9902,-95.3368,Las Vegas McCarran Intl,36.084,-115.1537
734,300,SFO,SEA,San Francisco Intl,37.6213,-122.379,Seattle-Tacoma Intl,47.4502,-122.3088
735,721,MIA,SEA,Miami Intl,25.7959,-80.287,Seattle-Tacoma Intl,47.4502,-122.3088
736,1351,ORD,PHX,Chicago O’Hare Intl,41.9742,-87.9073,Phoenix Sky Harbor Intl,33.4342,-112.0116
737,1012,MIA,ORD,Miami Intl,25.7959,-80.287,Chicago O’Hare Intl,41.9742,-87.9073
738,1956,LAS,PHX,Las Vegas McCarran Intl,36.084,-115.1537,Phoenix Sky Harbor Intl,33.4342,-112.0116
739,3523,ATL,IAH,Hartsfield-Jackson Atlanta Intl,33.6407,-84.4277,George Bush Intercontinental,29.9902,-95.3368
740,1893,ATL,DFW,Hartsfield-Jackson Atlanta Intl,33.6407,-84.4277,Dallas/Fort Worth Intl,32.8998,-97.0403
741,2131,LAS,BOS,Las Vegas McCarran Intl,36.084,-115.1537,Boston Logan Intl,42.3656,-71.0096
742,474,DFW,PHX,Dallas/Fort Worth Intl,32.8998,-97.0403,Phoenix Sky Harbor Intl,33.4342,-112.0116
743,1751,MIA,LAS,Miami Intl,25.7959,-80.287,Las Vegas McCarran Intl,36.084,-115.1537
744,246,JFK,BOS,John F. Kennedy Intl,40.6413,-73.7781,Boston Logan Intl,42.3656,-71.0096
745,3162,IAH,PHX,George Bush Intercontinental,29.9902,-95.3368,Phoenix Sky Harbor Intl,33.4342,-112.0116
746,3132,PHX,DFW,Phoenix Sky Harbor Intl,33.4342,-112.0116,Dallas/Fort Worth Intl,32.8998,-97.0403
747,2536,ORD,BOS,Chicago O’Hare Intl,41.9742,-87.9073,Boston Logan Intl,42.3656,-71.0096
748,1682,ATL,ORD,Hartsfield-Jackson Atlanta Intl,33.6407,-84.4277,Chicago O’Hare Intl,41.9742,-87.9073
749,3529,DFW,LAX,Dallas/Fort Worth Intl,32.8998,-97.0403,Los Angeles Intl,33.9416,-118.4085
750,2414,CLT,JFK,Charlotte Douglas Intl,35.214,-80.9431,John F. Kennedy Intl,40.6413,-73.7781
751,471,IAH,PHX,George Bush Intercontinental,29.9902,-95.3368,Phoenix Sky Harbor Intl,33.4342,-112.0116
752,2221,MIA,IAH,Miami Intl,25.7959,-80.287,George Bush Intercontinental,29.9902,-95.3368
753,2908,ORD,MSP,Chicago O’Hare Intl,41.9742,-87.9073,Minneapolis–Saint Paul Intl,44.883,-93.21
754,2874,CLT,DEN,Charlotte Douglas Intl,35.214,-80.9431,Denver Intl,39.8561,-104.6737
755,3553,MIA,LAS,Miami Intl,25.7959,-80.287,Las Vegas McCarran Intl,36.084,-115.1537
756,3020,SFO,BOS,San Francisco Intl,37.6213,-122.379,Boston Logan Intl,42.3656,-71.0096
757,3221,CLT,DEN,Charlotte Douglas Intl,35.214,-80.9431,Denver Intl,39.8561,-104.6737
758,108,LAS,BOS,Las Vegas McCarran Intl,36.084,-115.1537,Boston Logan Intl,42.3656,-71.0096
759,1549,MSP,IAH,Minneapolis–Saint Paul Intl,44.883,-93.21,George Bush Intercontinental,29.9902,-95.3368
760,3331,DFW,DEN,Dallas/Fort Worth Intl,32.8998,-97.0403,Denver Intl,39.8561,-104.6737
761,759,ORD,BOS,Chicago O’Hare Intl,41.9742,-87.9073,Boston Logan Intl,42.3656,-71.0096
762,1819,BOS,CLT,Boston Logan Intl,42.3656,-71.0096,Charlotte Douglas Intl,35.214,-80.9431
763,692,MSP,DEN,Minneapolis–Saint Paul Intl,44.883,-93.21,Denver Intl,39.8561,-104.6737
764,2762,DEN,ORD,Denver Intl,39.8561,-104.6737,Chicago O’Hare Intl,41.9742,-87.9073
765,956,DEN,SFO,Denver Intl,39.8561,-104.6737,San Francisco Intl,37.6213,-122.379
766,328,ORD,JFK,Chicago O’Hare Intl,41.9742,-87.9073,John F. Kennedy Intl,40.6413,-73.7781
767,2708,CLT,DFW,Charlotte Douglas Intl,35.214,-80.9431,Dallas/Fort Worth Intl,32.8998,-97.0403
768,533,MIA,LAX,Miami Intl,25.7959,-80.287,Los Angeles Intl,33.9416,-118.4085
769,1807,DFW,CLT,Dallas/Fort Worth Intl,32.8998,-97.0403,Charlotte Douglas Intl,35.214,-80.9431
770,641,PHX,MIA,Phoenix Sky Harbor Intl,33.4342,-112.0116,Miami Intl,25.7959,-80.287
771,2036,DEN,ATL,Denver Intl,39.8561,-104.6737,Hartsfield-Jackson Atlanta Intl,33.6407,-84.4277
772,532,DFW,IAH,Dallas/Fort Worth Intl,32.8998,-97.0403,George Bush Intercontinental,29.9902,-95.3368
773,3697,DEN,IAH,Denver Intl,39.8561,-104.6737,George Bush Intercontinental,29.9902,-95.3368
774,1036,SFO,PHX,San Francisco Intl,37.6213,-122.379,Phoenix Sky Harbor Intl,33.4342,-112.0116
775,3324,MIA,MSP,Miami Intl,25.7959,-80.287,Minneapolis–Saint Paul Intl,44.883,-93.21
776,687,SFO,LAS,San Francisco Intl,37.6213,-122.379,Las Vegas McCarran Intl,36.084,-115.1537
777,1514,IAH,DFW,George Bush Intercontinental,29.9902,-95.3368,Dallas/Fort Worth Intl,32.8998,-97.0403
778,926,DEN,ATL,Denver Intl,39.8561,-104.6737,Hartsfield-Jackson Atlanta Intl,33.6407,-84.4277
779,945,BOS,IAH,Boston Logan Intl,42.3656,-71.0096,George Bush Intercontinental,29.9902,-95.3368
780,1262,BOS,JFK,Boston Logan Intl,42.3656,-71.0096,John F. Kennedy Intl,40.6413,-73.7781
781,1853,SFO,DFW,San Francisco Intl,37.6213,-122.379,Dallas/Fort Worth Intl,32.8998,-97.0403
782,353,LAS,DEN,Las Vegas McCarran Intl,36.084,-115.1537,Denver Intl,39.8561,-104.6737
783,1592,MSP,DEN,Minneapolis–Saint Paul Intl,44.883,-93.21,Denver Intl,39.8561,-104.6737
784,967,BOS,MIA,Boston Logan Intl,42.3656,-71.0096,Miami Intl,25.7959,-80.287
785,3988,DEN,ATL,Denver Intl,39.8561,-104.6737,Hartsfield-Jackson Atlanta Intl,33.6407,-84.4277
786,1885,ORD,IAH,Chicago O’Hare Intl,41.9742,-87.9073,George Bush Intercontinental,29.9902,-95.3368
787,835,SFO,LAX,San Francisco Intl,37.6213,-122.379,Los Angeles Intl,33.9416,-118.4085
788,3597,IAH,LAX,George Bush Intercontinental,29.9902,-95.3368,Los Angeles Intl,33.9416,-118.4085
789,1195,PHX,JFK,Phoenix Sky Harbor Intl,33.4342,-112.0116,John F. Kennedy Intl,40.6413,-73.7781
790,3152,PHX,DEN,Phoenix Sky Harbor Intl,33.4342,-112.0116,Denver Intl,39.8561,-104.6737
791,3743,LAX,PHX,Los Angeles Intl,33.9416,-118.4085,Phoenix Sky Harbor Intl,33.4342,-112.0116
792,957,MSP,SFO,Minneapolis–Saint Paul Intl,44.883,-93.21,San Francisco Intl,37.6213,-122.379
793,3710,CLT,ORD,Charlotte Douglas Intl,35.214,-80.9431,Chicago O’Hare Intl,41.9742,-87.9073
794,3964,MIA,ORD,Miami Intl,25.7959,-80.287,Chicago O’Hare Intl,41.9742,-87.9073
795,1337,BOS,CLT,Boston Logan Intl,42.3656,-71.0096,Charlotte Douglas Intl,35.214,-80.9431
796,164,BOS,LAX,Boston Logan Intl,42.3656,-71.0096,Los Angeles Intl,33.9416,-118.4085
797,2677,CLT,IAH,Charlotte Douglas Intl,35.214,-80.9431,George Bush Intercontinental,29.9902,-95.3368
798,843,ATL,ORD,Hartsfield-Jackson Atlanta Intl,33.6407,-84.4277,Chicago O’Hare Intl,41.9742,-87.9073
799,3448,IAH,BOS,George Bush Intercontinental,29.9902,-95.3368,Boston Logan Intl,42.3656,-71.0096
800,3466,JFK,ATL,John F. Kennedy Intl,40.6413,-73.7781,Hartsfield-Jackson Atlanta Intl,33.6407,-84.4277
801,3931,SFO,DEN,San Francisco Intl,37.6213,-122.379,Denver Intl,39.8561,-104.6737
802,2381,LAS,PHX,Las Vegas McCarran Intl,36.084,-115.1537,Phoenix Sky Harbor Intl,33.4342,-112.0116
803,366,IAH,MSP,George Bush Intercontinental,29.9902,-95.3368,Minneapolis–Saint Paul Intl,44.883,-93.21
804,2788,SEA,CLT,Seattle-Tacoma Intl,47.4502,-122.3088,Charlotte Douglas Intl,35.214,-80.9431
805,787,BOS,DEN,Boston Logan Intl,42.3656,-71.0096,Denver Intl,39.8561,-104.6737
806,1747,MIA,CLT,Miami Intl,25.7959,-80.287,Charlotte Douglas Intl,35.214,-80.9431
807,2490,LAX,PHX,Los Angeles Intl,33.9416,-118.4085,Phoenix Sky Harbor Intl,33.4342,-112.0116
808,2701,PHX,SFO,Phoenix Sky Harbor Intl,33.4342,-112.0116,San Francisco Intl,37.6213,-122.379
809,422,BOS,DFW,Boston Logan Intl,42.3656,-71.0096,Dallas/Fort Worth Intl,32.8998,-97.0403
810,591,LAX,ORD,Los Angeles Intl,33.9416,-118.4085,Chicago O’Hare Intl,41.9742,-87.9073
811,1475,DEN,ATL,Denver Intl,39.8561,-104.6737,Hartsfield-Jackson Atlanta Intl,33.6407,-84.4277
812,312,IAH,CLT,George Bush Intercontinental,29.9902,-95.3368,Charlotte Douglas Intl,35.214,-80.9431
813,3235,DEN,MSP,Denver Intl,39.8561,-104.6737,Minneapolis–Saint Paul Intl,44.883,-93.21
814,2432,JFK,SEA,John F. Kennedy Intl,40.6413,-73.7781,Seattle-Tacoma Intl,47.4502,-122.3088
815,2183,ORD,IAH,Chicago O’Hare Intl,41.9742,-87.9073,George Bush Intercontinental,29.9902,-95.3368
816,1157,SEA,ORD,Seattle-Tacoma Intl,47.4502,-122.3088,Chicago O’Hare Intl,41.9742,-87.9073
817,2164,IAH,MIA,George Bush Intercontinental,29.9902,-95.3368,Miami Intl,25.7959,-80.287
818,2607,ATL,MSP,Hartsfield-Jackson Atlanta Intl,33.6407,-84.4277,Minneapolis–Saint Paul Intl,44.883,-93.21
819,622,JFK,LAX,John F. Kennedy Intl,40.6413,-73.7781,Los Angeles Intl,33.9416,-118.4085
820,3550,DFW,PHX,Dallas/Fort Worth Intl,32.8998,-97.0403,Phoenix Sky Harbor Intl,33.4342,-112.0116
821,3159,ATL,DFW,Hartsfield-Jackson Atlanta Intl,33.6407,-84.4277,Dallas/Fort Worth Intl,32.8998,-97.0403
822,1706,MSP,ORD,Minneapolis–Saint Paul Intl,44.883,-93.21,Chicago O’Hare Intl,41.9742,-87.9073
823,2504,SFO,IAH,San Francisco Intl,37.6213,-122.379,George Bush Intercontinental,29.9902,-95.3368
824,1543,MIA,ATL,Miami Intl,25.7959,-80.287,Hartsfield-Jackson Atlanta Intl,33.6407,-84.4277
825,1651,IAH,ORD,George Bush Intercontinental,29.9902,-95.3368,Chicago O’Hare Intl,41.9742,-87.9073
826,425,DFW,CLT,Dallas/Fort Worth Intl,32.8998,-97.0403,Charlotte Douglas Intl,35.214,-80.9431
827,1739,DFW,LAX,Dallas/Fort Worth Intl,32.8998,-97.0403,Los Angeles Intl,33.9416,-118.4085
828,2311,JFK,SEA,John F. Kennedy Intl,40.6413,-73.7781,Seattle-Tacoma Intl,47.4502,-122.3088
829,1050,CLT,JFK,Charlotte Douglas Intl,35.214,-80.9431,John F. Kennedy Intl,40.6413,-73.7781
830,407,MSP,MIA,Minneapolis–Saint Paul Intl,44.883,-93.21,Miami Intl,25.7959,-80.287
831,2597,ORD,SEA,Chicago O’Hare Intl,41.9742,-87.9073,Seattle-Tacoma Intl,47.4502,-122.3088
832,2837,IAH,BOS,George Bush Intercontinental,29.9902,-95.3368,Boston Logan Intl,42.3656,-71.0096
833,188,CLT,ORD,Charlotte Douglas Intl,35.214,-80.9431,Chicago O’Hare Intl,41.9742,-87.9073
834,537,JFK,DEN,John F. Kennedy Intl,40.6413,-73.7781,Denver Intl,39.8561,-104.6737
835,3435,SFO,LAX,San Francisco Intl,37.6213,-122.379,Los Angeles Intl,33.9416,-118.4085
836,1668,PHX,DEN,Phoenix Sky Harbor Intl,33.4342,-112.0116,Denver Intl,39.8561,-104.6737
837,1183,BOS,SEA,Boston Logan Intl,42.3656,-71.0096,Seattle-Tacoma Intl,47.4502,-122.3088
838,3576,BOS,CLT,Boston Logan Intl,42.3656,-71.0096,Charlotte Douglas Intl,35.214,-80.9431
839,2704,ORD,DEN,Chicago O’Hare Intl,41.9742,-87.9073,Denver Intl,39.8561,-104.6737
840,634,SFO,ATL,San Francisco Intl,37.6213,-122.379,Hartsfield-Jackson Atlanta Intl,33.6407,-84.4277
841,989,LAS,DEN,Las Vegas McCarran Intl,36.084,-115.1537,Denver Intl,39.8561,-104.6737
842,2239,ORD,DFW,Chicago O’Hare Intl,41.9742,-87.9073,Dallas/Fort Worth Intl,32.8998,-97.0403
843,201,IAH,JFK,George Bush Intercontinental,29.9902,-95.3368,John F. Kennedy Intl,40.6413,-73.7781
844,522,IAH,ORD,George Bush Intercontinental,29.9902,-95.3368,Chicago O’Hare Intl,41.9742,-87.9073
845,3873,LAX,MSP,Los Angeles Intl,33.9416,-118.4085,Minneapolis–Saint Paul Intl,44.883,-93.21
846,642,CLT,PHX,Charlotte Douglas Intl,35.214,-80.9431,Phoenix Sky Harbor Intl,33.4342,-112.0116
847,990,LAS,DEN,Las Vegas McCarran Intl,36.084,-115.1537,Denver Intl,39.8561,-104.6737
848,3589,BOS,LAX,Boston Logan Intl,42.3656,-71.0096,Los Angeles Intl,33.9416,-118.4085
849,1953,DFW,PHX,Dallas/Fort Worth Intl,32.8998,-97.0403,Phoenix Sky Harbor Intl,33.4342,-112.0116
850,1655,CLT,JFK,Charlotte Douglas Intl,35.214,-80.9431,John F. Kennedy Intl,40.6413,-73.7781
851,3911,SEA,IAH,Seattle-Tacoma Intl,47.4502,-122.3088,George Bush Intercontinental,29.9902,-95.3368
852,779,IAH,MSP,George Bush Intercontinental,29.9902,-95.3368,Minneapolis–Saint Paul Intl,44.883,-93.21
853,2400,MSP,CLT,Minneapolis–Saint Paul Intl,44.883,-93.21,Charlotte Douglas Intl,35.214,-80.9431
854,3261,MIA,JFK,Miami Intl,25.7959,-80.287,John F. Kennedy Intl,40.6413,-73.7781
855,3513,SFO,DEN,San Francisco Intl,37.6213,-122.379,Denver Intl,39.8561,-104.6737
856,697,ATL,JFK,Hartsfield-Jackson Atlanta Intl,33.6407,-84.4277,John F. Kennedy Intl,40.6413,-73.7781
857,1798,ORD,PHX,Chicago O’Hare Intl,41.9742,-87.9073,Phoenix Sky Harbor Intl,33.4342,-112.0116
858,1922,IAH,SFO,George Bush Intercontinental,29.9902,-95.3368,San Francisco Intl,37.6213,-122.379
859,866,CLT,BOS,Charlotte Douglas Intl,35.214,-80.9431,Boston Logan Intl,42.3656,-71.0096
860,1047,LAS,DEN,Las Vegas McCarran Intl,36.084,-115.1537,Denver Intl,39.8561,-104.6737
861,364,MIA,ATL,Miami Intl,25.7959,-80.287,Hartsfield-Jackson Atlanta Intl,33.6407,-84.4277
862,583,MSP,SEA,Minneapolis–Saint Paul Intl,44.883,-93.21,Seattle-Tacoma Intl,47.4502,-122.3088
863,113,CLT,DFW,Charlotte Douglas Intl,35.214,-80.9431,Dallas/Fort Worth Intl,32.8998,-97.0403
864,2458,ATL,MIA,Hartsfield-Jackson Atlanta Intl,33.6407,-84.4277,Miami Intl,25.7959,-80.287
865,2063,MIA,LAS,Miami Intl,25.7959,-80.287,Las Vegas McCarran Intl,36.084,-115.1537
866,1754,SEA,BOS,Seattle-Tacoma Intl,47.4502,-122.3088,Boston Logan Intl,42.3656,-71.0096
867,3453,ATL,CLT,Hartsfield-Jackson Atlanta Intl,33.6407,-84.4277,Charlotte Douglas Intl,35.214,-80.9431
868,2803,JFK,BOS,John F. Kennedy Intl,40.6413,-73.7781,Boston Logan Intl,42.3656,-71.0096
869,2255,DEN,ATL,Denver Intl,39.8561,-104.6737,Hartsfield-Jackson Atlanta Intl,33.6407,-84.4277
870,558,JFK,ORD,John F. Kennedy Intl,40.6413,-73.7781,Chicago O’Hare Intl,41.9742,-87.9073
871,920,BOS,ORD,Boston Logan Intl,42.3656,-71.0096,Chicago O’Hare Intl,41.9742,-87.9073
872,401,CLT,BOS,Charlotte Douglas Intl,35.214,-80.9431,Boston Logan Intl,42.3656,-71.0096
873,1605,IAH,CLT,George Bush Intercontinental,29.9902,-95.3368,Charlotte Douglas Intl,35.214,-80.9431
874,563,IAH,CLT,George Bush Intercontinental,29.9902,-95.3368,Charlotte Douglas Intl,35.214,-80.9431
875,3858,IAH,DFW,George Bush Intercontinental,29.9902,-95.3368,Dallas/Fort Worth Intl,32.8998,-97.0403
876,2419,MSP,JFK,Minneapolis–Saint Paul Intl,44.883,-93.21,John F. Kennedy Intl,40.6413,-73.7781
877,95,DEN,MSP,Denver Intl,39.8561,-104.6737,Minneapolis–Saint Paul Intl,44.883,-93.21
878,2149,JFK,SFO,John F. Kennedy Intl,40.6413,-73.7781,San Francisco Intl,37.6213,-122.379
879,396,DEN,BOS,Denver Intl,39.8561,-104.6737,Boston Logan Intl,42.3656,-71.0096
880,900,PHX,DFW,Phoenix Sky Harbor Intl,33.4342,-112.0116,Dallas/Fort Worth Intl,32.8998,-97.0403
881,2904,CLT,JFK,Charlotte Douglas Intl,35.214,-80.9431,John F. Kennedy Intl,40.6413,-73.7781
882,2570,DEN,PHX,Denver Intl,39.8561,-104.6737,Phoenix Sky Harbor Intl,33.4342,-112.0116
883,2091,DFW,ATL,Dallas/Fort Worth Intl,32.8998,-97.0403,Hartsfield-Jackson Atlanta Intl,33.6407,-84.4277
884,3687,ORD,LAS,Chicago O’Hare Intl,41.9742,-87.9073,Las Vegas McCarran Intl,36.084,-115.1537
885,207,ORD,SEA,Chicago O’Hare Intl,41.9742,-87.9073,Seattle-Tacoma Intl,47.4502,-122.3088
886,2158,DFW,SFO,Dallas/Fort Worth Intl,32.8998,-97.0403,San Francisco Intl,37.6213,-122.379
887,2853,MIA,MSP,Miami Intl,25.7959,-80.287,Minneapolis–Saint Paul Intl,44.883,-93.21
888,3934,LAX,PHX,Los Angeles Intl,33.9416,-118.4085,Phoenix Sky Harbor Intl,33.4342,-112.0116
889,1464,MSP,PHX,Minneapolis–Saint Paul Intl,44.883,-93.21,Phoenix Sky Harbor Intl,33.4342,-112.0116
890,1202,MIA,LAX,Miami Intl,25.7959,-80.287,Los Angeles Intl,33.9416,-118.4085
891,1152,ATL,ORD,Hartsfield-Jackson Atlanta Intl,33.6407,-84.4277,Chicago O’Hare Intl,41.9742,-87.9073
892,2500,LAS,LAX,Las Vegas McCarran Intl,36.084,-115.1537,Los Angeles Intl,33.9416,-118.4085
893,1541,MSP,ATL,Minneapolis–Saint Paul Intl,44.883,-93.21,Hartsfield-Jackson Atlanta Intl,33.6407,-84.4277
894,714,MSP,ORD,Minneapolis–Saint Paul Intl,44.883,-93.21,Chicago O’Hare Intl,41.9742,-87.9073
895,273,ATL,DEN,Hartsfield-Jackson Atlanta Intl,33.6407,-84.4277,Denver Intl,39.8561,-104.6737
896,2026,DEN,LAS,Denver Intl,39.8561,-104.6737,Las Vegas McCarran Intl,36.084,-115.1537
897,763,JFK,PHX,John F. Kennedy Intl,40.6413,-73.7781,Phoenix Sky Harbor Intl,33.4342,-112.0116
898,643,JFK,LAX,John F. Kennedy Intl,40.6413,-73.7781,Los Angeles Intl,33.9416,-118.4085
899,1619,ORD,CLT,Chicago O’Hare Intl,41.9742,-87.9073,Charlotte Douglas Intl,35.214,-80.9431
900,3410,SFO,ORD,San Francisco Intl,37.6213,-122.379,Chicago O’Hare Intl,41.9742,-87.9073
901,999,MIA,MSP,Miami Intl,25.7959,-80.287,Minneapolis–Saint Paul Intl,44.883,-93.21
902,2640,PHX,MSP,Phoenix Sky Harbor Intl,33.4342,-112.0116,Minneapolis–Saint Paul Intl,44.883,-93.21
903,1363,CLT,MSP,Charlotte Douglas Intl,35.214,-80.9431,Minneapolis–Saint Paul Intl,44.883,-93.21
904,2445,BOS,DFW,Boston Logan Intl,42.3656,-71.0096,Dallas/Fort Worth Intl,32.8998,-97.0403
905,3936,SEA,SFO,Seattle-Tacoma Intl,47.4502,-122.3088,San Francisco Intl,37.6213,-122.379
906,3372,JFK,IAH,John F. Kennedy Intl,40.6413,-73.7781,George Bush Intercontinental,29.9902,-95.3368
907,283,CLT,ORD,Charlotte Douglas Intl,35.214,-80.9431,Chicago O’Hare Intl,41.9742,-87.9073
908,137,SEA,MSP,Seattle-Tacoma Intl,47.4502,-122.3088,Minneapolis–Saint Paul Intl,44.883,-93.21
909,240,CLT,MIA,Charlotte Douglas Intl,35.214,-80.9431,Miami Intl,25.7959,-80.287
910,444,DEN,SEA,Denver Intl,39.8561,-104.6737,Seattle-Tacoma Intl,47.4502,-122.3088
911,1903,SEA,DFW,Seattle-Tacoma Intl,47.4502,-122.3088,Dallas/Fort Worth Intl,32.8998,-97.0403
912,227,BOS,IAH,Boston Logan Intl,42.3656,-71.0096,George Bush Intercontinental,29.9902,-95.3368
913,1709,CLT,ATL,Charlotte Douglas Intl,35.214,-80.9431,Hartsfield-Jackson Atlanta Intl,33.6407,-84.4277
914,3472,DFW,ATL,Dallas/Fort Worth Intl,32.8998,-97.0403,Hartsfield-Jackson Atlanta Intl,33.6407,-84.4277
915,2288,BOS,ATL,Boston Logan Intl,42.3656,-71.0096,Hartsfield-Jackson Atlanta Intl,33.6407,-84.4277
916,803,SEA,ATL,Seattle-Tacoma Intl,47.4502,-122.3088,Hartsfield-Jackson Atlanta Intl,33.6407,-84.4277
917,1031,BOS,SEA,Boston Logan Intl,42.3656,-71.0096,Seattle-Tacoma Intl,47.4502,-122.3088
918,1904,CLT,ORD,Charlotte Douglas Intl,35.214,-80.9431,Chicago O’Hare Intl,41.9742,-87.9073
919,3461,LAX,MSP,Los Angeles Intl,33.9416,-118.4085,Minneapolis–Saint Paul Intl,44.883,-93.21
920,1671,CLT,JFK,Charlotte Douglas Intl,35.214,-80.9431,John F. Kennedy Intl,40.6413,-73.7781
921,857,CLT,ORD,Charlotte Douglas Intl,35.214,-80.9431,Chicago O’Hare Intl,41.9742,-87.9073
922,1842,DEN,PHX,Denver Intl,39.8561,-104.6737,Phoenix Sky Harbor Intl,33.4342,-112.0116
923,116,MIA,DEN,Miami Intl,25.7959,-80.287,Denver Intl,39.8561,-104.6737
924,2322,DFW,IAH,Dallas/Fort Worth Intl,32.8998,-97.0403,George Bush Intercontinental,29.9902,-95.3368
925,1491,PHX,MSP,Phoenix Sky Harbor Intl,33.4342,-112.0116,Minneapolis–Saint Paul Intl,44.883,-93.21
926,2462,JFK,LAS,John F. Kennedy Intl,40.6413,-73.7781,Las Vegas McCarran Intl,36.084,-115.1537
927,2621,MSP,IAH,Minneapolis–Saint Paul Intl,44.883,-93.21,George Bush Intercontinental,29.9902,-95.3368
928,3048,ATL,MSP,Hartsfield-Jackson Atlanta Intl,33.6407,-84.4277,Minneapolis–Saint Paul Intl,44.883,-93.21
929,435,MIA,SFO,Miami Intl,25.7959,-80.287,San Francisco Intl,37.6213,-122.379
930,1105,ATL,LAX,Hartsfield-Jackson Atlanta Intl,33.6407,-84.4277,Los Angeles Intl,33.9416,-118.4085
931,1220,DEN,JFK,Denver Intl,39.8561,-104.6737,John F. Kennedy Intl,40.6413,-73.7781
932,3187,DFW,IAH,Dallas/Fort Worth Intl,32.8998,-97.0403,George Bush Intercontinental,29.9902,-95.3368
933,3476,IAH,JFK,George Bush Intercontinental,29.9902,-95.3368,John F. Kennedy Intl,40.6413,-73.7781
934,3043,CLT,PHX,Charlotte Douglas Intl,35.214,-80.9431,Phoenix Sky Harbor Intl,33.4342,-112.0116
935,3316,IAH,ORD,George Bush Intercontinental,29.9902,-95.3368,Chicago O’Hare Intl,41.9742,-87.9073
936,3108,IAH,JFK,George Bush Intercontinental,29.9902,-95.3368,John F. Kennedy Intl,40.6413,-73.7781
937,3635,LAS,BOS,Las Vegas McCarran Intl,36.084,-115.1537,Boston Logan Intl,42.3656,-71.0096
938,585,ORD,BOS,Chicago O’Hare Intl,41.9742,-87.9073,Boston Logan Intl,42.3656,-71.0096
939,3724,IAH,LAS,George Bush Intercontinental,29.9902,-95.3368,Las Vegas McCarran Intl,36.084,-115.1537
940,3598,JFK,DEN,John F. Kennedy Intl,40.6413,-73.7781,Denver Intl,39.8561,-104.6737
941,1065,LAX,CLT,Los Angeles Intl,33.9416,-118.4085,Charlotte Douglas Intl,35.214,-80.9431
942,997,ORD,LAX,Chicago O’Hare Intl,41.9742,-87.9073,Los Angeles Intl,33.9416,-118.4085
943,1624,DEN,MIA,Denver Intl,39.8561,-104.6737,Miami Intl,25.7959,-80.287
944,1070,MSP,SEA,Minneapolis–Saint Paul Intl,44.883,-93.21,Seattle-Tacoma Intl,47.4502,-122.3088
945,1597,MIA,ORD,Miami Intl,25.7959,-80.287,Chicago O’Hare Intl,41.9742,-87.9073
946,1224,LAX,SEA,Los Angeles Intl,33.9416,-118.4085,Seattle-Tacoma Intl,47.4502,-122.3088
947,2726,BOS,LAS,Boston Logan Intl,42.3656,-71.0096,Las Vegas McCarran Intl,36.084,-115.1537
948,2270,SEA,MIA,Seattle-Tacoma Intl,47.4502,-122.3088,Miami Intl,25.7959,-80.287
949,3306,LAS,CLT,Las Vegas McCarran Intl,36.084,-115.1537,Charlotte Douglas Intl,35.214,-80.9431
950,489,LAX,MSP,Los Angeles Intl,33.9416,-118.4085,Minneapolis–Saint Paul Intl,44.883,-93.21
951,1119,PHX,ORD,Phoenix Sky Harbor Intl,33.4342,-112.0116,Chicago O’Hare Intl,41.9742,-87.9073
952,1502,IAH,ORD,George Bush Intercontinental,29.9902,-95.3368,Chicago O’Hare Intl,41.9742,-87.9073
953,3200,DEN,LAX,Denver Intl,39.8561,-104.6737,Los Angeles Intl,33.9416,-118.4085
954,3488,SFO,SEA,San Francisco Intl,37.6213,-122.379,Seattle-Tacoma Intl,47.4502,-122.3088
955,889,SEA,BOS,Seattle-Tacoma Intl,47.4502,-122.3088,Boston Logan Intl,42.3656,-71.0096
956,3749,ATL,MIA,Hartsfield-Jackson Atlanta Intl,33.6407,-84.4277,Miami Intl,25.7959,-80.287
957,1121,JFK,SEA,John F. Kennedy Intl,40.6413,-73.7781,Seattle-Tacoma Intl,47.4502,-122.3088
958,3428,ATL,SFO,Hartsfield-Jackson Atlanta Intl,33.6407,-84.4277,San Francisco Intl,37.6213,-122.379
959,3412,LAX,LAS,Los Angeles Intl,33.9416,-118.4085,Las Vegas McCarran Intl,36.084,-115.1537
960,1661,MSP,SFO,Minneapolis–Saint Paul Intl,44.883,-93.21,San Francisco Intl,37.6213,-122.379
961,1000,ATL,ORD,Hartsfield-Jackson Atlanta Intl,33.6407,-84.4277,Chicago O’Hare Intl,41.9742,-87.9073
962,417,PHX,ATL,Phoenix Sky Harbor Intl,33.4342,-112.0116,Hartsfield-Jackson Atlanta Intl,33.6407,-84.4277
963,234,DEN,DFW,Denver Intl,39.8561,-104.6737,Dallas/Fort Worth Intl,32.8998,-97.0403
964,1733,BOS,MIA,Boston Logan Intl,42.3656,-71.0096,Miami Intl,25.7959,-80.287
965,2844,MSP,DEN,Minneapolis–Saint Paul Intl,44.883,-93.21,Denver Intl,39.8561,-104.6737
966,3005,MIA,ATL,Miami Intl,25.7959,-80.287,Hartsfield-Jackson Atlanta Intl,33.6407,-84.4277
967,1652,JFK,MSP,John F. Kennedy Intl,40.6413,-73.7781,Minneapolis–Saint Paul Intl,44.883,-93.21
968,1171,PHX,DEN,Phoenix Sky Harbor Intl,33.4342,-112.0116,Denver Intl,39.8561,-104.6737
969,3277,PHX,IAH,Phoenix Sky Harbor Intl,33.4342,-112.0116,George Bush Intercontinental,29.9902,-95.3368
970,272,ATL,SEA,Hartsfield-Jackson Atlanta Intl,33.6407,-84.4277,Seattle-Tacoma Intl,47.4502,-122.3088
971,129,IAH,SEA,George Bush Intercontinental,29.9902,-95.3368,Seattle-Tacoma Intl,47.4502,-122.3088
972,151,ATL,DEN,Hartsfield-Jackson Atlanta Intl,33.6407,-84.4277,Denver Intl,39.8561,-104.6737
973,96,LAX,CLT,Los Angeles Intl,33.9416,-118.4085,Charlotte Douglas Intl,35.214,-80.9431
974,3805,MIA,BOS,Miami Intl,25.7959,-80.287,Boston Logan Intl,42.3656,-71.0096
975,2744,ORD,MSP,Chicago O’Hare Intl,41.9742,-87.9073,Minneapolis–Saint Paul Intl,44.883,-93.21
976,758,MSP,ATL,Minneapolis–Saint Paul Intl,44.883,-93.21,Hartsfield-Jackson Atlanta Intl,33.6407,-84.4277
977,1014,ATL,DFW,Hartsfield-Jackson Atlanta Intl,33.6407,-84.4277,Dallas/Fort Worth Intl,32.8998,-97.0403
978,184,DEN,ORD,Denver Intl,39.8561,-104.6737,Chicago O’Hare Intl,41.9742,-87.9073
979,663,SFO,LAX,San Francisco Intl,37.6213,-122.379,Los Angeles Intl,33.9416,-118.4085
980,481,JFK,MSP,John F. Kennedy Intl,40.6413,-73.7781,Minneapolis–Saint Paul Intl,44.883,-93.21
981,3643,CLT,SEA,Charlotte Douglas Intl,35.214,-80.9431,Seattle-Tacoma Intl,47.4502,-122.3088
982,3065,ATL,SFO,Hartsfield-Jackson Atlanta Intl,33.6407,-84.4277,San Francisco Intl,37.6213,-122.379
983,230,DEN,MIA,Denver Intl,39.8561,-104.6737,Miami Intl,25.7959,-80.287
984,1028,MSP,LAX,Minneapolis–Saint Paul Intl,44.883,-93.21,Los Angeles Intl,33.9416,-118.4085
985,2259,DEN,LAS,Denver Intl,39.8561,-104.6737,Las Vegas McCarran Intl,36.084,-115.1537
986,1217,JFK,LAS,John F. Kennedy Intl,40.6413,-73.7781,Las Vegas McCarran Intl,36.084,-115.1537
987,2276,ORD,DFW,Chicago O’Hare Intl,41.9742,-87.9073,Dallas/Fort Worth Intl,32.8998,-97.0403
988,268,DEN,LAS,Denver Intl,39.8561,-104.6737,Las Vegas McCarran Intl,36.084,-115.1537
989,2520,SFO,MSP,San Francisco Intl,37.6213,-122.379,Minneapolis–Saint Paul Intl,44.883,-93.21
990,146,DEN,JFK,Denver Intl,39.8561,-104.6737,John F. Kennedy Intl,40.6413,-73.7781
991,1590,DEN,PHX,Denver Intl,39.8561,-104.6737,Phoenix Sky Harbor Intl,33.4342,-112.0116
992,1130,DEN,ORD,Denver Intl,39.8561,-104.6737,Chicago O’Hare Intl,41.9742,-87.9073
993,1368,BOS,SEA,Boston Logan Intl,42.3656,-71.0096,Seattle-Tacoma Intl,47.4502,-122.3088
994,726,BOS,ORD,Boston Logan Intl,42.3656,-71.0096,Chicago O’Hare Intl,41.9742,-87.9073
995,1897,ORD,LAS,Chicago O’Hare Intl,41.9742,-87.9073,Las Vegas McCarran Intl,36.084,-115.1537
996,221,ATL,CLT,Hartsfield-Jackson Atlanta Intl,33.6407,-84.4277,Charlotte Douglas Intl,35.214,-80.9431
997,781,DEN,IAH,Denver Intl,39.8561,-104.6737,George Bush Intercontinental,29.9902,-95.3368
998,183,LAS,IAH,Las Vegas McCarran Intl,36.084,-115.1537,George Bush Intercontinental,29.9902,-95.3368
999,1713,MIA,LAX,Miami Intl,25.7959,-80.287,Los Angeles Intl,33.9416,-118.4085
1000,112,LAS,IAH,Las Vegas McCarran Intl,36.084,-115.1537,George Bush Intercontinental,29.9902,-95.3368
1001,2277,ATL,IAH,Hartsfield-Jackson Atlanta Intl,33.6407,-84.4277,George Bush Intercontinental,29.9902,-95.3368
1002,1533,ORD,IAH,Chicago O’Hare Intl,41.9742,-87.9073,George Bush Intercontinental,29.9902,-95.3368
1003,1136,IAH,PHX,George Bush Intercontinental,29.9902,-95.3368,Phoenix Sky Harbor Intl,33.4342,-112.0116
1004,2601,IAH,JFK,George Bush Intercontinental,29.9902,-95.3368,John F. Kennedy Intl,40.6413,-73.7781
1005,3825,DFW,LAX,Dallas/Fort Worth Intl,32.8998,-97.0403,Los Angeles Intl,33.9416,-118.4085
1006,3859,LAS,SEA,Las Vegas McCarran Intl,36.084,-115.1537,Seattle-Tacoma Intl,47.4502,-122.3088
1007,1931,ATL,PHX,Hartsfield-Jackson Atlanta Intl,33.6407,-84.4277,Phoenix Sky Harbor Intl,33.4342,-112.0116
1008,3136,ATL,SFO,Hartsfield-Jackson Atlanta Intl,33.6407,-84.4277,San Francisco Intl,37.6213,-122.379
1009,526,SEA,LAX,Seattle-Tacoma Intl,47.4502,-122.3088,Los Angeles Intl,33.9416,-118.4085
1010,912,LAX,BOS,Los Angeles Intl,33.9416,-118.4085,Boston Logan Intl,42.3656,-71.0096
1011,479,CLT,MIA,Charlotte Douglas Intl,35.214,-80.9431,Miami Intl,25.7959,-80.287
1012,3153,MSP,JFK,Minneapolis–Saint Paul Intl,44.883,-93.21,John F. Kennedy Intl,40.6413,-73.7781
1013,3458,SEA,CLT,Seattle-Tacoma Intl,47.4502,-122.3088,Charlotte Douglas Intl,35.214,-80.9431
1014,1126,SFO,LAX,San Francisco Intl,37.6213,-122.379,Los Angeles Intl,33.9416,-118.4085
1015,1504,BOS,LAX,Boston Logan Intl,42.3656,-71.0096,Los Angeles Intl,33.9416,-118.4085
1016,152,BOS,PHX,Boston Logan Intl,42.3656,-71.0096,Phoenix Sky Harbor Intl,33.4342,-112.0116
1017,3829,LAX,IAH,Los Angeles Intl,33.9416,-118.4085,George Bush Intercontinental,29.9902,-95.3368
1018,2194,JFK,SEA,John F. Kennedy Intl,40.6413,-73.7781,Seattle-Tacoma Intl,47.4502,-122.3088
1019,3264,JFK,MSP,John F. Kennedy Intl,40.6413,-73.7781,Minneapolis–Saint Paul Intl,44.883,-93.21
1020,319,ORD,MSP,Chicago O’Hare Intl,41.9742,-87.9073,Minneapolis–Saint Paul Intl,44.883,-93.21
1021,2294,PHX,CLT,Phoenix Sky Harbor Intl,33.4342,-112.0116,Charlotte Douglas Intl,35.214,-80.9431
1022,620,LAX,BOS,Los Angeles Intl,33.9416,-118.4085,Boston Logan Intl,42.3656,-71.0096
1023,1939,CLT,SFO,Charlotte Douglas Intl,35.214,-80.9431,San Francisco Intl,37.6213,-122.379
1024,554,ATL,ORD,Hartsfield-Jackson Atlanta Intl,33.6407,-84.4277,Chicago O’Hare Intl,41.9742,-87.9073
1025,3161,JFK,SEA,John F. Kennedy Intl,40.6413,-73.7781,Seattle-Tacoma Intl,47.4502,-122.3088
1026,1610,CLT,SFO,Charlotte Douglas Intl,35.214,-80.9431,San Francisco Intl,37.6213,-122.379
1027,100,DEN,LAS,Denver Intl,39.8561,-104.6737,Las Vegas McCarran Intl,36.084,-115.1537
1028,604,LAS,SEA,Las Vegas McCarran Intl,36.084,-115.1537,Seattle-Tacoma Intl,47.4502,-122.3088
1029,3652,LAS,LAX,Las Vegas McCarran Intl,36.084,-115.1537,Los Angeles Intl,33.9416,-118.4085
1030,3460,PHX,SFO,Phoenix Sky Harbor Intl,33.4342,-112.0116,San Francisco Intl,37.6213,-122.379
1031,2231,MIA,PHX,Miami Intl,25.7959,-80.287,Phoenix Sky Harbor Intl,33.4342,-112.0116
1032,670,ATL,JFK,Hartsfield-Jackson Atlanta Intl,33.6407,-84.4277,John F. Kennedy Intl,40.6413,-73.7781
1033,259,MSP,IAH,Minneapolis–Saint Paul Intl,44.883,-93.21,George Bush Intercontinental,29.9902,-95.3368
1034,3851,MSP,SFO,Minneapolis–Saint Paul Intl,44.883,-93.21,San Francisco Intl,37.6213,-122.379
1035,3695,SFO,DEN,San Francisco Intl,37.6213,-122.379,Denver Intl,39.8561,-104.6737
1036,1172,MSP,SFO,Minneapolis–Saint Paul Intl,44.883,-93.21,San Francisco Intl,37.6213,-122.379
1037,873,DEN,ATL,Denver Intl,39.8561,-104.6737,Hartsfield-Jackson Atlanta Intl,33.6407,-84.4277
1038,542,DEN,ATL,Denver Intl,39.8561,-104.6737,Hartsfield-Jackson Atlanta Intl,33.6407,-84.4277
1039,222,LAS,MIA,Las Vegas McCarran Intl,36.084,-115.1537,Miami Intl,25.7959,-80.287
1040,1417,LAX,LAS,Los Angeles Intl,33.9416,-118.4085,Las Vegas McCarran Intl,36.084,-115.1537
1041,2298,PHX,DEN,Phoenix Sky Harbor Intl,33.4342,-112.0116,Denver Intl,39.8561,-104.6737
1042,3608,ORD,IAH,Chicago O’Hare Intl,41.9742,-87.9073,George Bush Intercontinental,29.9902,-95.3368
1043,3842,SFO,DEN,San Francisco Intl,37.6213,-122.379,Denver Intl,39.8561,-104.6737
1044,2751,JFK,ORD,John F. Kennedy Intl,40.6413,-73.7781,Chicago O’Hare Intl,41.9742,-87.9073
1045,2790,CLT,DEN,Charlotte Douglas Intl,35.214,-80.9431,Denver Intl,39.8561,-104.6737
1046,383,LAX,ORD,Los Angeles Intl,33.9416,-118.4085,Chicago O’Hare Intl,41.9742,-87.9073
1047,1688,JFK,MIA,John F. Kennedy Intl,40.6413,-73.7781,Miami Intl,25.7959,-80.287
1048,2182,LAX,MIA,Los Angeles Intl,33.9416,-118.4085,Miami Intl,25.7959,-80.287
1049,321,LAX,JFK,Los Angeles Intl,33.9416,-118.4085,John F. Kennedy Intl,40.6413,-73.7781
1050,934,LAX,MSP,Los Angeles Intl,33.9416,-118.4085,Minneapolis–Saint Paul Intl,44.883,-93.21
1051,1905,LAS,ATL,Las Vegas McCarran Intl,36.084,-115.1537,Hartsfield-Jackson Atlanta Intl,33.6407,-84.4277
1052,2145,MSP,SFO,Minneapolis–Saint Paul Intl,44.883,-93.21,San Francisco Intl,37.6213,-122.379
1053,1568,PHX,SFO,Phoenix Sky Harbor Intl,33.4342,-112.0116,San Francisco Intl,37.6213,-122.379
1054,1986,ORD,LAS,Chicago O’Hare Intl,41.9742,-87.9073,Las Vegas McCarran Intl,36.084,-115.1537
1055,1044,MSP,BOS,Minneapolis–Saint Paul Intl,44.883,-93.21,Boston Logan Intl,42.3656,-71.0096
1056,2799,LAX,BOS,Los Angeles Intl,33.9416,-118.4085,Boston Logan Intl,42.3656,-71.0096
1057,3533,DFW,DEN,Dallas/Fort Worth Intl,32.8998,-97.0403,Denver Intl,39.8561,-104.6737
1058,1626,MIA,SEA,Miami Intl,25.7959,-80.287,Seattle-Tacoma Intl,47.4502,-122.3088
1059,2773,JFK,SEA,John F. Kennedy Intl,40.6413,-73.7781,Seattle-Tacoma Intl,47.4502,-122.3088
1060,2370,ATL,DFW,Hartsfield-Jackson Atlanta Intl,33.6407,-84.4277,Dallas/Fort Worth Intl,32.8998,-97.0403
1061,355,SEA,DFW,Seattle-Tacoma Intl,47.4502,-122.3088,Dallas/Fort Worth Intl,32.8998,-97.0403
1062,150,MSP,LAX,Minneapolis–Saint Paul Intl,44.883,-93.21,Los Angeles Intl,33.9416,-118.4085
1063,3591,CLT,LAS,Charlotte Douglas Intl,35.214,-80.9431,Las Vegas McCarran Intl,36.084,-115.1537
1064,2553,LAS,LAX,Las Vegas McCarran Intl,36.084,-115.1537,Los Angeles Intl,33.9416,-118.4085
1065,1895,SFO,CLT,San Francisco Intl,37.6213,-122.379,Charlotte Douglas Intl,35.214,-80.9431
1066,2725,BOS,LAS,Boston Logan Intl,42.3656,-71.0096,Las Vegas McCarran Intl,36.084,-115.1537
1067,1011,ORD,DFW,Chicago O’Hare Intl,41.9742,-87.9073,Dallas/Fort Worth Intl,32.8998,-97.0403
1068,2191,ATL,DEN,Hartsfield-Jackson Atlanta Intl,33.6407,-84.4277,Denver Intl,39.8561,-104.6737
1069,1017,DEN,SEA,Denver Intl,39.8561,-104.6737,Seattle-Tacoma Intl,47.4502,-122.3088
1070,3128,IAH,MSP,George Bush Intercontinental,29.9902,-95.3368,Minneapolis–Saint Paul Intl,44.883,-93.21
1071,241,DFW,JFK,Dallas/Fort Worth Intl,32.8998,-97.0403,John F. Kennedy Intl,40.6413,-73.7781
1072,2591,BOS,LAS,Boston Logan Intl,42.3656,-71.0096,Las Vegas McCarran Intl,36.084,-115.1537
1073,3376,SEA,MSP,Seattle-Tacoma Intl,47.4502,-122.3088,Minneapolis–Saint Paul Intl,44.883,-93.21
1074,789,ATL,DFW,Hartsfield-Jackson Atlanta Intl,33.6407,-84.4277,Dallas/Fort Worth Intl,32.8998,-97.0403
1075,250,BOS,IAH,Boston Logan Intl,42.3656,-71.0096,George Bush Intercontinental,29.9902,-95.3368
1076,672,ATL,PHX,Hartsfield-Jackson Atlanta Intl,33.6407,-84.4277,Phoenix Sky Harbor Intl,33.4342,-112.0116
1077,2409,CLT,SFO,Charlotte Douglas Intl,35.214,-80.9431,San Francisco Intl,37.6213,-122.379
1078,3425,DFW,SEA,Dallas/Fort Worth Intl,32.8998,-97.0403,Seattle-Tacoma Intl,47.4502,-122.3088
1079,571,SEA,LAX,Seattle-Tacoma Intl,47.4502,-122.3088,Los Angeles Intl,33.9416,-118.4085
1080,3469,DEN,CLT,Denver Intl,39.8561,-104.6737,Charlotte Douglas Intl,35.214,-80.9431
1081,1324,LAX,SFO,Los Angeles Intl,33.9416,-118.4085,San Francisco Intl,37.6213,-122.379
1082,121,JFK,MSP,John F. Kennedy Intl,40.6413,-73.7781,Minneapolis–Saint Paul Intl,44.883,-93.21
1083,2226,DEN,LAS,Denver Intl,39.8561,-104.6737,Las Vegas McCarran Intl,36.084,-115.1537
1084,2551,LAX,IAH,Los Angeles Intl,33.9416,-118.4085,George Bush Intercontinental,29.9902,-95.3368
1085,845,IAH,LAX,George Bush Intercontinental,29.9902,-95.3368,Los Angeles Intl,33.9416,-118.4085
1086,717,LAS,SEA,Las Vegas McCarran Intl,36.084,-115.1537,Seattle-Tacoma Intl,47.4502,-122.3088
1087,1844,PHX,LAX,Phoenix Sky Harbor Intl,33.4342,-112.0116,Los Angeles Intl,33.9416,-118.4085
1088,1907,PHX,MSP,Phoenix Sky Harbor Intl,33.4342,-112.0116,Minneapolis–Saint Paul Intl,44.883,-93.21
1089,3478,PHX,LAX,Phoenix Sky Harbor Intl,33.4342,-112.0116,Los Angeles Intl,33.9416,-118.4085
1090,848,ORD,MIA,Chicago O’Hare Intl,41.9742,-87.9073,Miami Intl,25.7959,-80.287
1091,1092,MSP,CLT,Minneapolis–Saint Paul Intl,44.883,-93.21,Charlotte Douglas Intl,35.214,-80.9431
1092,849,MIA,ATL,Miami Intl,25.7959,-80.287,Hartsfield-Jackson Atlanta Intl,33.6407,-84.4277
1093,633,SFO,MSP,San Francisco Intl,37.6213,-122.379,Minneapolis–Saint Paul Intl,44.883,-93.21
1094,930,SFO,MIA,San Francisco Intl,37.6213,-122.379,Miami Intl,25.7959,-80.287
1095,2565,MSP,ATL,Minneapolis–Saint Paul Intl,44.883,-93.21,Hartsfield-Jackson Atlanta Intl,33.6407,-84.4277
1096,2422,PHX,ATL,Phoenix Sky Harbor Intl,33.4342,-112.0116,Hartsfield-Jackson Atlanta Intl,33.6407,-84.4277
1097,784,JFK,BOS,John F. Kennedy Intl,40.6413,-73.7781,Boston Logan Intl,42.3656,-71.0096
1098,929,SEA,IAH,Seattle-Tacoma Intl,47.4502,-122.3088,George Bush Intercontinental,29.9902,-95.3368
1099,671,DFW,BOS,Dallas/Fort Worth Intl,32.8998,-97.0403,Boston Logan Intl,42.3656,-71.0096
1100,1535,SEA,LAX,Seattle-Tacoma Intl,47.4502,-122.3088,Los Angeles Intl,33.9416,-118.4085
1101,476,DFW,JFK,Dallas/Fort Worth Intl,32.8998,-97.0403,John F. Kennedy Intl,40.6413,-73.7781
1102,334,SEA,JFK,Seattle-Tacoma Intl,47.4502,-122.3088,John F. Kennedy Intl,40.6413,-73.7781
1103,2819,MIA,ATL,Miami Intl,25.7959,-80.287,Hartsfield-Jackson Atlanta Intl,33.6407,-84.4277
1104,2832,ORD,SFO,Chicago O’Hare Intl,41.9742,-87.9073,San Francisco Intl,37.6213,-122.379
1105,3777,ORD,SEA,Chicago O’Hare Intl,41.9742,-87.9073,Seattle-Tacoma Intl,47.4502,-122.3088
1106,2676,PHX,LAX,Phoenix Sky Harbor Intl,33.4342,-112.0116,Los Angeles Intl,33.9416,-118.4085
1107,1045,IAH,SEA,George Bush Intercontinental,29.9902,-95.3368,Seattle-Tacoma Intl,47.4502,-122.3088
1108,3365,LAX,MIA,Los Angeles Intl,33.9416,-118.4085,Miami Intl,25.7959,-80.287
1109,3036,IAH,JFK,George Bush Intercontinental,29.9902,-95.3368,John F. Kennedy Intl,40.6413,-73.7781
1110,2560,BOS,DEN,Boston Logan Intl,42.3656,-71.0096,Denver Intl,39.8561,-104.6737
1111,2590,ORD,CLT,Chicago O’Hare Intl,41.9742,-87.9073,Charlotte Douglas Intl,35.214,-80.9431
1112,278,ORD,MIA,Chicago O’Hare Intl,41.9742,-87.9073,Miami Intl,25.7959,-80.287
1113,1756,DEN,IAH,Denver Intl,39.8561,-104.6737,George Bush Intercontinental,29.9902,-95.3368
1114,1607,DEN,CLT,Denver Intl,39.8561,-104.6737,Charlotte Douglas Intl,35.214,-80.9431
1115,2599,LAX,PHX,Los Angeles Intl,33.9416,-118.4085,Phoenix Sky Harbor Intl,33.4342,-112.0116
1116,3776,CLT,MIA,Charlotte Douglas Intl,35.214,-80.9431,Miami Intl,25.7959,-80.287
1117,1099,BOS,ATL,Boston Logan Intl,42.3656,-71.0096,Hartsfield-Jackson Atlanta Intl,33.6407,-84.4277
1118,1275,IAH,PHX,George Bush Intercontinental,29.9902,-95.3368,Phoenix Sky Harbor Intl,33.4342,-112.0116
1119,1181,JFK,ORD,John F. Kennedy Intl,40.6413,-73.7781,Chicago O’Hare Intl,41.9742,-87.9073
1120,2308,DEN,MIA,Denver Intl,39.8561,-104.6737,Miami Intl,25.7959,-80.287
1121,3942,JFK,PHX,John F. Kennedy Intl,40.6413,-73.7781,Phoenix Sky Harbor Intl,33.4342,-112.0116
1122,1564,ATL,LAX,Hartsfield-Jackson Atlanta Intl,33.6407,-84.4277,Los Angeles Intl,33.9416,-118.4085
1123,3124,DEN,CLT,Denver Intl,39.8561,-104.6737,Charlotte Douglas Intl,35.214,-80.9431
1124,3414,MIA,DFW,Miami Intl,25.7959,-80.287,Dallas/Fort Worth Intl,32.8998,-97.0403
1125,3866,CLT,DFW,Charlotte Douglas Intl,35.214,-80.9431,Dallas/Fort Worth Intl,32.8998,-97.0403
1126,1735,BOS,LAX,Boston Logan Intl,42.3656,-71.0096,Los Angeles Intl,33.9416,-118.4085
1127,669,LAS,MSP,Las Vegas McCarran Intl,36.084,-115.1537,Minneapolis–Saint Paul Intl,44.883,-93.21
1128,3018,LAX,ORD,Los Angeles Intl,33.9416,-118.4085,Chicago O’Hare Intl,41.9742,-87.9073
1129,2103,ATL,IAH,Hartsfield-Jackson Atlanta Intl,33.6407,-84.4277,George Bush Intercontinental,29.9902,-95.3368
1130,2160,LAS,ORD,Las Vegas McCarran Intl,36.084,-115.1537,Chicago O’Hare Intl,41.9742,-87.9073
1131,1674,BOS,ATL,Boston Logan Intl,42.3656,-71.0096,Hartsfield-Jackson Atlanta Intl,33.6407,-84.4277
1132,3734,IAH,JFK,George Bush Intercontinental,29.9902,-95.3368,John F. Kennedy Intl,40.6413,-73.7781
1133,621,PHX,SEA,Phoenix Sky Harbor Intl,33.4342,-112.0116,Seattle-Tacoma Intl,47.4502,-122.3088
1134,1004,MIA,CLT,Miami Intl,25.7959,-80.287,Charlotte Douglas Intl,35.214,-80.9431
1135,2386,BOS,ORD,Boston Logan Intl,42.3656,-71.0096,Chicago O’Hare Intl,41.9742,-87.9073
1136,127,MIA,DEN,Miami Intl,25.7959,-80.287,Denver Intl,39.8561,-104.6737
1137,725,MSP,ATL,Minneapolis–Saint Paul Intl,44.883,-93.21,Hartsfield-Jackson Atlanta Intl,33.6407,-84.4277
1138,987,MIA,BOS,Miami Intl,25.7959,-80.287,Boston Logan Intl,42.3656,-71.0096
1139,2861,JFK,SFO,John F. Kennedy Intl,40.6413,-73.7781,San Francisco Intl,37.6213,-122.379
1140,829,MSP,BOS,Minneapolis–Saint Paul Intl,44.883,-93.21,Boston Logan Intl,42.3656,-71.0096
1141,2156,SEA,IAH,Seattle-Tacoma Intl,47.4502,-122.3088,George Bush Intercontinental,29.9902,-95.3368
1142,2497,LAS,ATL,Las Vegas McCarran Intl,36.084,-115.1537,Hartsfield-Jackson Atlanta Intl,33.6407,-84.4277
1143,1983,PHX,CLT,Phoenix Sky Harbor Intl,33.4342,-112.0116,Charlotte Douglas Intl,35.214,-80.9431
1144,2338,MSP,PHX,Minneapolis–Saint Paul Intl,44.883,-93.21,Phoenix Sky Harbor Intl,33.4342,-112.0116
1145,3870,IAH,MIA,George Bush Intercontinental,29.9902,-95.3368,Miami Intl,25.7959,-80.287
1146,441,ATL,SEA,Hartsfield-Jackson Atlanta Intl,33.6407,-84.4277,Seattle-Tacoma Intl,47.4502,-122.3088
1147,840,BOS,SFO,Boston Logan Intl,42.3656,-71.0096,San Francisco Intl,37.6213,-122.379
1148,2562,DFW,BOS,Dallas/Fort Worth Intl,32.8998,-97.0403,Boston Logan Intl,42.3656,-71.0096
1149,3877,ATL,MSP,Hartsfield-Jackson Atlanta Intl,33.6407,-84.4277,Minneapolis–Saint Paul Intl,44.883,-93.21
1150,1855,SEA,SFO,Seattle-Tacoma Intl,47.4502,-122.3088,San Francisco Intl,37.6213,-122.379
1151,599,ATL,DEN,Hartsfield-Jackson Atlanta Intl,33.6407,-84.4277,Denver Intl,39.8561,-104.6737
1152,2366,ORD,DEN,Chicago O’Hare Intl,41.9742,-87.9073,Denver Intl,39.8561,-104.6737
1153,2598,IAH,PHX,George Bush Intercontinental,29.9902,-95.3368,Phoenix Sky Harbor Intl,33.4342,-112.0116
1154,295,DFW,IAH,Dallas/Fort Worth Intl,32.8998,-97.0403,George Bush Intercontinental,29.9902,-95.3368
1155,3283,MSP,DEN,Minneapolis–Saint Paul Intl,44.883,-93.21,Denver Intl,39.8561,-104.6737
1156,2865,MSP,ATL,Minneapolis–Saint Paul Intl,44.883,-93.21,Hartsfield-Jackson Atlanta Intl,33.6407,-84.4277
1157,2811,MSP,SEA,Minneapolis–Saint Paul Intl,44.883,-93.21,Seattle-Tacoma Intl,47.4502,-122.3088
1158,3351,SEA,CLT,Seattle-Tacoma Intl,47.4502,-122.3088,Charlotte Douglas Intl,35.214,-80.9431
1159,2653,JFK,PHX,John F. Kennedy Intl,40.6413,-73.7781,Phoenix Sky Harbor Intl,33.4342,-112.0116
1160,248,LAS,ATL,Las Vegas McCarran Intl,36.084,-115.1537,Hartsfield-Jackson Atlanta Intl,33.6407,-84.4277
1161,1250,BOS,DFW,Boston Logan Intl,42.3656,-71.0096,Dallas/Fort Worth Intl,32.8998,-97.0403
1162,1222,CLT,MSP,Charlotte Douglas Intl,35.214,-80.9431,Minneapolis–Saint Paul Intl,44.883,-93.21
1163,985,SFO,MIA,San Francisco Intl,37.6213,-122.379,Miami Intl,25.7959,-80.287
1164,2399,LAS,ORD,Las Vegas McCarran Intl,36.084,-115.1537,Chicago O’Hare Intl,41.9742,-87.9073
1165,2110,SEA,MIA,Seattle-Tacoma Intl,47.4502,-122.3088,Miami Intl,25.7959,-80.287
1166,357,LAX,DEN,Los Angeles Intl,33.9416,-118.4085,Denver Intl,39.8561,-104.6737
1167,166,IAH,DFW,George Bush Intercontinental,29.9902,-95.3368,Dallas/Fort Worth Intl,32.8998,-97.0403
1168,2383,BOS,ORD,Boston Logan Intl,42.3656,-71.0096,Chicago O’Hare Intl,41.9742,-87.9073
1169,1618,LAS,ORD,Las Vegas McCarran Intl,36.084,-115.1537,Chicago O’Hare Intl,41.9742,-87.9073
1170,1422,PHX,CLT,Phoenix Sky Harbor Intl,33.4342,-112.0116,Charlotte Douglas Intl,35.214,-80.9431
1171,436,SEA,DEN,Seattle-Tacoma Intl,47.4502,-122.3088,Denver Intl,39.8561,-104.6737
1172,596,ORD,BOS,Chicago O’Hare Intl,41.9742,-87.9073,Boston Logan Intl,42.3656,-71.0096
1173,2774,SFO,ATL,San Francisco Intl,37.6213,-122.379,Hartsfield-Jackson Atlanta Intl,33.6407,-84.4277
1174,1800,ORD,DEN,Chicago O’Hare Intl,41.9742,-87.9073,Denver Intl,39.8561,-104.6737
1175,3861,MSP,JFK,Minneapolis–Saint Paul Intl,44.883,-93.21,John F. Kennedy Intl,40.6413,-73.7781
1176,3145,SFO,IAH,San Francisco Intl,37.6213,-122.379,George Bush Intercontinental,29.9902,-95.3368
1177,293,LAS,CLT,Las Vegas McCarran Intl,36.084,-115.1537,Charlotte Douglas Intl,35.214,-80.9431
1178,2978,PHX,MIA,Phoenix Sky Harbor Intl,33.4342,-112.0116,Miami Intl,25.7959,-80.287
1179,363,MSP,ORD,Minneapolis–Saint Paul Intl,44.883,-93.21,Chicago O’Hare Intl,41.9742,-87.9073
1180,2365,CLT,MSP,Charlotte Douglas Intl,35.214,-80.9431,Minneapolis–Saint Paul Intl,44.883,-93.21
1181,3803,IAH,LAX,George Bush Intercontinental,29.9902,-95.3368,Los Angeles Intl,33.9416,-118.4085
1182,408,LAX,LAS,Los Angeles Intl,33.9416,-118.4085,Las Vegas McCarran Intl,36.084,-115.1537
1183,1048,BOS,ORD,Boston Logan Intl,42.3656,-71.0096,Chicago O’Hare Intl,41.9742,-87.9073
1184,4963,JFK,CLT,John F. Kennedy Intl,40.6413,-73.7781,Charlotte Douglas Intl,35.214,-80.9431
1185,795,ORD,MIA,Chicago O’Hare Intl,41.9742,-87.9073,Miami Intl,25.7959,-80.287
1186,1815,ORD,CLT,Chicago O’Hare Intl,41.9742,-87.9073,Charlotte Douglas Intl,35.214,-80.9431
1187,704,MSP,SFO,Minneapolis–Saint Paul Intl,44.883,-93.21,San Francisco Intl,37.6213,-122.379
1188,3709,MIA,DFW,Miami Intl,25.7959,-80.287,Dallas/Fort Worth Intl,32.8998,-97.0403
1189,1074,SFO,IAH,San Francisco Intl,37.6213,-122.379,George Bush Intercontinental,29.9902,-95.3368
1190,770,DEN,LAX,Denver Intl,39.8561,-104.6737,Los Angeles Intl,33.9416,-118.4085
1191,1571,CLT,DEN,Charlotte Douglas Intl,35.214,-80.9431,Denver Intl,39.8561,-104.6737
1192,626,BOS,IAH,Boston Logan Intl,42.3656,-71.0096,George Bush Intercontinental,29.9902,-95.3368
1193,86,SFO,DFW,San Francisco Intl,37.6213,-122.379,Dallas/Fort Worth Intl,32.8998,-97.0403
1194,852,MIA,MSP,Miami Intl,25.7959,-80.287,Minneapolis–Saint Paul Intl,44.883,-93.21
1195,239,ATL,LAX,Hartsfield-Jackson Atlanta Intl,33.6407,-84.4277,Los Angeles Intl,33.9416,-118.4085
1196,2646,SFO,MIA,San Francisco Intl,37.6213,-122.379,Miami Intl,25.7959,-80.287
1197,1865,JFK,MIA,John F. Kennedy Intl,40.6413,-73.7781,Miami Intl,25.7959,-80.287
1198,2805,BOS,JFK,Boston Logan Intl,42.3656,-71.0096,John F. Kennedy Intl,40.6413,-73.7781
1199,1185,LAS,PHX,Las Vegas McCarran Intl,36.084,-115.1537,Phoenix Sky Harbor Intl,33.4342,-112.0116
1200,2694,CLT,JFK,Charlotte Douglas Intl,35.214,-80.9431,John F. Kennedy Intl,40.6413,-73.7781
1201,2329,MIA,SEA,Miami Intl,25.7959,-80.287,Seattle-Tacoma Intl,47.4502,-122.3088
1202,3303,ATL,JFK,Hartsfield-Jackson Atlanta Intl,33.6407,-84.4277,John F. Kennedy Intl,40.6413,-73.7781
1203,1563,IAH,ATL,George Bush Intercontinental,29.9902,-95.3368,Hartsfield-Jackson Atlanta Intl,33.6407,-84.4277
1204,2099,DFW,MIA,Dallas/Fort Worth Intl,32.8998,-97.0403,Miami Intl,25.7959,-80.287
1205,3104,MIA,IAH,Miami Intl,25.7959,-80.287,George Bush Intercontinental,29.9902,-95.3368
1206,872,DFW,SFO,Dallas/Fort Worth Intl,32.8998,-97.0403,San Francisco Intl,37.6213,-122.379
1207,2195,BOS,IAH,Boston Logan Intl,42.3656,-71.0096,George Bush Intercontinental,29.9902,-95.3368
1208,2447,ORD,IAH,Chicago O’Hare Intl,41.9742,-87.9073,George Bush Intercontinental,29.9902,-95.3368
1209,922,MIA,LAX,Miami Intl,25.7959,-80.287,Los Angeles Intl,33.9416,-118.4085
1210,3527,IAH,MIA,George Bush Intercontinental,29.9902,-95.3368,Miami Intl,25.7959,-80.287
1211,1820,LAX,SEA,Los Angeles Intl,33.9416,-118.4085,Seattle-Tacoma Intl,47.4502,-122.3088
1212,3026,MSP,SEA,Minneapolis–Saint Paul Intl,44.883,-93.21,Seattle-Tacoma Intl,47.4502,-122.3088
1213,3874,DFW,SFO,Dallas/Fort Worth Intl,32.8998,-97.0403,San Francisco Intl,37.6213,-122.379
1214,83,MSP,DFW,Minneapolis–Saint Paul Intl,44.883,-93.21,Dallas/Fort Worth Intl,32.8998,-97.0403
1215,1124,JFK,LAX,John F. Kennedy Intl,40.6413,-73.7781,Los Angeles Intl,33.9416,-118.4085
1216,2013,LAX,ORD,Los Angeles Intl,33.9416,-118.4085,Chicago O’Hare Intl,41.9742,-87.9073
1217,3215,MSP,CLT,Minneapolis–Saint Paul Intl,44.883,-93.21,Charlotte Douglas Intl,35.214,-80.9431
1218,1913,SEA,JFK,Seattle-Tacoma Intl,47.4502,-122.3088,John F. Kennedy Intl,40.6413,-73.7781
1219,2323,SEA,CLT,Seattle-Tacoma Intl,47.4502,-122.3088,Charlotte Douglas Intl,35.214,-80.9431
1220,2867,ATL,CLT,Hartsfield-Jackson Atlanta Intl,33.6407,-84.4277,Charlotte Douglas Intl,35.214,-80.9431
1221,2079,CLT,DEN,Charlotte Douglas Intl,35.214,-80.9431,Denver Intl,39.8561,-104.6737
1222,2648,ORD,CLT,Chicago O’Hare Intl,41.9742,-87.9073,Charlotte Douglas Intl,35.214,-80.9431
1223,3061,BOS,SEA,Boston Logan Intl,42.3656,-71.0096,Seattle-Tacoma Intl,47.4502,-122.3088
1224,3706,MIA,JFK,Miami Intl,25.7959,-80.287,John F. Kennedy Intl,40.6413,-73.7781
1225,3146,DEN,JFK,Denver Intl,39.8561,-104.6737,John F. Kennedy Intl,40.6413,-73.7781
1226,623,JFK,ATL,John F. Kennedy Intl,40.6413,-73.7781,Hartsfield-Jackson Atlanta Intl,33.6407,-84.4277
1227,359,DFW,SFO,Dallas/Fort Worth Intl,32.8998,-97.0403,San Francisco Intl,37.6213,-122.379
1228,715,BOS,DEN,Boston Logan Intl,42.3656,-71.0096,Denver Intl,39.8561,-104.6737
1229,1817,LAX,CLT,Los Angeles Intl,33.9416,-118.4085,Charlotte Douglas Intl,35.214,-80.9431
1230,464,PHX,CLT,Phoenix Sky Harbor Intl,33.4342,-112.0116,Charlotte Douglas Intl,35.214,-80.9431
1231,3828,SEA,ORD,Seattle-Tacoma Intl,47.4502,-122.3088,Chicago O’Hare Intl,41.9742,-87.9073
1232,1663,PHX,IAH,Phoenix Sky Harbor Intl,33.4342,-112.0116,George Bush Intercontinental,29.9902,-95.3368
1233,3848,IAH,MIA,George Bush Intercontinental,29.9902,-95.3368,Miami Intl,25.7959,-80.287
1234,3587,JFK,ATL,John F. Kennedy Intl,40.6413,-73.7781,Hartsfield-Jackson Atlanta Intl,33.6407,-84.4277
1235,811,DEN,JFK,Denver Intl,39.8561,-104.6737,John F. Kennedy Intl,40.6413,-73.7781
1236,341,MIA,JFK,Miami Intl,25.7959,-80.287,John F. Kennedy Intl,40.6413,-73.7781
1237,1430,ATL,BOS,Hartsfield-Jackson Atlanta Intl,33.6407,-84.4277,Boston Logan Intl,42.3656,-71.0096
1238,693,DEN,LAX,Denver Intl,39.8561,-104.6737,Los Angeles Intl,33.9416,-118.4085
1239,2237,JFK,CLT,John F. Kennedy Intl,40.6413,-73.7781,Charlotte Douglas Intl,35.214,-80.9431
1240,2138,DEN,MSP,Denver Intl,39.8561,-104.6737,Minneapolis–Saint Paul Intl,44.883,-93.21
1241,3660,JFK,DEN,John F. Kennedy Intl,40.6413,-73.7781,Denver Intl,39.8561,-104.6737
1242,1654,JFK,BOS,John F. Kennedy Intl,40.6413,-73.7781,Boston Logan Intl,42.3656,-71.0096
1243,2197,SFO,LAS,San Francisco Intl,37.6213,-122.379,Las Vegas McCarran Intl,36.084,-115.1537
1244,826,DFW,IAH,Dallas/Fort Worth Intl,32.8998,-97.0403,George Bush Intercontinental,29.9902,-95.3368
1245,682,LAS,DEN,Las Vegas McCarran Intl,36.084,-115.1537,Denver Intl,39.8561,-104.6737
1246,2136,PHX,JFK,Phoenix Sky Harbor Intl,33.4342,-112.0116,John F. Kennedy Intl,40.6413,-73.7781
1247,771,LAS,SEA,Las Vegas McCarran Intl,36.084,-115.1537,Seattle-Tacoma Intl,47.4502,-122.3088
1248,3796,LAS,LAX,Las Vegas McCarran Intl,36.084,-115.1537,Los Angeles Intl,33.9416,-118.4085
1249,3477,LAS,JFK,Las Vegas McCarran Intl,36.084,-115.1537,John F. Kennedy Intl,40.6413,-73.7781
1250,2291,MSP,ATL,Minneapolis–Saint Paul Intl,44.883,-93.21,Hartsfield-Jackson Atlanta Intl,33.6407,-84.4277
1251,2895,SEA,DFW,Seattle-Tacoma Intl,47.4502,-122.3088,Dallas/Fort Worth Intl,32.8998,-97.0403
1252,3755,SFO,LAS,San Francisco Intl,37.6213,-122.379,Las Vegas McCarran Intl,36.084,-115.1537
1253,1534,MIA,BOS,Miami Intl,25.7959,-80.287,Boston Logan Intl,42.3656,-71.0096
1254,2474,SFO,ORD,San Francisco Intl,37.6213,-122.379,Chicago O’Hare Intl,41.9742,-87.9073
1255,1665,ORD,MIA,Chicago O’Hare Intl,41.9742,-87.9073,Miami Intl,25.7959,-80.287
1256,772,ORD,BOS,Chicago O’Hare Intl,41.9742,-87.9073,Boston Logan Intl,42.3656,-71.0096
1257,2846,MSP,LAS,Minneapolis–Saint Paul Intl,44.883,-93.21,Las Vegas McCarran Intl,36.084,-115.1537
1258,2306,SEA,JFK,Seattle-Tacoma Intl,47.4502,-122.3088,John F. Kennedy Intl,40.6413,-73.7781
1259,1716,DEN,ATL,Denver Intl,39.8561,-104.6737,Hartsfield-Jackson Atlanta Intl,33.6407,-84.4277
1260,466,DFW,CLT,Dallas/Fort Worth Intl,32.8998,-97.0403,Charlotte Douglas Intl,35.214,-80.9431
1261,2002,SEA,JFK,Seattle-Tacoma Intl,47.4502,-122.3088,John F. Kennedy Intl,40.6413,-73.7781
1262,910,MSP,DFW,Minneapolis–Saint Paul Intl,44.883,-93.21,Dallas/Fort Worth Intl,32.8998,-97.0403
1263,2724,JFK,SEA,John F. Kennedy Intl,40.6413,-73.7781,Seattle-Tacoma Intl,47.4502,-122.3088
1264,1793,LAX,IAH,Los Angeles Intl,33.9416,-118.4085,George Bush Intercontinental,29.9902,-95.3368
1265,3889,DFW,PHX,Dallas/Fort Worth Intl,32.8998,-97.0403,Phoenix Sky Harbor Intl,33.4342,-112.0116
1266,782,CLT,MIA,Charlotte Douglas Intl,35.214,-80.9431,Miami Intl,25.7959,-80.287
1267,3723,PHX,DFW,Phoenix Sky Harbor Intl,33.4342,-112.0116,Dallas/Fort Worth Intl,32.8998,-97.0403
1268,2970,DFW,BOS,Dallas/Fort Worth Intl,32.8998,-97.0403,Boston Logan Intl,42.3656,-71.0096
1269,1787,MSP,CLT,Minneapolis–Saint Paul Intl,44.883,-93.21,Charlotte Douglas Intl,35.214,-80.9431
1270,2125,JFK,BOS,John F. Kennedy Intl,40.6413,-73.7781,Boston Logan Intl,42.3656,-71.0096
1271,2046,JFK,LAX,John F. Kennedy Intl,40.6413,-73.7781,Los Angeles Intl,33.9416,-118.4085
1272,3491,ATL,LAS,Hartsfield-Jackson Atlanta Intl,33.6407,-84.4277,Las Vegas McCarran Intl,36.084,-115.1537
1273,1342,LAS,DFW,Las Vegas McCarran Intl,36.084,-115.1537,Dallas/Fort Worth Intl,32.8998,-97.0403
1274,1306,SEA,SFO,Seattle-Tacoma Intl,47.4502,-122.3088,San Francisco Intl,37.6213,-122.379
1275,211,JFK,CLT,John F. Kennedy Intl,40.6413,-73.7781,Charlotte Douglas Intl,35.214,-80.9431
1276,1917,ORD,MSP,Chicago O’Hare Intl,41.9742,-87.9073,Minneapolis–Saint Paul Intl,44.883,-93.21
1277,616,LAS,ATL,Las Vegas McCarran Intl,36.084,-115.1537,Hartsfield-Jackson Atlanta Intl,33.6407,-84.4277
1278,793,MIA,SEA,Miami Intl,25.7959,-80.287,Seattle-Tacoma Intl,47.4502,-122.3088
1279,3087,LAX,CLT,Los Angeles Intl,33.9416,-118.4085,Charlotte Douglas Intl,35.214,-80.9431
1280,147,MSP,BOS,Minneapolis–Saint Paul Intl,44.883,-93.21,Boston Logan Intl,42.3656,-71.0096
1281,1845,PHX,CLT,Phoenix Sky Harbor Intl,33.4342,-112.0116,Charlotte Douglas Intl,35.214,-80.9431
1282,1669,SEA,PHX,Seattle-Tacoma Intl,47.4502,-122.3088,Phoenix Sky Harbor Intl,33.4342,-112.0116
1283,3890,BOS,JFK,Boston Logan Intl,42.3656,-71.0096,John F. Kennedy Intl,40.6413,-73.7781
1284,423,ORD,DEN,Chicago O’Hare Intl,41.9742,-87.9073,Denver Intl,39.8561,-104.6737
1285,1528,IAH,BOS,George Bush Intercontinental,29.9902,-95.3368,Boston Logan Intl,42.3656,-71.0096
1286,1520,CLT,PHX,Charlotte Douglas Intl,35.214,-80.9431,Phoenix Sky Harbor Intl,33.4342,-112.0116
1287,3198,DEN,MSP,Denver Intl,39.8561,-104.6737,Minneapolis–Saint Paul Intl,44.883,-93.21
1288,1423,JFK,LAS,John F. Kennedy Intl,40.6413,-73.7781,Las Vegas McCarran Intl,36.084,-115.1537
1289,2530,BOS,MIA,Boston Logan Intl,42.3656,-71.0096,Miami Intl,25.7959,-80.287
1290,2785,JFK,LAX,John F. Kennedy Intl,40.6413,-73.7781,Los Angeles Intl,33.9416,-118.4085
1291,1843,DFW,DEN,Dallas/Fort Worth Intl,32.8998,-97.0403,Denver Intl,39.8561,-104.6737
1292,78,ORD,JFK,Chicago O’Hare Intl,41.9742,-87.9073,John F. Kennedy Intl,40.6413,-73.7781
1293,2612,DFW,SFO,Dallas/Fort Worth Intl,32.8998,-97.0403,San Francisco Intl,37.6213,-122.379
1294,627,ATL,DEN,Hartsfield-Jackson Atlanta Intl,33.6407,-84.4277,Denver Intl,39.8561,-104.6737
1295,1813,DFW,MIA,Dallas/Fort Worth Intl,32.8998,-97.0403,Miami Intl,25.7959,-80.287
1296,1299,ATL,IAH,Hartsfield-Jackson Atlanta Intl,33.6407,-84.4277,George Bush Intercontinental,29.9902,-95.3368
1297,916,CLT,SFO,Charlotte Douglas Intl,35.214,-80.9431,San Francisco Intl,37.6213,-122.379
1298,1008,MSP,BOS,Minneapolis–Saint Paul Intl,44.883,-93.21,Boston Logan Intl,42.3656,-71.0096
1299,3240,ATL,SFO,Hartsfield-Jackson Atlanta Intl,33.6407,-84.4277,San Francisco Intl,37.6213,-122.379
1300,264,BOS,DFW,Boston Logan Intl,42.3656,-71.0096,Dallas/Fort Worth Intl,32.8998,-97.0403
1301,3784,LAS,MIA,Las Vegas McCarran Intl,36.084,-115.1537,Miami Intl,25.7959,-80.287
1302,2327,JFK,LAS,John F. Kennedy Intl,40.6413,-73.7781,Las Vegas McCarran Intl,36.084,-115.1537
1303,1314,DEN,CLT,Denver Intl,39.8561,-104.6737,Charlotte Douglas Intl,35.214,-80.9431
1304,543,LAS,PHX,Las Vegas McCarran Intl,36.084,-115.1537,Phoenix Sky Harbor Intl,33.4342,-112.0116
1305,913,PHX,DEN,Phoenix Sky Harbor Intl,33.4342,-112.0116,Denver Intl,39.8561,-104.6737
1306,3929,MSP,DFW,Minneapolis–Saint Paul Intl,44.883,-93.21,Dallas/Fort Worth Intl,32.8998,-97.0403
1307,461,DFW,IAH,Dallas/Fort Worth Intl,32.8998,-97.0403,George Bush Intercontinental,29.9902,-95.3368
1308,2894,IAH,SFO,George Bush Intercontinental,29.9902,-95.3368,San Francisco Intl,37.6213,-122.379
1309,3249,PHX,DFW,Phoenix Sky Harbor Intl,33.4342,-112.0116,Dallas/Fort Worth Intl,32.8998,-97.0403
1310,3075,ORD,MSP,Chicago O’Hare Intl,41.9742,-87.9073,Minneapolis–Saint Paul Intl,44.883,-93.21
1311,1046,ATL,ORD,Hartsfield-Jackson Atlanta Intl,33.6407,-84.4277,Chicago O’Hare Intl,41.9742,-87.9073
1312,609,JFK,MIA,John F. Kennedy Intl,40.6413,-73.7781,Miami Intl,25.7959,-80.287
1313,4983,LAX,PHX,Los Angeles Intl,33.9416,-118.4085,Phoenix Sky Harbor Intl,33.4342,-112.0116
1314,584,SEA,DEN,Seattle-Tacoma Intl,47.4502,-122.3088,Denver Intl,39.8561,-104.6737
1315,3518,BOS,ATL,Boston Logan Intl,42.3656,-71.0096,Hartsfield-Jackson Atlanta Intl,33.6407,-84.4277
1316,2532,DEN,SFO,Denver Intl,39.8561,-104.6737,San Francisco Intl,37.6213,-122.379
1317,212,SFO,MIA,San Francisco Intl,37.6213,-122.379,Miami Intl,25.7959,-80.287
1318,388,BOS,SEA,Boston Logan Intl,42.3656,-71.0096,Seattle-Tacoma Intl,47.4502,-122.3088
1319,790,CLT,SEA,Charlotte Douglas Intl,35.214,-80.9431,Seattle-Tacoma Intl,47.4502,-122.3088
1320,3003,LAX,IAH,Los Angeles Intl,33.9416,-118.4085,George Bush Intercontinental,29.9902,-95.3368
1321,352,IAH,JFK,George Bush Intercontinental,29.9902,-95.3368,John F. Kennedy Intl,40.6413,-73.7781
1322,2574,SEA,PHX,Seattle-Tacoma Intl,47.4502,-122.3088,Phoenix Sky Harbor Intl,33.4342,-112.0116
1323,3667,LAX,DFW,Los Angeles Intl,33.9416,-118.4085,Dallas/Fort Worth Intl,32.8998,-97.0403
1324,456,DFW,SEA,Dallas/Fort Worth Intl,32.8998,-97.0403,Seattle-Tacoma Intl,47.4502,-122.3088
1325,2956,ATL,ORD,Hartsfield-Jackson Atlanta Intl,33.6407,-84.4277,Chicago O’Hare Intl,41.9742,-87.9073
1326,2203,MSP,IAH,Minneapolis–Saint Paul Intl,44.883,-93.21,George Bush Intercontinental,29.9902,-95.3368
1327,613,DEN,MIA,Denver Intl,39.8561,-104.6737,Miami Intl,25.7959,-80.287
1328,1530,MIA,IAH,Miami Intl,25.7959,-80.287,George Bush Intercontinental,29.9902,-95.3368
1329,2202,ATL,LAX,Hartsfield-Jackson Atlanta Intl,33.6407,-84.4277,Los Angeles Intl,33.9416,-118.4085
1330,2921,MIA,LAX,Miami Intl,25.7959,-80.287,Los Angeles Intl,33.9416,-118.4085
1331,2949,PHX,CLT,Phoenix Sky Harbor Intl,33.4342,-112.0116,Charlotte Douglas Intl,35.214,-80.9431
1332,3661,MSP,IAH,Minneapolis–Saint Paul Intl,44.883,-93.21,George Bush Intercontinental,29.9902,-95.3368
1333,2763,SEA,MSP,Seattle-Tacoma Intl,47.4502,-122.3088,Minneapolis–Saint Paul Intl,44.883,-93.21
1334,657,JFK,CLT,John F. Kennedy Intl,40.6413,-73.7781,Charlotte Douglas Intl,35.214,-80.9431
1335,2745,SFO,IAH,San Francisco Intl,37.6213,-122.379,George Bush Intercontinental,29.9902,-95.3368
1336,727,ORD,CLT,Chicago O’Hare Intl,41.9742,-87.9073,Charlotte Douglas Intl,35.214,-80.9431
1337,3542,LAS,BOS,Las Vegas McCarran Intl,36.084,-115.1537,Boston Logan Intl,42.3656,-71.0096
1338,2403,MSP,DFW,Minneapolis–Saint Paul Intl,44.883,-93.21,Dallas/Fort Worth Intl,32.8998,-97.0403
1339,313,ATL,BOS,Hartsfield-Jackson Atlanta Intl,33.6407,-84.4277,Boston Logan Intl,42.3656,-71.0096
1340,517,DEN,SEA,Denver Intl,39.8561,-104.6737,Seattle-Tacoma Intl,47.4502,-122.3088
1341,2174,LAS,MIA,Las Vegas McCarran Intl,36.084,-115.1537,Miami Intl,25.7959,-80.287
1342,3335,CLT,SFO,Charlotte Douglas Intl,35.214,-80.9431,San Francisco Intl,37.6213,-122.379
1343,3609,CLT,DEN,Charlotte Douglas Intl,35.214,-80.9431,Denver Intl,39.8561,-104.6737
1344,3990,LAX,SEA,Los Angeles Intl,33.9416,-118.4085,Seattle-Tacoma Intl,47.4502,-122.3088
1345,2339,LAS,DFW,Las Vegas McCarran Intl,36.084,-115.1537,Dallas/Fort Worth Intl,32.8998,-97.0403
1346,882,DEN,LAX,Denver Intl,39.8561,-104.6737,Los Angeles Intl,33.9416,-118.4085
1347,1759,SEA,PHX,Seattle-Tacoma Intl,47.4502,-122.3088,Phoenix Sky Harbor Intl,33.4342,-112.0116
1348,2630,PHX,MSP,Phoenix Sky Harbor Intl,33.4342,-112.0116,Minneapolis–Saint Paul Intl,44.883,-93.21
1349,3084,MIA,CLT,Miami Intl,25.7959,-80.287,Charlotte Douglas Intl,35.214,-80.9431
1350,3072,LAX,JFK,Los Angeles Intl,33.9416,-118.4085,John F. Kennedy Intl,40.6413,-73.7781
1351,2283,CLT,MIA,Charlotte Douglas Intl,35.214,-80.9431,Miami Intl,25.7959,-80.287
1352,2709,ORD,ATL,Chicago O’Hare Intl,41.9742,-87.9073,Hartsfield-Jackson Atlanta Intl,33.6407,-84.4277
1353,952,ORD,PHX,Chicago O’Hare Intl,41.9742,-87.9073,Phoenix Sky Harbor Intl,33.4342,-112.0116
1354,2440,ATL,BOS,Hartsfield-Jackson Atlanta Intl,33.6407,-84.4277,Boston Logan Intl,42.3656,-71.0096
1355,3716,SEA,CLT,Seattle-Tacoma Intl,47.4502,-122.3088,Charlotte Douglas Intl,35.214,-80.9431
1356,3336,JFK,SFO,John F. Kennedy Intl,40.6413,-73.7781,San Francisco Intl,37.6213,-122.379
1357,2094,CLT,BOS,Charlotte Douglas Intl,35.214,-80.9431,Boston Logan Intl,42.3656,-71.0096
1358,345,IAH,MIA,George Bush Intercontinental,29.9902,-95.3368,Miami Intl,25.7959,-80.287
1359,122,SEA,BOS,Seattle-Tacoma Intl,47.4502,-122.3088,Boston Logan Intl,42.3656,-71.0096
1360,3502,PHX,MIA,Phoenix Sky Harbor Intl,33.4342,-112.0116,Miami Intl,25.7959,-80.287
1361,3380,MIA,BOS,Miami Intl,25.7959,-80.287,Boston Logan Intl,42.3656,-71.0096
1362,3869,DEN,PHX,Denver Intl,39.8561,-104.6737,Phoenix Sky Harbor Intl,33.4342,-112.0116
1363,2282,LAS,IAH,Las Vegas McCarran Intl,36.084,-115.1537,George Bush Intercontinental,29.9902,-95.3368
1364,3079,CLT,ORD,Charlotte Douglas Intl,35.214,-80.9431,Chicago O’Hare Intl,41.9742,-87.9073
1365,1102,LAS,PHX,Las Vegas McCarran Intl,36.084,-115.1537,Phoenix Sky Harbor Intl,33.4342,-112.0116
1366,1647,ORD,IAH,Chicago O’Hare Intl,41.9742,-87.9073,George Bush Intercontinental,29.9902,-95.3368
1367,3470,DEN,DFW,Denver Intl,39.8561,-104.6737,Dallas/Fort Worth Intl,32.8998,-97.0403
1368,3818,DEN,SEA,Denver Intl,39.8561,-104.6737,Seattle-Tacoma Intl,47.4502,-122.3088
1369,2802,DEN,SEA,Denver Intl,39.8561,-104.6737,Seattle-Tacoma Intl,47.4502,-122.3088
1370,3204,ORD,DFW,Chicago O’Hare Intl,41.9742,-87.9073,Dallas/Fort Worth Intl,32.8998,-97.0403
1371,1795,PHX,MSP,Phoenix Sky Harbor Intl,33.4342,-112.0116,Minneapolis–Saint Paul Intl,44.883,-93.21
1372,3097,LAS,MSP,Las Vegas McCarran Intl,36.084,-115.1537,Minneapolis–Saint Paul Intl,44.883,-93.21
1373,3474,BOS,CLT,Boston Logan Intl,42.3656,-71.0096,Charlotte Douglas Intl,35.214,-80.9431
1374,1906,LAS,PHX,Las Vegas McCarran Intl,36.084,-115.1537,Phoenix Sky Harbor Intl,33.4342,-112.0116
1375,674,DFW,PHX,Dallas/Fort Worth Intl,32.8998,-97.0403,Phoenix Sky Harbor Intl,33.4342,-112.0116
1376,805,MIA,ATL,Miami Intl,25.7959,-80.287,Hartsfield-Jackson Atlanta Intl,33.6407,-84.4277
1377,3088,IAH,ATL,George Bush Intercontinental,29.9902,-95.3368,Hartsfield-Jackson Atlanta Intl,33.6407,-84.4277
1378,1272,BOS,MSP,Boston Logan Intl,42.3656,-71.0096,Minneapolis–Saint Paul Intl,44.883,-93.21
1379,1656,MIA,DFW,Miami Intl,25.7959,-80.287,Dallas/Fort Worth Intl,32.8998,-97.0403
1380,2349,LAX,JFK,Los Angeles Intl,33.9416,-118.4085,John F. Kennedy Intl,40.6413,-73.7781
1381,2305,SEA,LAS,Seattle-Tacoma Intl,47.4502,-122.3088,Las Vegas McCarran Intl,36.084,-115.1537
1382,2738,SEA,JFK,Seattle-Tacoma Intl,47.4502,-122.3088,John F. Kennedy Intl,40.6413,-73.7781
1383,3232,SFO,CLT,San Francisco Intl,37.6213,-122.379,Charlotte Douglas Intl,35.214,-80.9431
1384,822,SEA,MIA,Seattle-Tacoma Intl,47.4502,-122.3088,Miami Intl,25.7959,-80.287
1385,3840,LAS,MSP,Las Vegas McCarran Intl,36.084,-115.1537,Minneapolis–Saint Paul Intl,44.883,-93.21
1386,440,ORD,MSP,Chicago O’Hare Intl,41.9742,-87.9073,Minneapolis–Saint Paul Intl,44.883,-93.21
1387,2134,IAH,MIA,George Bush Intercontinental,29.9902,-95.3368,Miami Intl,25.7959,-80.287
1388,475,JFK,LAS,John F. Kennedy Intl,40.6413,-73.7781,Las Vegas McCarran Intl,36.084,-115.1537
1389,2569,ATL,LAX,Hartsfield-Jackson Atlanta Intl,33.6407,-84.4277,Los Angeles Intl,33.9416,-118.4085
1390,202,SFO,BOS,San Francisco Intl,37.6213,-122.379,Boston Logan Intl,42.3656,-71.0096
1391,2483,MSP,ATL,Minneapolis–Saint Paul Intl,44.883,-93.21,Hartsfield-Jackson Atlanta Intl,33.6407,-84.4277
1392,2961,MSP,LAX,Minneapolis–Saint Paul Intl,44.883,-93.21,Los Angeles Intl,33.9416,-118.4085
1393,139,ATL,DEN,Hartsfield-Jackson Atlanta Intl,33.6407,-84.4277,Denver Intl,39.8561,-104.6737
1394,3490,MIA,DFW,Miami Intl,25.7959,-80.287,Dallas/Fort Worth Intl,32.8998,-97.0403
1395,1165,ATL,DFW,Hartsfield-Jackson Atlanta Intl,33.6407,-84.4277,Dallas/Fort Worth Intl,32.8998,-97.0403
1396,3485,ATL,MIA,Hartsfield-Jackson Atlanta Intl,33.6407,-84.4277,Miami Intl,25.7959,-80.287
1397,1242,MSP,PHX,Minneapolis–Saint Paul Intl,44.883,-93.21,Phoenix Sky Harbor Intl,33.4342,-112.0116
1398,3234,SFO,SEA,San Francisco Intl,37.6213,-122.379,Seattle-Tacoma Intl,47.4502,-122.3088
1399,3294,LAX,JFK,Los Angeles Intl,33.9416,-118.4085,John F. Kennedy Intl,40.6413,-73.7781
1400,2425,LAS,ATL,Las Vegas McCarran Intl,36.084,-115.1537,Hartsfield-Jackson Atlanta Intl,33.6407,-84.4277
1401,966,DEN,LAX,Denver Intl,39.8561,-104.6737,Los Angeles Intl,33.9416,-118.4085
1402,3150,SEA,JFK,Seattle-Tacoma Intl,47.4502,-122.3088,John F. Kennedy Intl,40.6413,-73.7781
1403,365,SEA,PHX,Seattle-Tacoma Intl,47.4502,-122.3088,Phoenix Sky Harbor Intl,33.4342,-112.0116
1404,3427,ORD,LAX,Chicago O’Hare Intl,41.9742,-87.9073,Los Angeles Intl,33.9416,-118.4085
1405,2333,SFO,MSP,San Francisco Intl,37.6213,-122.379,Minneapolis–Saint Paul Intl,44.883,-93.21
1406,1615,ORD,IAH,Chicago O’Hare Intl,41.9742,-87.9073,George Bush Intercontinental,29.9902,-95.3368
1407,3782,JFK,BOS,John F. Kennedy Intl,40.6413,-73.7781,Boston Logan Intl,42.3656,-71.0096
1408,3369,JFK,DEN,John F. Kennedy Intl,40.6413,-73.7781,Denver Intl,39.8561,-104.6737
1409,3155,ORD,LAS,Chicago O’Hare Intl,41.9742,-87.9073,Las Vegas McCarran Intl,36.084,-115.1537
1410,3231,SFO,DEN,San Francisco Intl,37.6213,-122.379,Denver Intl,39.8561,-104.6737
1411,77,ORD,JFK,Chicago O’Hare Intl,41.9742,-87.9073,John F. Kennedy Intl,40.6413,-73.7781
1412,2031,SEA,JFK,Seattle-Tacoma Intl,47.4502,-122.3088,John F. Kennedy Intl,40.6413,-73.7781
1413,2267,BOS,LAS,Boston Logan Intl,42.3656,-71.0096,Las Vegas McCarran Intl,36.084,-115.1537
1414,1026,DFW,JFK,Dallas/Fort Worth Intl,32.8998,-97.0403,John F. Kennedy Intl,40.6413,-73.7781
1415,1770,MSP,LAS,Minneapolis–Saint Paul Intl,44.883,-93.21,Las Vegas McCarran Intl,36.084,-115.1537
1416,816,MSP,LAX,Minneapolis–Saint Paul Intl,44.883,-93.21,Los Angeles Intl,33.9416,-118.4085
1417,82,IAH,LAS,George Bush Intercontinental,29.9902,-95.3368,Las Vegas McCarran Intl,36.084,-115.1537
1418,1187,ATL,BOS,Hartsfield-Jackson Atlanta Intl,33.6407,-84.4277,Boston Logan Intl,42.3656,-71.0096
1419,603,DFW,LAS,Dallas/Fort Worth Intl,32.8998,-97.0403,Las Vegas McCarran Intl,36.084,-115.1537
1420,566,LAS,IAH,Las Vegas McCarran Intl,36.084,-115.1537,George Bush Intercontinental,29.9902,-95.3368
1421,755,SFO,MSP,San Francisco Intl,37.6213,-122.379,Minneapolis–Saint Paul Intl,44.883,-93.21
1422,2860,PHX,LAS,Phoenix Sky Harbor Intl,33.4342,-112.0116,Las Vegas McCarran Intl,36.084,-115.1537
1423,928,DFW,ORD,Dallas/Fort Worth Intl,32.8998,-97.0403,Chicago O’Hare Intl,41.9742,-87.9073
1424,397,IAH,LAS,George Bush Intercontinental,29.9902,-95.3368,Las Vegas McCarran Intl,36.084,-115.1537
1425,2361,JFK,SEA,John F. Kennedy Intl,40.6413,-73.7781,Seattle-Tacoma Intl,47.4502,-122.3088
1426,1780,MIA,IAH,Miami Intl,25.7959,-80.287,George Bush Intercontinental,29.9902,-95.3368
1427,592,ATL,SEA,Hartsfield-Jackson Atlanta Intl,33.6407,-84.4277,Seattle-Tacoma Intl,47.4502,-122.3088
1428,1984,IAH,CLT,George Bush Intercontinental,29.9902,-95.3368,Charlotte Douglas Intl,35.214,-80.9431
1429,2045,DEN,IAH,Denver Intl,39.8561,-104.6737,George Bush Intercontinental,29.9902,-95.3368
1430,159,PHX,SEA,Phoenix Sky Harbor Intl,33.4342,-112.0116,Seattle-Tacoma Intl,47.4502,-122.3088
1431,3750,SFO,CLT,San Francisco Intl,37.6213,-122.379,Charlotte Douglas Intl,35.214,-80.9431
1432,3282,ATL,JFK,Hartsfield-Jackson Atlanta Intl,33.6407,-84.4277,John F. Kennedy Intl,40.6413,-73.7781
1433,3680,LAS,ATL,Las Vegas McCarran Intl,36.084,-115.1537,Hartsfield-Jackson Atlanta Intl,33.6407,-84.4277
1434,181,DFW,PHX,Dallas/Fort Worth Intl,32.8998,-97.0403,Phoenix Sky Harbor Intl,33.4342,-112.0116
1435,2387,JFK,IAH,John F. Kennedy Intl,40.6413,-73.7781,George Bush Intercontinental,29.9902,-95.3368
1436,2208,LAX,PHX,Los Angeles Intl,33.9416,-118.4085,Phoenix Sky Harbor Intl,33.4342,-112.0116
1437,1109,BOS,PHX,Boston Logan Intl,42.3656,-71.0096,Phoenix Sky Harbor Intl,33.4342,-112.0116
1438,971,DEN,MSP,Denver Intl,39.8561,-104.6737,Minneapolis–Saint Paul Intl,44.883,-93.21
1439,1147,PHX,CLT,Phoenix Sky Harbor Intl,33.4342,-112.0116,Charlotte Douglas Intl,35.214,-80.9431
1440,2614,BOS,CLT,Boston Logan Intl,42.3656,-71.0096,Charlotte Douglas Intl,35.214,-80.9431
1441,3653,ATL,JFK,Hartsfield-Jackson Atlanta Intl,33.6407,-84.4277,John F. Kennedy Intl,40.6413,-73.7781
1442,3193,JFK,MIA,John F. Kennedy Intl,40.6413,-73.7781,Miami Intl,25.7959,-80.287
1443,788,JFK,DFW,John F. Kennedy Intl,40.6413,-73.7781,Dallas/Fort Worth Intl,32.8998,-97.0403
1444,1449,IAH,ORD,George Bush Intercontinental,29.9902,-95.3368,Chicago O’Hare Intl,41.9742,-87.9073
1445,376,MSP,CLT,Minneapolis–Saint Paul Intl,44.883,-93.21,Charlotte Douglas Intl,35.214,-80.9431
1446,3126,MSP,SEA,Minneapolis–Saint Paul Intl,44.883,-93.21,Seattle-Tacoma Intl,47.4502,-122.3088
1447,1697,DFW,PHX,Dallas/Fort Worth Intl,32.8998,-97.0403,Phoenix Sky Harbor Intl,33.4342,-112.0116
1448,2513,IAH,BOS,George Bush Intercontinental,29.9902,-95.3368,Boston Logan Intl,42.3656,-71.0096
1449,1315,SEA,LAS,Seattle-Tacoma Intl,47.4502,-122.3088,Las Vegas McCarran Intl,36.084,-115.1537
1450,3468,DFW,MIA,Dallas/Fort Worth Intl,32.8998,-97.0403,Miami Intl,25.7959,-80.287
1451,2066,SEA,CLT,Seattle-Tacoma Intl,47.4502,-122.3088,Charlotte Douglas Intl,35.214,-80.9431
1452,684,MSP,PHX,Minneapolis–Saint Paul Intl,44.883,-93.21,Phoenix Sky Harbor Intl,33.4342,-112.0116
1453,1373,IAH,DEN,George Bush Intercontinental,29.9902,-95.3368,Denver Intl,39.8561,-104.6737
1454,1355,SEA,MIA,Seattle-Tacoma Intl,47.4502,-122.3088,Miami Intl,25.7959,-80.287
1455,2218,DEN,LAX,Denver Intl,39.8561,-104.6737,Los Angeles Intl,33.9416,-118.4085
1456,2779,IAH,ORD,George Bush Intercontinental,29.9902,-95.3368,Chicago O’Hare Intl,41.9742,-87.9073
1457,3293,MSP,SFO,Minneapolis–Saint Paul Intl,44.883,-93.21,San Francisco Intl,37.6213,-122.379
1458,2872,DFW,SFO,Dallas/Fort Worth Intl,32.8998,-97.0403,San Francisco Intl,37.6213,-122.379
1459,3186,CLT,JFK,Charlotte Douglas Intl,35.214,-80.9431,John F. Kennedy Intl,40.6413,-73.7781
1460,3473,IAH,JFK,George Bush Intercontinental,29.9902,-95.3368,John F. Kennedy Intl,40.6413,-73.7781
1461,3951,LAX,MSP,Los Angeles Intl,33.9416,-118.4085,Minneapolis–Saint Paul Intl,44.883,-93.21
1462,238,PHX,BOS,Phoenix Sky Harbor Intl,33.4342,-112.0116,Boston Logan Intl,42.3656,-71.0096
1463,3893,MSP,JFK,Minneapolis–Saint Paul Intl,44.883,-93.21,John F. Kennedy Intl,40.6413,-73.7781
1464,2130,ORD,DFW,Chicago O’Hare Intl,41.9742,-87.9073,Dallas/Fort Worth Intl,32.8998,-97.0403
1465,1646,ORD,CLT,Chicago O’Hare Intl,41.9742,-87.9073,Charlotte Douglas Intl,35.214,-80.9431
1466,1436,DFW,ORD,Dallas/Fort Worth Intl,32.8998,-97.0403,Chicago O’Hare Intl,41.9742,-87.9073
1467,921,DFW,IAH,Dallas/Fort Worth Intl,32.8998,-97.0403,George Bush Intercontinental,29.9902,-95.3368
1468,2706,BOS,PHX,Boston Logan Intl,42.3656,-71.0096,Phoenix Sky Harbor Intl,33.4342,-112.0116
1469,3273,PHX,IAH,Phoenix Sky Harbor Intl,33.4342,-112.0116,George Bush Intercontinental,29.9902,-95.3368
1470,2143,PHX,LAX,Phoenix Sky Harbor Intl,33.4342,-112.0116,Los Angeles Intl,33.9416,-118.4085
1471,3422,DEN,ATL,Denver Intl,39.8561,-104.6737,Hartsfield-Jackson Atlanta Intl,33.6407,-84.4277
1472,3432,DFW,PHX,Dallas/Fort Worth Intl,32.8998,-97.0403,Phoenix Sky Harbor Intl,33.4342,-112.0116
1473,3986,PHX,MSP,Phoenix Sky Harbor Intl,33.4342,-112.0116,Minneapolis–Saint Paul Intl,44.883,-93.21
1474,3980,LAS,DEN,Las Vegas McCarran Intl,36.084,-115.1537,Denver Intl,39.8561,-104.6737
1475,1575,BOS,LAX,Boston Logan Intl,42.3656,-71.0096,Los Angeles Intl,33.9416,-118.4085
1476,2797,SEA,LAX,Seattle-Tacoma Intl,47.4502,-122.3088,Los Angeles Intl,33.9416,-118.4085
1477,2041,JFK,SFO,John F. Kennedy Intl,40.6413,-73.7781,San Francisco Intl,37.6213,-122.379
1478,120,JFK,SEA,John F. Kennedy Intl,40.6413,-73.7781,Seattle-Tacoma Intl,47.4502,-122.3088
1479,311,SEA,IAH,Seattle-Tacoma Intl,47.4502,-122.3088,George Bush Intercontinental,29.9902,-95.3368
1480,1862,SFO,BOS,San Francisco Intl,37.6213,-122.379,Boston Logan Intl,42.3656,-71.0096
1481,1216,MSP,SEA,Minneapolis–Saint Paul Intl,44.883,-93.21,Seattle-Tacoma Intl,47.4502,-122.3088
1482,1139,BOS,LAS,Boston Logan Intl,42.3656,-71.0096,Las Vegas McCarran Intl,36.084,-115.1537
1483,1090,LAS,DFW,Las Vegas McCarran Intl,36.084,-115.1537,Dallas/Fort Worth Intl,32.8998,-97.0403
1484,3939,PHX,MSP,Phoenix Sky Harbor Intl,33.4342,-112.0116,Minneapolis–Saint Paul Intl,44.883,-93.21
1485,2800,CLT,LAS,Charlotte Douglas Intl,35.214,-80.9431,Las Vegas McCarran Intl,36.084,-115.1537
1486,3994,BOS,ATL,Boston Logan Intl,42.3656,-71.0096,Hartsfield-Jackson Atlanta Intl,33.6407,-84.4277
1487,595,IAH,PHX,George Bush Intercontinental,29.9902,-95.3368,Phoenix Sky Harbor Intl,33.4342,-112.0116
1488,410,SEA,SFO,Seattle-Tacoma Intl,47.4502,-122.3088,San Francisco Intl,37.6213,-122.379
1489,2113,LAS,ATL,Las Vegas McCarran Intl,36.084,-115.1537,Hartsfield-Jackson Atlanta Intl,33.6407,-84.4277
1490,2012,LAX,PHX,Los Angeles Intl,33.9416,-118.4085,Phoenix Sky Harbor Intl,33.4342,-112.0116
1491,2989,MIA,DFW,Miami Intl,25.7959,-80.287,Dallas/Fort Worth Intl,32.8998,-97.0403
1492,548,ATL,SEA,Hartsfield-Jackson Atlanta Intl,33.6407,-84.4277,Seattle-Tacoma Intl,47.4502,-122.3088
1493,2920,MSP,LAX,Minneapolis–Saint Paul Intl,44.883,-93.21,Los Angeles Intl,33.9416,-118.4085
1494,1167,SEA,JFK,Seattle-Tacoma Intl,47.4502,-122.3088,John F. Kennedy Intl,40.6413,-73.7781
1495,711,CLT,IAH,Charlotte Douglas Intl,35.214,-80.9431,George Bush Intercontinental,29.9902,-95.3368
1496,2880,PHX,JFK,Phoenix Sky Harbor Intl,33.4342,-112.0116,John F. Kennedy Intl,40.6413,-73.7781
1497,2848,CLT,DEN,Charlotte Douglas Intl,35.214,-80.9431,Denver Intl,39.8561,-104.6737
1498,3418,CLT,MIA,Charlotte Douglas Intl,35.214,-80.9431,Miami Intl,25.7959,-80.287
1499,2688,DFW,DEN,Dallas/Fort Worth Intl,32.8998,-97.0403,Denver Intl,39.8561,-104.6737
1500,610,DFW,BOS,Dallas/Fort Worth Intl,32.8998,-97.0403,Boston Logan Intl,42.3656,-71.0096
1501,168,DEN,DFW,Denver Intl,39.8561,-104.6737,Dallas/Fort Worth Intl,32.8998,-97.0403
1502,1623,SEA,DEN,Seattle-Tacoma Intl,47.4502,-122.3088,Denver Intl,39.8561,-104.6737
1503,1867,DEN,CLT,Denver Intl,39.8561,-104.6737,Charlotte Douglas Intl,35.214,-80.9431
1504,1586,SEA,CLT,Seattle-Tacoma Intl,47.4502,-122.3088,Charlotte Douglas Intl,35.214,-80.9431
1505,3289,MSP,BOS,Minneapolis–Saint Paul Intl,44.883,-93.21,Boston Logan Intl,42.3656,-71.0096
1506,1290,BOS,MSP,Boston Logan Intl,42.3656,-71.0096,Minneapolis–Saint Paul Intl,44.883,-93.21
1507,2613,ATL,PHX,Hartsfield-Jackson Atlanta Intl,33.6407,-84.4277,Phoenix Sky Harbor Intl,33.4342,-112.0116
1508,598,CLT,DEN,Charlotte Douglas Intl,35.214,-80.9431,Denver Intl,39.8561,-104.6737
1509,3321,MSP,SEA,Minneapolis–Saint Paul Intl,44.883,-93.21,Seattle-Tacoma Intl,47.4502,-122.3088
1510,2297,BOS,LAX,Boston Logan Intl,42.3656,-71.0096,Los Angeles Intl,33.9416,-118.4085
1511,3262,MIA,CLT,Miami Intl,25.7959,-80.287,Charlotte Douglas Intl,35.214,-80.9431
1512,2647,JFK,SEA,John F. Kennedy Intl,40.6413,-73.7781,Seattle-Tacoma Intl,47.4502,-122.3088
1513,3824,ORD,LAX,Chicago O’Hare Intl,41.9742,-87.9073,Los Angeles Intl,33.9416,-118.4085
1514,3437,IAH,SFO,George Bush Intercontinental,29.9902,-95.3368,San Francisco Intl,37.6213,-122.379
1515,570,LAS,SEA,Las Vegas McCarran Intl,36.084,-115.1537,Seattle-Tacoma Intl,47.4502,-122.3088
1516,675,SEA,PHX,Seattle-Tacoma Intl,47.4502,-122.3088,Phoenix Sky Harbor Intl,33.4342,-112.0116
1517,1995,MIA,JFK,Miami Intl,25.7959,-80.287,John F. Kennedy Intl,40.6413,-73.7781
1518,430,JFK,DEN,John F. Kennedy Intl,40.6413,-73.7781,Denver Intl,39.8561,-104.6737
1519,960,PHX,SEA,Phoenix Sky Harbor Intl,33.4342,-112.0116,Seattle-Tacoma Intl,47.4502,-122.3088
1520,3593,SFO,MIA,San Francisco Intl,37.6213,-122.379,Miami Intl,25.7959,-80.287
1521,996,ATL,IAH,Hartsfield-Jackson Atlanta Intl,33.6407,-84.4277,George Bush Intercontinental,29.9902,-95.3368
1522,1987,LAS,ORD,Las Vegas McCarran Intl,36.084,-115.1537,Chicago O’Hare Intl,41.9742,-87.9073
1523,3555,DEN,CLT,Denver Intl,39.8561,-104.6737,Charlotte Douglas Intl,35.214,-80.9431
1524,3123,DEN,IAH,Denver Intl,39.8561,-104.6737,George Bush Intercontinental,29.9902,-95.3368
1525,3394,BOS,IAH,Boston Logan Intl,42.3656,-71.0096,George Bush Intercontinental,29.9902,-95.3368
1526,902,LAS,BOS,Las Vegas McCarran Intl,36.084,-115.1537,Boston Logan Intl,42.3656,-71.0096
1527,1857,DFW,MSP,Dallas/Fort Worth Intl,32.8998,-97.0403,Minneapolis–Saint Paul Intl,44.883,-93.21
1528,442,JFK,MIA,John F. Kennedy Intl,40.6413,-73.7781,Miami Intl,25.7959,-80.287
1529,1579,SFO,JFK,San Francisco Intl,37.6213,-122.379,John F. Kennedy Intl,40.6413,-73.7781
1530,2533,MIA,SEA,Miami Intl,25.7959,-80.287,Seattle-Tacoma Intl,47.4502,-122.3088
1531,3464,ATL,SFO,Hartsfield-Jackson Atlanta Intl,33.6407,-84.4277,San Francisco Intl,37.6213,-122.379
1532,144,MSP,PHX,Minneapolis–Saint Paul Intl,44.883,-93.21,Phoenix Sky Harbor Intl,33.4342,-112.0116
1533,3847,JFK,LAX,John F. Kennedy Intl,40.6413,-73.7781,Los Angeles Intl,33.9416,-118.4085
1534,1755,SFO,ORD,San Francisco Intl,37.6213,-122.379,Chicago O’Hare Intl,41.9742,-87.9073
1535,2456,ORD,ATL,Chicago O’Hare Intl,41.9742,-87.9073,Hartsfield-Jackson Atlanta Intl,33.6407,-84.4277
1536,3549,SEA,MIA,Seattle-Tacoma Intl,47.4502,-122.3088,Miami Intl,25.7959,-80.287
1537,691,MSP,IAH,Minneapolis–Saint Paul Intl,44.883,-93.21,George Bush Intercontinental,29.9902,-95.3368
1538,1932,DEN,SFO,Denver Intl,39.8561,-104.6737,San Francisco Intl,37.6213,-122.379
1539,766,MSP,ATL,Minneapolis–Saint Paul Intl,44.883,-93.21,Hartsfield-Jackson Atlanta Intl,33.6407,-84.4277
1540,133,MIA,ORD,Miami Intl,25.7959,-80.287,Chicago O’Hare Intl,41.9742,-87.9073
1541,2028,DEN,DFW,Denver Intl,39.8561,-104.6737,Dallas/Fort Worth Intl,32.8998,-97.0403
1542,2734,MIA,DFW,Miami Intl,25.7959,-80.287,Dallas/Fort Worth Intl,32.8998,-97.0403
1543,3596,BOS,DEN,Boston Logan Intl,42.3656,-71.0096,Denver Intl,39.8561,-104.6737
1544,169,DFW,LAS,Dallas/Fort Worth Intl,32.8998,-97.0403,Las Vegas McCarran Intl,36.084,-115.1537
1545,1648,MIA,ORD,Miami Intl,25.7959,-80.287,Chicago O’Hare Intl,41.9742,-87.9073
1546,695,DEN,ORD,Denver Intl,39.8561,-104.6737,Chicago O’Hare Intl,41.9742,-87.9073
1547,3540,BOS,ATL,Boston Logan Intl,42.3656,-71.0096,Hartsfield-Jackson Atlanta Intl,33.6407,-84.4277
1548,2434,MIA,SFO,Miami Intl,25.7959,-80.287,San Francisco Intl,37.6213,-122.379
1549,1523,ORD,PHX,Chicago O’Hare Intl,41.9742,-87.9073,Phoenix Sky Harbor Intl,33.4342,-112.0116
1550,2749,MSP,BOS,Minneapolis–Saint Paul Intl,44.883,-93.21,Boston Logan Intl,42.3656,-71.0096
1551,3950,DFW,LAS,Dallas/Fort Worth Intl,32.8998,-97.0403,Las Vegas McCarran Intl,36.084,-115.1537
1552,340,MIA,ATL,Miami Intl,25.7959,-80.287,Hartsfield-Jackson Atlanta Intl,33.6407,-84.4277
1553,381,BOS,LAX,Boston Logan Intl,42.3656,-71.0096,Los Angeles Intl,33.9416,-118.4085
1554,2049,PHX,IAH,Phoenix Sky Harbor Intl,33.4342,-112.0116,George Bush Intercontinental,29.9902,-95.3368
1555,3761,JFK,DFW,John F. Kennedy Intl,40.6413,-73.7781,Dallas/Fort Worth Intl,32.8998,-97.0403
1556,3135,LAX,IAH,Los Angeles Intl,33.9416,-118.4085,George Bush Intercontinental,29.9902,-95.3368
1557,683,SFO,DFW,San Francisco Intl,37.6213,-122.379,Dallas/Fort Worth Intl,32.8998,-97.0403
1558,1199,LAX,DEN,Los Angeles Intl,33.9416,-118.4085,Denver Intl,39.8561,-104.6737
1559,244,PHX,LAX,Phoenix Sky Harbor Intl,33.4342,-112.0116,Los Angeles Intl,33.9416,-118.4085
1560,3083,LAX,PHX,Los Angeles Intl,33.9416,-118.4085,Phoenix Sky Harbor Intl,33.4342,-112.0116
1561,2721,PHX,DFW,Phoenix Sky Harbor Intl,33.4342,-112.0116,Dallas/Fort Worth Intl,32.8998,-97.0403
1562,1949,ATL,IAH,Hartsfield-Jackson Atlanta Intl,33.6407,-84.4277,George Bush Intercontinental,29.9902,-95.3368
1563,2007,PHX,LAX,Phoenix Sky Harbor Intl,33.4342,-112.0116,Los Angeles Intl,33.9416,-118.4085
1564,2960,PHX,ATL,Phoenix Sky Harbor Intl,33.4342,-112.0116,Hartsfield-Jackson Atlanta Intl,33.6407,-84.4277
1565,530,CLT,BOS,Charlotte Douglas Intl,35.214,-80.9431,Boston Logan Intl,42.3656,-71.0096
1566,720,PHX,BOS,Phoenix Sky Harbor Intl,33.4342,-112.0116,Boston Logan Intl,42.3656,-71.0096
1567,3816,ORD,IAH,Chicago O’Hare Intl,41.9742,-87.9073,George Bush Intercontinental,29.9902,-95.3368
1568,951,JFK,DFW,John F. Kennedy Intl,40.6413,-73.7781,Dallas/Fort Worth Intl,32.8998,-97.0403
1569,2858,SEA,DFW,Seattle-Tacoma Intl,47.4502,-122.3088,Dallas/Fort Worth Intl,32.8998,-97.0403
1570,1538,MIA,SFO,Miami Intl,25.7959,-80.287,San Francisco Intl,37.6213,-122.379
1571,3898,SFO,BOS,San Francisco Intl,37.6213,-122.379,Boston Logan Intl,42.3656,-71.0096
1572,2165,DFW,PHX,Dallas/Fort Worth Intl,32.8998,-97.0403,Phoenix Sky Harbor Intl,33.4342,-112.0116
1573,1434,JFK,PHX,John F. Kennedy Intl,40.6413,-73.7781,Phoenix Sky Harbor Intl,33.4342,-112.0116
1574,780,DEN,MIA,Denver Intl,39.8561,-104.6737,Miami Intl,25.7959,-80.287
1575,1547,SEA,MIA,Seattle-Tacoma Intl,47.4502,-122.3088,Miami Intl,25.7959,-80.287
1576,2296,ATL,DEN,Hartsfield-Jackson Atlanta Intl,33.6407,-84.4277,Denver Intl,39.8561,-104.6737
1577,3260,ATL,BOS,Hartsfield-Jackson Atlanta Intl,33.6407,-84.4277,Boston Logan Intl,42.3656,-71.0096
1578,600,IAH,ATL,George Bush Intercontinental,29.9902,-95.3368,Hartsfield-Jackson Atlanta Intl,33.6407,-84.4277
1579,509,MSP,ATL,Minneapolis–Saint Paul Intl,44.883,-93.21,Hartsfield-Jackson Atlanta Intl,33.6407,-84.4277
1580,2489,PHX,JFK,Phoenix Sky Harbor Intl,33.4342,-112.0116,John F. Kennedy Intl,40.6413,-73.7781
1581,705,JFK,LAX,John F. Kennedy Intl,40.6413,-73.7781,Los Angeles Intl,33.9416,-118.4085
1582,3703,BOS,SEA,Boston Logan Intl,42.3656,-71.0096,Seattle-Tacoma Intl,47.4502,-122.3088
1583,3028,CLT,IAH,Charlotte Douglas Intl,35.214,-80.9431,George Bush Intercontinental,29.9902,-95.3368
1584,821,LAX,MIA,Los Angeles Intl,33.9416,-118.4085,Miami Intl,25.7959,-80.287
1585,2092,DEN,IAH,Denver Intl,39.8561,-104.6737,George Bush Intercontinental,29.9902,-95.3368
1586,3953,ATL,DFW,Hartsfield-Jackson Atlanta Intl,33.6407,-84.4277,Dallas/Fort Worth Intl,32.8998,-97.0403
1587,2167,SFO,DEN,San Francisco Intl,37.6213,-122.379,Denver Intl,39.8561,-104.6737
1588,3322,ATL,PHX,Hartsfield-Jackson Atlanta Intl,33.6407,-84.4277,Phoenix Sky Harbor Intl,33.4342,-112.0116
1589,611,DFW,SEA,Dallas/Fort Worth Intl,32.8998,-97.0403,Seattle-Tacoma Intl,47.4502,-122.3088
1590,574,MIA,ORD,Miami Intl,25.7959,-80.287,Chicago O’Hare Intl,41.9742,-87.9073
1591,3040,ATL,DEN,Hartsfield-Jackson Atlanta Intl,33.6407,-84.4277,Denver Intl,39.8561,-104.6737
1592,2347,DFW,ORD,Dallas/Fort Worth Intl,32.8998,-97.0403,Chicago O’Hare Intl,41.9742,-87.9073
1593,1037,JFK,CLT,John F. Kennedy Intl,40.6413,-73.7781,Charlotte Douglas Intl,35.214,-80.9431
1594,2266,JFK,BOS,John F. Kennedy Intl,40.6413,-73.7781,Boston Logan Intl,42.3656,-71.0096
1595,1378,CLT,ORD,Charlotte Douglas Intl,35.214,-80.9431,Chicago O’Hare Intl,41.9742,-87.9073
1596,2421,MSP,ORD,Minneapolis–Saint Paul Intl,44.883,-93.21,Chicago O’Hare Intl,41.9742,-87.9073
1597,1516,IAH,JFK,George Bush Intercontinental,29.9902,-95.3368,John F. Kennedy Intl,40.6413,-73.7781
1598,797,SEA,CLT,Seattle-Tacoma Intl,47.4502,-122.3088,Charlotte Douglas Intl,35.214,-80.9431
1599,1935,ATL,SFO,Hartsfield-Jackson Atlanta Intl,33.6407,-84.4277,San Francisco Intl,37.6213,-122.379
1600,2275,SFO,MSP,San Francisco Intl,37.6213,-122.379,Minneapolis–Saint Paul Intl,44.883,-93.21
1601,786,ATL,SFO,Hartsfield-Jackson Atlanta Intl,33.6407,-84.4277,San Francisco Intl,37.6213,-122.379
1602,3876,IAH,SFO,George Bush Intercontinental,29.9902,-95.3368,San Francisco Intl,37.6213,-122.379
1603,3181,LAS,BOS,Las Vegas McCarran Intl,36.084,-115.1537,Boston Logan Intl,42.3656,-71.0096
1604,2937,SFO,SEA,San Francisco Intl,37.6213,-122.379,Seattle-Tacoma Intl,47.4502,-122.3088
1605,3771,ORD,DEN,Chicago O’Hare Intl,41.9742,-87.9073,Denver Intl,39.8561,-104.6737
1606,2189,PHX,DEN,Phoenix Sky Harbor Intl,33.4342,-112.0116,Denver Intl,39.8561,-104.6737
1607,2735,SEA,LAS,Seattle-Tacoma Intl,47.4502,-122.3088,Las Vegas McCarran Intl,36.084,-115.1537
1608,2320,ORD,DFW,Chicago O’Hare Intl,41.9742,-87.9073,Dallas/Fort Worth Intl,32.8998,-97.0403
1609,2923,LAS,SFO,Las Vegas McCarran Intl,36.084,-115.1537,San Francisco Intl,37.6213,-122.379
1610,2193,LAS,BOS,Las Vegas McCarran Intl,36.084,-115.1537,Boston Logan Intl,42.3656,-71.0096
1611,3263,IAH,DFW,George Bush Intercontinental,29.9902,-95.3368,Dallas/Fort Worth Intl,32.8998,-97.0403
1612,3091,ATL,MSP,Hartsfield-Jackson Atlanta Intl,33.6407,-84.4277,Minneapolis–Saint Paul Intl,44.883,-93.21
1613,825,IAH,LAX,George Bush Intercontinental,29.9902,-95.3368,Los Angeles Intl,33.9416,-118.4085
1614,1212,IAH,DFW,George Bush Intercontinental,29.9902,-95.3368,Dallas/Fort Worth Intl,32.8998,-97.0403
1615,3017,LAS,IAH,Las Vegas McCarran Intl,36.084,-115.1537,George Bush Intercontinental,29.9902,-95.3368
1616,1828,SEA,IAH,Seattle-Tacoma Intl,47.4502,-122.3088,George Bush Intercontinental,29.9902,-95.3368
1617,2101,ORD,SEA,Chicago O’Hare Intl,41.9742,-87.9073,Seattle-Tacoma Intl,47.4502,-122.3088
1618,3320,LAX,MIA,Los Angeles Intl,33.9416,-118.4085,Miami Intl,25.7959,-80.287
1619,2346,ATL,ORD,Hartsfield-Jackson Atlanta Intl,33.6407,-84.4277,Chicago O’Hare Intl,41.9742,-87.9073
1620,2698,LAS,SFO,Las Vegas McCarran Intl,36.084,-115.1537,San Francisco Intl,37.6213,-122.379
1621,3101,ORD,LAS,Chicago O’Hare Intl,41.9742,-87.9073,Las Vegas McCarran Intl,36.084,-115.1537
1622,1134,MSP,CLT,Minneapolis–Saint Paul Intl,44.883,-93.21,Charlotte Douglas Intl,35.214,-80.9431
1623,1961,LAX,LAS,Los Angeles Intl,33.9416,-118.4085,Las Vegas McCarran Intl,36.084,-115.1537
1624,1954,LAX,MIA,Los Angeles Intl,33.9416,-118.4085,Miami Intl,25.7959,-80.287
1625,2260,JFK,PHX,John F. Kennedy Intl,40.6413,-73.7781,Phoenix Sky Harbor Intl,33.4342,-112.0116
1626,1767,CLT,DFW,Charlotte Douglas Intl,35.214,-80.9431,Dallas/Fort Worth Intl,32.8998,-97.0403
1627,210,ATL,BOS,Hartsfield-Jackson Atlanta Intl,33.6407,-84.4277,Boston Logan Intl,42.3656,-71.0096
1628,2017,LAX,MSP,Los Angeles Intl,33.9416,-118.4085,Minneapolis–Saint Paul Intl,44.883,-93.21
1629,1499,LAS,ORD,Las Vegas McCarran Intl,36.084,-115.1537,Chicago O’Hare Intl,41.9742,-87.9073
1630,1990,JFK,DEN,John F. Kennedy Intl,40.6413,-73.7781,Denver Intl,39.8561,-104.6737
1631,508,ORD,ATL,Chicago O’Hare Intl,41.9742,-87.9073,Hartsfield-Jackson Atlanta Intl,33.6407,-84.4277
1632,2968,MSP,ORD,Minneapolis–Saint Paul Intl,44.883,-93.21,Chicago O’Hare Intl,41.9742,-87.9073
1633,314,DFW,MSP,Dallas/Fort Worth Intl,32.8998,-97.0403,Minneapolis–Saint Paul Intl,44.883,-93.21
1634,1812,ATL,SEA,Hartsfield-Jackson Atlanta Intl,33.6407,-84.4277,Seattle-Tacoma Intl,47.4502,-122.3088
1635,1027,SEA,PHX,Seattle-Tacoma Intl,47.4502,-122.3088,Phoenix Sky Harbor Intl,33.4342,-112.0116
1636,2620,IAH,SEA,George Bush Intercontinental,29.9902,-95.3368,Seattle-Tacoma Intl,47.4502,-122.3088
1637,197,SFO,MSP,San Francisco Intl,37.6213,-122.379,Minneapolis–Saint Paul Intl,44.883,-93.21
1638,2223,SFO,IAH,San Francisco Intl,37.6213,-122.379,George Bush Intercontinental,29.9902,-95.3368
1639,3182,ORD,DFW,Chicago O’Hare Intl,41.9742,-87.9073,Dallas/Fort Worth Intl,32.8998,-97.0403
1640,1803,BOS,LAX,Boston Logan Intl,42.3656,-71.0096,Los Angeles Intl,33.9416,-118.4085
1641,2436,BOS,IAH,Boston Logan Intl,42.3656,-71.0096,George Bush Intercontinental,29.9902,-95.3368
1642,2154,ORD,SEA,Chicago O’Hare Intl,41.9742,-87.9073,Seattle-Tacoma Intl,47.4502,-122.3088
1643,942,LAS,SEA,Las Vegas McCarran Intl,36.084,-115.1537,Seattle-Tacoma Intl,47.4502,-122.3088
1644,2127,LAX,BOS,Los Angeles Intl,33.9416,-118.4085,Boston Logan Intl,42.3656,-71.0096
1645,1916,CLT,DFW,Charlotte Douglas Intl,35.214,-80.9431,Dallas/Fort Worth Intl,32.8998,-97.0403
1646,2166,ATL,ORD,Hartsfield-Jackson Atlanta Intl,33.6407,-84.4277,Chicago O’Hare Intl,41.9742,-87.9073
1647,1246,SFO,LAX,San Francisco Intl,37.6213,-122.379,Los Angeles Intl,33.9416,-118.4085
1648,2580,SFO,MIA,San Francisco Intl,37.6213,-122.379,Miami Intl,25.7959,-80.287
1649,1940,CLT,ATL,Charlotte Douglas Intl,35.214,-80.9431,Hartsfield-Jackson Atlanta Intl,33.6407,-84.4277
1650,3189,LAX,SFO,Los Angeles Intl,33.9416,-118.4085,San Francisco Intl,37.6213,-122.379
1651,2566,SFO,DEN,San Francisco Intl,37.6213,-122.379,Denver Intl,39.8561,-104.6737
1652,162,IAH,SEA,George Bush Intercontinental,29.9902,-95.3368,Seattle-Tacoma Intl,47.4502,-122.3088
1653,1404,SEA,DFW,Seattle-Tacoma Intl,47.4502,-122.3088,Dallas/Fort Worth Intl,32.8998,-97.0403
1654,1411,ATL,SFO,Hartsfield-Jackson Atlanta Intl,33.6407,-84.4277,San Francisco Intl,37.6213,-122.379
1655,1964,MIA,IAH,Miami Intl,25.7959,-80.287,George Bush Intercontinental,29.9902,-95.3368
1656,3436,SFO,DEN,San Francisco Intl,37.6213,-122.379,Denver Intl,39.8561,-104.6737
1657,1941,ORD,MSP,Chicago O’Hare Intl,41.9742,-87.9073,Minneapolis–Saint Paul Intl,44.883,-93.21
1658,2991,SEA,LAS,Seattle-Tacoma Intl,47.4502,-122.3088,Las Vegas McCarran Intl,36.084,-115.1537
1659,878,SFO,DEN,San Francisco Intl,37.6213,-122.379,Denver Intl,39.8561,-104.6737
1660,2958,PHX,LAS,Phoenix Sky Harbor Intl,33.4342,-112.0116,Las Vegas McCarran Intl,36.084,-115.1537
1661,1934,MSP,MIA,Minneapolis–Saint Paul Intl,44.883,-93.21,Miami Intl,25.7959,-80.287
1662,2990,IAH,MIA,George Bush Intercontinental,29.9902,-95.3368,Miami Intl,25.7959,-80.287
1663,1730,SEA,IAH,Seattle-Tacoma Intl,47.4502,-122.3088,George Bush Intercontinental,29.9902,-95.3368
1664,1205,JFK,MIA,John F. Kennedy Intl,40.6413,-73.7781,Miami Intl,25.7959,-80.287
1665,2396,MIA,CLT,Miami Intl,25.7959,-80.287,Charlotte Douglas Intl,35.214,-80.9431
1666,955,MSP,JFK,Minneapolis–Saint Paul Intl,44.883,-93.21,John F. Kennedy Intl,40.6413,-73.7781
1667,3572,DEN,JFK,Denver Intl,39.8561,-104.6737,John F. Kennedy Intl,40.6413,-73.7781
1668,126,ORD,DEN,Chicago O’Hare Intl,41.9742,-87.9073,Denver Intl,39.8561,-104.6737
1669,2192,ORD,MIA,Chicago O’Hare Intl,41.9742,-87.9073,Miami Intl,25.7959,-80.287
1670,2146,ATL,BOS,Hartsfield-Jackson Atlanta Intl,33.6407,-84.4277,Boston Logan Intl,42.3656,-71.0096
1671,445,CLT,SEA,Charlotte Douglas Intl,35.214,-80.9431,Seattle-Tacoma Intl,47.4502,-122.3088
1672,841,MSP,SFO,Minneapolis–Saint Paul Intl,44.883,-93.21,San Francisco Intl,37.6213,-122.379
1673,2284,SEA,SFO,Seattle-Tacoma Intl,47.4502,-122.3088,San Francisco Intl,37.6213,-122.379
1674,818,LAX,JFK,Los Angeles Intl,33.9416,-118.4085,John F. Kennedy Intl,40.6413,-73.7781
1675,1946,ORD,DEN,Chicago O’Hare Intl,41.9742,-87.9073,Denver Intl,39.8561,-104.6737
1676,298,SEA,IAH,Seattle-Tacoma Intl,47.4502,-122.3088,George Bush Intercontinental,29.9902,-95.3368
1677,2480,LAS,DFW,Las Vegas McCarran Intl,36.084,-115.1537,Dallas/Fort Worth Intl,32.8998,-97.0403
1678,3672,SEA,ORD,Seattle-Tacoma Intl,47.4502,-122.3088,Chicago O’Hare Intl,41.9742,-87.9073
1679,2453,LAS,ORD,Las Vegas McCarran Intl,36.084,-115.1537,Chicago O’Hare Intl,41.9742,-87.9073
1680,3183,PHX,JFK,Phoenix Sky Harbor Intl,33.4342,-112.0116,John F. Kennedy Intl,40.6413,-73.7781
1681,2159,DFW,MSP,Dallas/Fort Worth Intl,32.8998,-97.0403,Minneapolis–Saint Paul Intl,44.883,-93.21
1682,3923,DFW,MIA,Dallas/Fort Worth Intl,32.8998,-97.0403,Miami Intl,25.7959,-80.287
1683,2068,DEN,CLT,Denver Intl,39.8561,-104.6737,Charlotte Douglas Intl,35.214,-80.9431
1684,911,JFK,CLT,John F. Kennedy Intl,40.6413,-73.7781,Charlotte Douglas Intl,35.214,-80.9431
1685,1726,DEN,JFK,Denver Intl,39.8561,-104.6737,John F. Kennedy Intl,40.6413,-73.7781
1686,2471,LAS,ORD,Las Vegas McCarran Intl,36.084,-115.1537,Chicago O’Hare Intl,41.9742,-87.9073
1687,3197,MSP,JFK,Minneapolis–Saint Paul Intl,44.883,-93.21,John F. Kennedy Intl,40.6413,-73.7781
1688,2169,SFO,DFW,San Francisco Intl,37.6213,-122.379,Dallas/Fort Worth Intl,32.8998,-97.0403
1689,2356,LAX,MSP,Los Angeles Intl,33.9416,-118.4085,Minneapolis–Saint Paul Intl,44.883,-93.21
1690,927,SFO,MIA,San Francisco Intl,37.6213,-122.379,Miami Intl,25.7959,-80.287
1691,1672,BOS,DEN,Boston Logan Intl,42.3656,-71.0096,Denver Intl,39.8561,-104.6737
1692,2722,SFO,IAH,San Francisco Intl,37.6213,-122.379,George Bush Intercontinental,29.9902,-95.3368
1693,3678,ATL,SFO,Hartsfield-Jackson Atlanta Intl,33.6407,-84.4277,San Francisco Intl,37.6213,-122.379
1694,1653,SFO,BOS,San Francisco Intl,37.6213,-122.379,Boston Logan Intl,42.3656,-71.0096
1695,3504,DEN,LAX,Denver Intl,39.8561,-104.6737,Los Angeles Intl,33.9416,-118.4085
1696,2382,ORD,LAS,Chicago O’Hare Intl,41.9742,-87.9073,Las Vegas McCarran Intl,36.084,-115.1537
1697,744,IAH,LAS,George Bush Intercontinental,29.9902,-95.3368,Las Vegas McCarran Intl,36.084,-115.1537
1698,3479,ORD,DEN,Chicago O’Hare Intl,41.9742,-87.9073,Denver Intl,39.8561,-104.6737
1699,3297,DFW,MIA,Dallas/Fort Worth Intl,32.8998,-97.0403,Miami Intl,25.7959,-80.287
1700,3093,IAH,PHX,George Bush Intercontinental,29.9902,-95.3368,Phoenix Sky Harbor Intl,33.4342,-112.0116
1701,2643,CLT,ORD,Charlotte Douglas Intl,35.214,-80.9431,Chicago O’Hare Intl,41.9742,-87.9073
1702,469,LAX,LAS,Los Angeles Intl,33.9416,-118.4085,Las Vegas McCarran Intl,36.084,-115.1537
1703,3822,LAX,MIA,Los Angeles Intl,33.9416,-118.4085,Miami Intl,25.7959,-80.287
1704,2431,ATL,LAS,Hartsfield-Jackson Atlanta Intl,33.6407,-84.4277,Las Vegas McCarran Intl,36.084,-115.1537
1705,970,MSP,PHX,Minneapolis–Saint Paul Intl,44.883,-93.21,Phoenix Sky Harbor Intl,33.4342,-112.0116
1706,106,DEN,MSP,Denver Intl,39.8561,-104.6737,Minneapolis–Saint Paul Intl,44.883,-93.21
1707,3008,DFW,JFK,Dallas/Fort Worth Intl,32.8998,-97.0403,John F. Kennedy Intl,40.6413,-73.7781
1708,2964,PHX,DFW,Phoenix Sky Harbor Intl,33.4342,-112.0116,Dallas/Fort Worth Intl,32.8998,-97.0403
1709,2372,BOS,SFO,Boston Logan Intl,42.3656,-71.0096,San Francisco Intl,37.6213,-122.379
1710,2251,MSP,SEA,Minneapolis–Saint Paul Intl,44.883,-93.21,Seattle-Tacoma Intl,47.4502,-122.3088
1711,1687,LAX,JFK,Los Angeles Intl,33.9416,-118.4085,John F. Kennedy Intl,40.6413,-73.7781
1712,3919,ORD,DEN,Chicago O’Hare Intl,41.9742,-87.9073,Denver Intl,39.8561,-104.6737
1713,1923,SFO,JFK,San Francisco Intl,37.6213,-122.379,John F. Kennedy Intl,40.6413,-73.7781
1714,1911,SFO,DEN,San Francisco Intl,37.6213,-122.379,Denver Intl,39.8561,-104.6737
1715,3629,CLT,SEA,Charlotte Douglas Intl,35.214,-80.9431,Seattle-Tacoma Intl,47.4502,-122.3088
1716,1675,DFW,ATL,Dallas/Fort Worth Intl,32.8998,-97.0403,Hartsfield-Jackson Atlanta Intl,33.6407,-84.4277
1717,2492,DEN,PHX,Denver Intl,39.8561,-104.6737,Phoenix Sky Harbor Intl,33.4342,-112.0116
1718,1595,DEN,SFO,Denver Intl,39.8561,-104.6737,San Francisco Intl,37.6213,-122.379
1719,1131,JFK,MSP,John F. Kennedy Intl,40.6413,-73.7781,Minneapolis–Saint Paul Intl,44.883,-93.21
1720,3194,LAS,BOS,Las Vegas McCarran Intl,36.084,-115.1537,Boston Logan Intl,42.3656,-71.0096
1721,2728,MIA,BOS,Miami Intl,25.7959,-80.287,Boston Logan Intl,42.3656,-71.0096
1722,1554,LAX,PHX,Los Angeles Intl,33.9416,-118.4085,Phoenix Sky Harbor Intl,33.4342,-112.0116
1723,1829,DEN,LAX,Denver Intl,39.8561,-104.6737,Los Angeles Intl,33.9416,-118.4085
1724,3834,CLT,MSP,Charlotte Douglas Intl,35.214,-80.9431,Minneapolis–Saint Paul Intl,44.883,-93.21
1725,2720,ORD,LAS,Chicago O’Hare Intl,41.9742,-87.9073,Las Vegas McCarran Intl,36.084,-115.1537
1726,3295,DFW,MIA,Dallas/Fort Worth Intl,32.8998,-97.0403,Miami Intl,25.7959,-80.287
1727,814,BOS,ATL,Boston Logan Intl,42.3656,-71.0096,Hartsfield-Jackson Atlanta Intl,33.6407,-84.4277
1728,3568,JFK,PHX,John F. Kennedy Intl,40.6413,-73.7781,Phoenix Sky Harbor Intl,33.4342,-112.0116
1729,3299,CLT,BOS,Charlotte Douglas Intl,35.214,-80.9431,Boston Logan Intl,42.3656,-71.0096
1730,3974,SEA,JFK,Seattle-Tacoma Intl,47.4502,-122.3088,John F. Kennedy Intl,40.6413,-73.7781
1731,1771,ATL,MIA,Hartsfield-Jackson Atlanta Intl,33.6407,-84.4277,Miami Intl,25.7959,-80.287
1732,1854,BOS,ATL,Boston Logan Intl,42.3656,-71.0096,Hartsfield-Jackson Atlanta Intl,33.6407,-84.4277
1733,1910,LAS,DFW,Las Vegas McCarran Intl,36.084,-115.1537,Dallas/Fort Worth Intl,32.8998,-97.0403
1734,767,SEA,DFW,Seattle-Tacoma Intl,47.4502,-122.3088,Dallas/Fort Worth Intl,32.8998,-97.0403
1735,3134,PHX,MSP,Phoenix Sky Harbor Intl,33.4342,-112.0116,Minneapolis–Saint Paul Intl,44.883,-93.21
1736,3493,LAS,MIA,Las Vegas McCarran Intl,36.084,-115.1537,Miami Intl,25.7959,-80.287
1737,557,SFO,PHX,San Francisco Intl,37.6213,-122.379,Phoenix Sky Harbor Intl,33.4342,-112.0116
1738,3399,ATL,DEN,Hartsfield-Jackson Atlanta Intl,33.6407,-84.4277,Denver Intl,39.8561,-104.6737
1739,536,LAX,DEN,Los Angeles Intl,33.9416,-118.4085,Denver Intl,39.8561,-104.6737
1740,3389,ORD,JFK,Chicago O’Hare Intl,41.9742,-87.9073,John F. Kennedy Intl,40.6413,-73.7781
1741,2760,ATL,DEN,Hartsfield-Jackson Atlanta Intl,33.6407,-84.4277,Denver Intl,39.8561,-104.6737
1742,753,LAS,ATL,Las Vegas McCarran Intl,36.084,-115.1537,Hartsfield-Jackson Atlanta Intl,33.6407,-84.4277
1743,890,MIA,MSP,Miami Intl,25.7959,-80.287,Minneapolis–Saint Paul Intl,44.883,-93.21
1744,887,SEA,MIA,Seattle-Tacoma Intl,47.4502,-122.3088,Miami Intl,25.7959,-80.287
1745,1345,LAX,ORD,Los Angeles Intl,33.9416,-118.4085,Chicago O’Hare Intl,41.9742,-87.9073
1746,3758,IAH,DFW,George Bush Intercontinental,29.9902,-95.3368,Dallas/Fort Worth Intl,32.8998,-97.0403
1747,1918,MIA,ATL,Miami Intl,25.7959,-80.287,Hartsfield-Jackson Atlanta Intl,33.6407,-84.4277
1748,3535,SFO,MIA,San Francisco Intl,37.6213,-122.379,Miami Intl,25.7959,-80.287
1749,3565,MIA,MSP,Miami Intl,25.7959,-80.287,Minneapolis–Saint Paul Intl,44.883,-93.21
1750,3752,JFK,SEA,John F. Kennedy Intl,40.6413,-73.7781,Seattle-Tacoma Intl,47.4502,-122.3088
1751,3983,JFK,LAX,John F. Kennedy Intl,40.6413,-73.7781,Los Angeles Intl,33.9416,-118.4085
1752,2868,PHX,SEA,Phoenix Sky Harbor Intl,33.4342,-112.0116,Seattle-Tacoma Intl,47.4502,-122.3088
1753,2519,LAS,MSP,Las Vegas McCarran Intl,36.084,-115.1537,Minneapolis–Saint Paul Intl,44.883,-93.21
1754,2373,DFW,SFO,Dallas/Fort Worth Intl,32.8998,-97.0403,San Francisco Intl,37.6213,-122.379
1755,3585,BOS,PHX,Boston Logan Intl,42.3656,-71.0096,Phoenix Sky Harbor Intl,33.4342,-112.0116
1756,2962,BOS,JFK,Boston Logan Intl,42.3656,-71.0096,John F. Kennedy Intl,40.6413,-73.7781
1757,1133,IAH,ATL,George Bush Intercontinental,29.9902,-95.3368,Hartsfield-Jackson Atlanta Intl,33.6407,-84.4277
1758,2517,IAH,MSP,George Bush Intercontinental,29.9902,-95.3368,Minneapolis–Saint Paul Intl,44.883,-93.21
1759,2710,LAX,SFO,Los Angeles Intl,33.9416,-118.4085,San Francisco Intl,37.6213,-122.379
1760,1861,SFO,BOS,San Francisco Intl,37.6213,-122.379,Boston Logan Intl,42.3656,-71.0096
1761,2631,DEN,SFO,Denver Intl,39.8561,-104.6737,San Francisco Intl,37.6213,-122.379
1762,1634,PHX,IAH,Phoenix Sky Harbor Intl,33.4342,-112.0116,George Bush Intercontinental,29.9902,-95.3368
1763,1589,JFK,LAS,John F. Kennedy Intl,40.6413,-73.7781,Las Vegas McCarran Intl,36.084,-115.1537
1764,1340,LAX,MIA,Los Angeles Intl,33.9416,-118.4085,Miami Intl,25.7959,-80.287
1765,180,DEN,ATL,Denver Intl,39.8561,-104.6737,Hartsfield-Jackson Atlanta Intl,33.6407,-84.4277
1766,2870,BOS,LAX,Boston Logan Intl,42.3656,-71.0096,Los Angeles Intl,33.9416,-118.4085
1767,2936,DFW,PHX,Dallas/Fort Worth Intl,32.8998,-97.0403,Phoenix Sky Harbor Intl,33.4342,-112.0116
1768,3681,MIA,LAS,Miami Intl,25.7959,-80.287,Las Vegas McCarran Intl,36.084,-115.1537
1769,1891,JFK,IAH,John F. Kennedy Intl,40.6413,-73.7781,George Bush Intercontinental,29.9902,-95.3368
1770,2775,LAX,MIA,Los Angeles Intl,33.9416,-118.4085,Miami Intl,25.7959,-80.287
1771,3078,ATL,IAH,Hartsfield-Jackson Atlanta Intl,33.6407,-84.4277,George Bush Intercontinental,29.9902,-95.3368
1772,1129,DEN,JFK,Denver Intl,39.8561,-104.6737,John F. Kennedy Intl,40.6413,-73.7781
1773,3506,MIA,JFK,Miami Intl,25.7959,-80.287,John F. Kennedy Intl,40.6413,-73.7781
1774,3248,JFK,DFW,John F. Kennedy Intl,40.6413,-73.7781,Dallas/Fort Worth Intl,32.8998,-97.0403
1775,3517,BOS,DFW,Boston Logan Intl,42.3656,-71.0096,Dallas/Fort Worth Intl,32.8998,-97.0403
1776,2864,CLT,DEN,Charlotte Douglas Intl,35.214,-80.9431,Denver Intl,39.8561,-104.6737
1777,2938,SFO,ORD,San Francisco Intl,37.6213,-122.379,Chicago O’Hare Intl,41.9742,-87.9073
1778,2487,DEN,ATL,Denver Intl,39.8561,-104.6737,Hartsfield-Jackson Atlanta Intl,33.6407,-84.4277
1779,2397,BOS,MSP,Boston Logan Intl,42.3656,-71.0096,Minneapolis–Saint Paul Intl,44.883,-93.21
1780,2357,JFK,ATL,John F. Kennedy Intl,40.6413,-73.7781,Hartsfield-Jackson Atlanta Intl,33.6407,-84.4277
1781,2554,DEN,CLT,Denver Intl,39.8561,-104.6737,Charlotte Douglas Intl,35.214,-80.9431
1782,1965,PHX,MSP,Phoenix Sky Harbor Intl,33.4342,-112.0116,Minneapolis–Saint Paul Intl,44.883,-93.21
1783,2814,MIA,IAH,Miami Intl,25.7959,-80.287,George Bush Intercontinental,29.9902,-95.3368
1784,1989,MSP,SFO,Minneapolis–Saint Paul Intl,44.883,-93.21,San Francisco Intl,37.6213,-122.379
1785,2883,JFK,ATL,John F. Kennedy Intl,40.6413,-73.7781,Hartsfield-Jackson Atlanta Intl,33.6407,-84.4277
1786,1022,PHX,ATL,Phoenix Sky Harbor Intl,33.4342,-112.0116,Hartsfield-Jackson Atlanta Intl,33.6407,-84.4277
1787,2124,SEA,ORD,Seattle-Tacoma Intl,47.4502,-122.3088,Chicago O’Hare Intl,41.9742,-87.9073
1788,2037,LAX,BOS,Los Angeles Intl,33.9416,-118.4085,Boston Logan Intl,42.3656,-71.0096
1789,3025,CLT,MSP,Charlotte Douglas Intl,35.214,-80.9431,Minneapolis–Saint Paul Intl,44.883,-93.21
1790,2384,IAH,DFW,George Bush Intercontinental,29.9902,-95.3368,Dallas/Fort Worth Intl,32.8998,-97.0403
1791,1737,MIA,DFW,Miami Intl,25.7959,-80.287,Dallas/Fort Worth Intl,32.8998,-97.0403
1792,736,DEN,LAX,Denver Intl,39.8561,-104.6737,Los Angeles Intl,33.9416,-118.4085
1793,3358,SFO,ATL,San Francisco Intl,37.6213,-122.379,Hartsfield-Jackson Atlanta Intl,33.6407,-84.4277
1794,2683,BOS,ORD,Boston Logan Intl,42.3656,-71.0096,Chicago O’Hare Intl,41.9742,-87.9073
1795,3904,IAH,PHX,George Bush Intercontinental,29.9902,-95.3368,Phoenix Sky Harbor Intl,33.4342,-112.0116
1796,1148,ATL,DFW,Hartsfield-Jackson Atlanta Intl,33.6407,-84.4277,Dallas/Fort Worth Intl,32.8998,-97.0403
1797,2671,BOS,ORD,Boston Logan Intl,42.3656,-71.0096,Chicago O’Hare Intl,41.9742,-87.9073
1798,2299,DEN,SEA,Denver Intl,39.8561,-104.6737,Seattle-Tacoma Intl,47.4502,-122.3088
1799,1693,CLT,LAS,Charlotte Douglas Intl,35.214,-80.9431,Las Vegas McCarran Intl,36.084,-115.1537
1800,1631,LAS,BOS,Las Vegas McCarran Intl,36.084,-115.1537,Boston Logan Intl,42.3656,-71.0096
1801,3492,BOS,ATL,Boston Logan Intl,42.3656,-71.0096,Hartsfield-Jackson Atlanta Intl,33.6407,-84.4277
1802,1889,LAS,DFW,Las Vegas McCarran Intl,36.084,-115.1537,Dallas/Fort Worth Intl,32.8998,-97.0403
1803,3621,LAX,SFO,Los Angeles Intl,33.9416,-118.4085,San Francisco Intl,37.6213,-122.379
1804,1542,CLT,IAH,Charlotte Douglas Intl,35.214,-80.9431,George Bush Intercontinental,29.9902,-95.3368
1805,961,JFK,SFO,John F. Kennedy Intl,40.6413,-73.7781,San Francisco Intl,37.6213,-122.379
1806,702,PHX,DFW,Phoenix Sky Harbor Intl,33.4342,-112.0116,Dallas/Fort Worth Intl,32.8998,-97.0403
1807,2712,ATL,SEA,Hartsfield-Jackson Atlanta Intl,33.6407,-84.4277,Seattle-Tacoma Intl,47.4502,-122.3088
1808,503,ORD,PHX,Chicago O’Hare Intl,41.9742,-87.9073,Phoenix Sky Harbor Intl,33.4342,-112.0116
1809,2089,DEN,IAH,Denver Intl,39.8561,-104.6737,George Bush Intercontinental,29.9902,-95.3368
1810,1407,DFW,ORD,Dallas/Fort Worth Intl,32.8998,-97.0403,Chicago O’Hare Intl,41.9742,-87.9073
1811,3444,ORD,JFK,Chicago O’Hare Intl,41.9742,-87.9073,John F. Kennedy Intl,40.6413,-73.7781
1812,2377,BOS,MIA,Boston Logan Intl,42.3656,-71.0096,Miami Intl,25.7959,-80.287
1813,519,IAH,ATL,George Bush Intercontinental,29.9902,-95.3368,Hartsfield-Jackson Atlanta Intl,33.6407,-84.4277
1814,1666,DEN,ATL,Denver Intl,39.8561,-104.6737,Hartsfield-Jackson Atlanta Intl,33.6407,-84.4277
1815,2873,PHX,SEA,Phoenix Sky Harbor Intl,33.4342,-112.0116,Seattle-Tacoma Intl,47.4502,-122.3088
1816,1710,SEA,ORD,Seattle-Tacoma Intl,47.4502,-122.3088,Chicago O’Hare Intl,41.9742,-87.9073
1817,1234,PHX,DEN,Phoenix Sky Harbor Intl,33.4342,-112.0116,Denver Intl,39.8561,-104.6737
1818,2843,DFW,ATL,Dallas/Fort Worth Intl,32.8998,-97.0403,Hartsfield-Jackson Atlanta Intl,33.6407,-84.4277
1819,3196,ATL,DEN,Hartsfield-Jackson Atlanta Intl,33.6407,-84.4277,Denver Intl,39.8561,-104.6737
1820,617,PHX,MSP,Phoenix Sky Harbor Intl,33.4342,-112.0116,Minneapolis–Saint Paul Intl,44.883,-93.21
1821,2141,SFO,JFK,San Francisco Intl,37.6213,-122.379,John F. Kennedy Intl,40.6413,-73.7781
1822,751,SEA,LAS,Seattle-Tacoma Intl,47.4502,-122.3088,Las Vegas McCarran Intl,36.084,-115.1537
1823,1914,ORD,IAH,Chicago O’Hare Intl,41.9742,-87.9073,George Bush Intercontinental,29.9902,-95.3368
1824,2979,JFK,LAS,John F. Kennedy Intl,40.6413,-73.7781,Las Vegas McCarran Intl,36.084,-115.1537
1825,3579,LAX,ORD,Los Angeles Intl,33.9416,-118.4085,Chicago O’Hare Intl,41.9742,-87.9073
1826,2406,SFO,ORD,San Francisco Intl,37.6213,-122.379,Chicago O’Hare Intl,41.9742,-87.9073
1827,1991,MSP,CLT,Minneapolis–Saint Paul Intl,44.883,-93.21,Charlotte Douglas Intl,35.214,-80.9431
1828,2888,SEA,PHX,Seattle-Tacoma Intl,47.4502,-122.3088,Phoenix Sky Harbor Intl,33.4342,-112.0116
1829,1712,JFK,PHX,John F. Kennedy Intl,40.6413,-73.7781,Phoenix Sky Harbor Intl,33.4342,-112.0116
1830,2943,JFK,BOS,John F. Kennedy Intl,40.6413,-73.7781,Boston Logan Intl,42.3656,-71.0096
1831,2673,DEN,MIA,Denver Intl,39.8561,-104.6737,Miami Intl,25.7959,-80.287
1832,2723,SEA,DFW,Seattle-Tacoma Intl,47.4502,-122.3088,Dallas/Fort Worth Intl,32.8998,-97.0403
1833,1952,ATL,MSP,Hartsfield-Jackson Atlanta Intl,33.6407,-84.4277,Minneapolis–Saint Paul Intl,44.883,-93.21
1834,3844,BOS,DFW,Boston Logan Intl,42.3656,-71.0096,Dallas/Fort Worth Intl,32.8998,-97.0403
1835,3633,DFW,CLT,Dallas/Fort Worth Intl,32.8998,-97.0403,Charlotte Douglas Intl,35.214,-80.9431
1836,1223,MSP,SFO,Minneapolis–Saint Paul Intl,44.883,-93.21,San Francisco Intl,37.6213,-122.379
1837,1614,DFW,LAX,Dallas/Fort Worth Intl,32.8998,-97.0403,Los Angeles Intl,33.9416,-118.4085
1838,2510,ORD,SEA,Chicago O’Hare Intl,41.9742,-87.9073,Seattle-Tacoma Intl,47.4502,-122.3088
1839,1540,ORD,JFK,Chicago O’Hare Intl,41.9742,-87.9073,John F. Kennedy Intl,40.6413,-73.7781
1840,579,DFW,ORD,Dallas/Fort Worth Intl,32.8998,-97.0403,Chicago O’Hare Intl,41.9742,-87.9073
1841,2395,PHX,MIA,Phoenix Sky Harbor Intl,33.4342,-112.0116,Miami Intl,25.7959,-80.287
1842,2069,ATL,DEN,Hartsfield-Jackson Atlanta Intl,33.6407,-84.4277,Denver Intl,39.8561,-104.6737
1843,3715,LAS,SEA,Las Vegas McCarran Intl,36.084,-115.1537,Seattle-Tacoma Intl,47.4502,-122.3088
1844,254,PHX,SFO,Phoenix Sky Harbor Intl,33.4342,-112.0116,San Francisco Intl,37.6213,-122.379
1845,894,IAH,LAS,George Bush Intercontinental,29.9902,-95.3368,Las Vegas McCarran Intl,36.084,-115.1537
1846,901,PHX,SEA,Phoenix Sky Harbor Intl,33.4342,-112.0116,Seattle-Tacoma Intl,47.4502,-122.3088
1847,1944,LAX,SFO,Los Angeles Intl,33.9416,-118.4085,San Francisco Intl,37.6213,-122.379
1848,2056,MIA,ORD,Miami Intl,25.7959,-80.287,Chicago O’Hare Intl,41.9742,-87.9073
1849,3537,BOS,LAX,Boston Logan Intl,42.3656,-71.0096,Los Angeles Intl,33.9416,-118.4085
1850,2506,LAX,SFO,Los Angeles Intl,33.9416,-118.4085,San Francisco Intl,37.6213,-122.379
1851,494,DEN,ORD,Denver Intl,39.8561,-104.6737,Chicago O’Hare Intl,41.9742,-87.9073
1852,3922,MIA,ORD,Miami Intl,25.7959,-80.287,Chicago O’Hare Intl,41.9742,-87.9073
1853,2086,MIA,LAX,Miami Intl,25.7959,-80.287,Los Angeles Intl,33.9416,-118.4085
1854,3679,SEA,DFW,Seattle-Tacoma Intl,47.4502,-122.3088,Dallas/Fort Worth Intl,32.8998,-97.0403
1855,2992,ATL,SEA,Hartsfield-Jackson Atlanta Intl,33.6407,-84.4277,Seattle-Tacoma Intl,47.4502,-122.3088
1856,2829,ATL,CLT,Hartsfield-Jackson Atlanta Intl,33.6407,-84.4277,Charlotte Douglas Intl,35.214,-80.9431
1857,1639,MIA,ATL,Miami Intl,25.7959,-80.287,Hartsfield-Jackson Atlanta Intl,33.6407,-84.4277
1858,3575,IAH,ATL,George Bush Intercontinental,29.9902,-95.3368,Hartsfield-Jackson Atlanta Intl,33.6407,-84.4277
1859,3342,PHX,CLT,Phoenix Sky Harbor Intl,33.4342,-112.0116,Charlotte Douglas Intl,35.214,-80.9431
1860,2315,SEA,LAS,Seattle-Tacoma Intl,47.4502,-122.3088,Las Vegas McCarran Intl,36.084,-115.1537
1861,3694,BOS,DEN,Boston Logan Intl,42.3656,-71.0096,Denver Intl,39.8561,-104.6737
1862,3913,MIA,PHX,Miami Intl,25.7959,-80.287,Phoenix Sky Harbor Intl,33.4342,-112.0116
1863,2148,SFO,DEN,San Francisco Intl,37.6213,-122.379,Denver Intl,39.8561,-104.6737
1864,975,ORD,PHX,Chicago O’Hare Intl,41.9742,-87.9073,Phoenix Sky Harbor Intl,33.4342,-112.0116
1865,1482,ORD,CLT,Chicago O’Hare Intl,41.9742,-87.9073,Charlotte Douglas Intl,35.214,-80.9431
1866,233,LAX,ATL,Los Angeles Intl,33.9416,-118.4085,Hartsfield-Jackson Atlanta Intl,33.6407,-84.4277
1867,3019,DEN,JFK,Denver Intl,39.8561,-104.6737,John F. Kennedy Intl,40.6413,-73.7781
1868,820,CLT,ATL,Charlotte Douglas Intl,35.214,-80.9431,Hartsfield-Jackson Atlanta Intl,33.6407,-84.4277
1869,1544,CLT,DEN,Charlotte Douglas Intl,35.214,-80.9431,Denver Intl,39.8561,-104.6737
1870,2055,ORD,MIA,Chicago O’Hare Intl,41.9742,-87.9073,Miami Intl,25.7959,-80.287
1871,871,LAS,CLT,Las Vegas McCarran Intl,36.084,-115.1537,Charlotte Douglas Intl,35.214,-80.9431
1872,3601,JFK,LAS,John F. Kennedy Intl,40.6413,-73.7781,Las Vegas McCarran Intl,36.084,-115.1537
1873,3833,LAX,DEN,Los Angeles Intl,33.9416,-118.4085,Denver Intl,39.8561,-104.6737
1874,2857,CLT,JFK,Charlotte Douglas Intl,35.214,-80.9431,John F. Kennedy Intl,40.6413,-73.7781
1875,3630,ORD,SEA,Chicago O’Hare Intl,41.9742,-87.9073,Seattle-Tacoma Intl,47.4502,-122.3088
1876,3901,DEN,PHX,Denver Intl,39.8561,-104.6737,Phoenix Sky Harbor Intl,33.4342,-112.0116
1877,1357,CLT,ATL,Charlotte Douglas Intl,35.214,-80.9431,Hartsfield-Jackson Atlanta Intl,33.6407,-84.4277
1878,3574,PHX,LAS,Phoenix Sky Harbor Intl,33.4342,-112.0116,Las Vegas McCarran Intl,36.084,-115.1537
1879,2934,PHX,LAX,Phoenix Sky Harbor Intl,33.4342,-112.0116,Los Angeles Intl,33.9416,-118.4085
1880,1218,ATL,MIA,Hartsfield-Jackson Atlanta Intl,33.6407,-84.4277,Miami Intl,25.7959,-80.287
1881,490,IAH,ORD,George Bush Intercontinental,29.9902,-95.3368,Chicago O’Hare Intl,41.9742,-87.9073
1882,1226,ATL,JFK,Hartsfield-Jackson Atlanta Intl,33.6407,-84.4277,John F. Kennedy Intl,40.6413,-73.7781
1883,1211,BOS,DEN,Boston Logan Intl,42.3656,-71.0096,Denver Intl,39.8561,-104.6737
1884,505,MIA,PHX,Miami Intl,25.7959,-80.287,Phoenix Sky Harbor Intl,33.4342,-112.0116
1885,2269,SFO,LAX,San Francisco Intl,37.6213,-122.379,Los Angeles Intl,33.9416,-118.4085
1886,2065,ATL,LAS,Hartsfield-Jackson Atlanta Intl,33.6407,-84.4277,Las Vegas McCarran Intl,36.084,-115.1537
1887,644,MSP,DFW,Minneapolis–Saint Paul Intl,44.883,-93.21,Dallas/Fort Worth Intl,32.8998,-97.0403
1888,3770,CLT,SFO,Charlotte Douglas Intl,35.214,-80.9431,San Francisco Intl,37.6213,-122.379
1889,2359,LAS,DFW,Las Vegas McCarran Intl,36.084,-115.1537,Dallas/Fort Worth Intl,32.8998,-97.0403
1890,1606,SEA,ATL,Seattle-Tacoma Intl,47.4502,-122.3088,Hartsfield-Jackson Atlanta Intl,33.6407,-84.4277
1891,3599,ORD,IAH,Chicago O’Hare Intl,41.9742,-87.9073,George Bush Intercontinental,29.9902,-95.3368
1892,3730,SEA,DFW,Seattle-Tacoma Intl,47.4502,-122.3088,Dallas/Fort Worth Intl,32.8998,-97.0403
1893,3611,MSP,JFK,Minneapolis–Saint Paul Intl,44.883,-93.21,John F. Kennedy Intl,40.6413,-73.7781
1894,1841,DEN,SFO,Denver Intl,39.8561,-104.6737,San Francisco Intl,37.6213,-122.379
1895,3521,ATL,MSP,Hartsfield-Jackson Atlanta Intl,33.6407,-84.4277,Minneapolis–Saint Paul Intl,44.883,-93.21
1896,1933,SFO,MIA,San Francisco Intl,37.6213,-122.379,Miami Intl,25.7959,-80.287
1897,3139,DEN,LAS,Denver Intl,39.8561,-104.6737,Las Vegas McCarran Intl,36.084,-115.1537
1898,2468,JFK,SFO,John F. Kennedy Intl,40.6413,-73.7781,San Francisco Intl,37.6213,-122.379
1899,838,JFK,ORD,John F. Kennedy Intl,40.6413,-73.7781,Chicago O’Hare Intl,41.9742,-87.9073
1900,322,SEA,JFK,Seattle-Tacoma Intl,47.4502,-122.3088,John F. Kennedy Intl,40.6413,-73.7781
1901,1145,MIA,IAH,Miami Intl,25.7959,-80.287,George Bush Intercontinental,29.9902,-95.3368
1902,3801,LAX,SEA,Los Angeles Intl,33.9416,-118.4085,Seattle-Tacoma Intl,47.4502,-122.3088
1903,3768,MIA,DFW,Miami Intl,25.7959,-80.287,Dallas/Fort Worth Intl,32.8998,-97.0403
1904,3201,CLT,IAH,Charlotte Douglas Intl,35.214,-80.9431,George Bush Intercontinental,29.9902,-95.3368
1905,740,MSP,SEA,Minneapolis–Saint Paul Intl,44.883,-93.21,Seattle-Tacoma Intl,47.4502,-122.3088
1906,3856,PHX,LAX,Phoenix Sky Harbor Intl,33.4342,-112.0116,Los Angeles Intl,33.9416,-118.4085
1907,1524,BOS,MSP,Boston Logan Intl,42.3656,-71.0096,Minneapolis–Saint Paul Intl,44.883,-93.21
1908,3938,MIA,BOS,Miami Intl,25.7959,-80.287,Boston Logan Intl,42.3656,-71.0096
1909,3423,IAH,MIA,George Bush Intercontinental,29.9902,-95.3368,Miami Intl,25.7959,-80.287
1910,3943,BOS,MIA,Boston Logan Intl,42.3656,-71.0096,Miami Intl,25.7959,-80.287
1911,2637,MSP,SEA,Minneapolis–Saint Paul Intl,44.883,-93.21,Seattle-Tacoma Intl,47.4502,-122.3088
1912,3820,BOS,MIA,Boston Logan Intl,42.3656,-71.0096,Miami Intl,25.7959,-80.287
1913,3149,SFO,LAS,San Francisco Intl,37.6213,-122.379,Las Vegas McCarran Intl,36.084,-115.1537
1914,2891,ATL,IAH,Hartsfield-Jackson Atlanta Intl,33.6407,-84.4277,George Bush Intercontinental,29.9902,-95.3368
1915,2271,SFO,BOS,San Francisco Intl,37.6213,-122.379,Boston Logan Intl,42.3656,-71.0096
1916,2617,BOS,ATL,Boston Logan Intl,42.3656,-71.0096,Hartsfield-Jackson Atlanta Intl,33.6407,-84.4277
1917,3582,DEN,LAX,Denver Intl,39.8561,-104.6737,Los Angeles Intl,33.9416,-118.4085
1918,3722,JFK,ATL,John F. Kennedy Intl,40.6413,-73.7781,Hartsfield-Jackson Atlanta Intl,33.6407,-84.4277
1919,757,BOS,LAS,Boston Logan Intl,42.3656,-71.0096,Las Vegas McCarran Intl,36.084,-115.1537
1920,3225,SFO,DEN,San Francisco Intl,37.6213,-122.379,Denver Intl,39.8561,-104.6737
1921,3328,LAS,CLT,Las Vegas McCarran Intl,36.084,-115.1537,Charlotte Douglas Intl,35.214,-80.9431
1922,3222,MSP,LAS,Minneapolis–Saint Paul Intl,44.883,-93.21,Las Vegas McCarran Intl,36.084,-115.1537
1923,1826,DEN,MIA,Denver Intl,39.8561,-104.6737,Miami Intl,25.7959,-80.287
1924,2254,SFO,DEN,San Francisco Intl,37.6213,-122.379,Denver Intl,39.8561,-104.6737
1925,3325,MIA,LAX,Miami Intl,25.7959,-80.287,Los Angeles Intl,33.9416,-118.4085
1926,260,ORD,BOS,Chicago O’Hare Intl,41.9742,-87.9073,Boston Logan Intl,42.3656,-71.0096
1927,115,SEA,DFW,Seattle-Tacoma Intl,47.4502,-122.3088,Dallas/Fort Worth Intl,32.8998,-97.0403
1928,1858,LAX,MIA,Los Angeles Intl,33.9416,-118.4085,Miami Intl,25.7959,-80.287
1929,3006,PHX,ATL,Phoenix Sky Harbor Intl,33.4342,-112.0116,Hartsfield-Jackson Atlanta Intl,33.6407,-84.4277
1930,2061,SFO,PHX,San Francisco Intl,37.6213,-122.379,Phoenix Sky Harbor Intl,33.4342,-112.0116
1931,3850,IAH,ATL,George Bush Intercontinental,29.9902,-95.3368,Hartsfield-Jackson Atlanta Intl,33.6407,-84.4277
1932,1297,LAX,CLT,Los Angeles Intl,33.9416,-118.4085,Charlotte Douglas Intl,35.214,-80.9431
1933,995,MSP,SFO,Minneapolis–Saint Paul Intl,44.883,-93.21,San Francisco Intl,37.6213,-122.379
1934,768,LAS,PHX,Las Vegas McCarran Intl,36.084,-115.1537,Phoenix Sky Harbor Intl,33.4342,-112.0116
1935,2225,DFW,ORD,Dallas/Fort Worth Intl,32.8998,-97.0403,Chicago O’Hare Intl,41.9742,-87.9073
1936,561,SFO,BOS,San Francisco Intl,37.6213,-122.379,Boston Logan Intl,42.3656,-71.0096
1937,193,ORD,LAX,Chicago O’Hare Intl,41.9742,-87.9073,Los Angeles Intl,33.9416,-118.4085
1938,1645,LAX,MIA,Los Angeles Intl,33.9416,-118.4085,Miami Intl,25.7959,-80.287
1939,3547,PHX,ORD,Phoenix Sky Harbor Intl,33.4342,-112.0116,Chicago O’Hare Intl,41.9742,-87.9073
1940,3071,BOS,LAX,Boston Logan Intl,42.3656,-71.0096,Los Angeles Intl,33.9416,-118.4085
1941,2813,SFO,CLT,San Francisco Intl,37.6213,-122.379,Charlotte Douglas Intl,35.214,-80.9431
1942,3729,ATL,SEA,Hartsfield-Jackson Atlanta Intl,33.6407,-84.4277,Seattle-Tacoma Intl,47.4502,-122.3088
1943,850,LAS,BOS,Las Vegas McCarran Intl,36.084,-115.1537,Boston Logan Intl,42.3656,-71.0096
1944,3339,MSP,JFK,Minneapolis–Saint Paul Intl,44.883,-93.21,John F. Kennedy Intl,40.6413,-73.7781
1945,2940,SEA,JFK,Seattle-Tacoma Intl,47.4502,-122.3088,John F. Kennedy Intl,40.6413,-73.7781
1946,2801,ORD,BOS,Chicago O’Hare Intl,41.9742,-87.9073,Boston Logan Intl,42.3656,-71.0096
1947,2911,CLT,PHX,Charlotte Douglas Intl,35.214,-80.9431,Phoenix Sky Harbor Intl,33.4342,-112.0116
1948,1725,CLT,SFO,Charlotte Douglas Intl,35.214,-80.9431,San Francisco Intl,37.6213,-122.379
1949,1824,IAH,SFO,George Bush Intercontinental,29.9902,-95.3368,San Francisco Intl,37.6213,-122.379
1950,2067,LAX,PHX,Los Angeles Intl,33.9416,-118.4085,Phoenix Sky Harbor Intl,33.4342,-112.0116
1951,2448,ORD,IAH,Chicago O’Hare Intl,41.9742,-87.9073,George Bush Intercontinental,29.9902,-95.3368
1952,281,DEN,MSP,Denver Intl,39.8561,-104.6737,Minneapolis–Saint Paul Intl,44.883,-93.21
1953,2644,PHX,JFK,Phoenix Sky Harbor Intl,33.4342,-112.0116,John F. Kennedy Intl,40.6413,-73.7781
1954,1081,SEA,DFW,Seattle-Tacoma Intl,47.4502,-122.3088,Dallas/Fort Worth Intl,32.8998,-97.0403
1955,3632,BOS,PHX,Boston Logan Intl,42.3656,-71.0096,Phoenix Sky Harbor Intl,33.4342,-112.0116
1956,3886,SFO,MIA,San Francisco Intl,37.6213,-122.379,Miami Intl,25.7959,-80.287
1957,2719,SFO,JFK,San Francisco Intl,37.6213,-122.379,John F. Kennedy Intl,40.6413,-73.7781
1958,2168,CLT,DFW,Charlotte Douglas Intl,35.214,-80.9431,Dallas/Fort Worth Intl,32.8998,-97.0403
1959,2312,SFO,CLT,San Francisco Intl,37.6213,-122.379,Charlotte Douglas Intl,35.214,-80.9431
1960,2639,MSP,ORD,Minneapolis–Saint Paul Intl,44.883,-93.21,Chicago O’Hare Intl,41.9742,-87.9073
1961,2407,SEA,DFW,Seattle-Tacoma Intl,47.4502,-122.3088,Dallas/Fort Worth Intl,32.8998,-97.0403
1962,1463,ATL,ORD,Hartsfield-Jackson Atlanta Intl,33.6407,-84.4277,Chicago O’Hare Intl,41.9742,-87.9073
1963,3388,DFW,MSP,Dallas/Fort Worth Intl,32.8998,-97.0403,Minneapolis–Saint Paul Intl,44.883,-93.21
1964,1603,IAH,LAX,George Bush Intercontinental,29.9902,-95.3368,Los Angeles Intl,33.9416,-118.4085
1965,2334,JFK,LAS,John F. Kennedy Intl,40.6413,-73.7781,Las Vegas McCarran Intl,36.084,-115.1537
1966,3595,MIA,DEN,Miami Intl,25.7959,-80.287,Denver Intl,39.8561,-104.6737
1967,1664,IAH,LAX,George Bush Intercontinental,29.9902,-95.3368,Los Angeles Intl,33.9416,-118.4085
1968,3623,LAX,JFK,Los Angeles Intl,33.9416,-118.4085,John F. Kennedy Intl,40.6413,-73.7781
1969,1752,ATL,ORD,Hartsfield-Jackson Atlanta Intl,33.6407,-84.4277,Chicago O’Hare Intl,41.9742,-87.9073
1970,879,IAH,JFK,George Bush Intercontinental,29.9902,-95.3368,John F. Kennedy Intl,40.6413,-73.7781
1971,983,BOS,MSP,Boston Logan Intl,42.3656,-71.0096,Minneapolis–Saint Paul Intl,44.883,-93.21
1972,2452,CLT,PHX,Charlotte Douglas Intl,35.214,-80.9431,Phoenix Sky Harbor Intl,33.4342,-112.0116
1973,3074,LAS,BOS,Las Vegas McCarran Intl,36.084,-115.1537,Boston Logan Intl,42.3656,-71.0096
1974,2516,LAX,MIA,Los Angeles Intl,33.9416,-118.4085,Miami Intl,25.7959,-80.287
1975,2345,SFO,ATL,San Francisco Intl,37.6213,-122.379,Hartsfield-Jackson Atlanta Intl,33.6407,-84.4277
1976,1926,ORD,JFK,Chicago O’Hare Intl,41.9742,-87.9073,John F. Kennedy Intl,40.6413,-73.7781
1977,2657,BOS,MIA,Boston Logan Intl,42.3656,-71.0096,Miami Intl,25.7959,-80.287
1978,3819,LAX,PHX,Los Angeles Intl,33.9416,-118.4085,Phoenix Sky Harbor Intl,33.4342,-112.0116
1979,994,LAS,DFW,Las Vegas McCarran Intl,36.084,-115.1537,Dallas/Fort Worth Intl,32.8998,-97.0403
1980,3702,PHX,DFW,Phoenix Sky Harbor Intl,33.4342,-112.0116,Dallas/Fort Worth Intl,32.8998,-97.0403
1981,3602,SFO,CLT,San Francisco Intl,37.6213,-122.379,Charlotte Douglas Intl,35.214,-80.9431
1982,267,IAH,LAX,George Bush Intercontinental,29.9902,-95.3368,Los Angeles Intl,33.9416,-118.4085
1983,1194,IAH,DFW,George Bush Intercontinental,29.9902,-95.3368,Dallas/Fort Worth Intl,32.8998,-97.0403
1984,699,LAX,DFW,Los Angeles Intl,33.9416,-118.4085,Dallas/Fort Worth Intl,32.8998,-97.0403
1985,3932,ORD,ATL,Chicago O’Hare Intl,41.9742,-87.9073,Hartsfield-Jackson Atlanta Intl,33.6407,-84.4277
1986,1215,PHX,ORD,Phoenix Sky Harbor Intl,33.4342,-112.0116,Chicago O’Hare Intl,41.9742,-87.9073
1987,1880,SFO,BOS,San Francisco Intl,37.6213,-122.379,Boston Logan Intl,42.3656,-71.0096
1988,655,LAS,MIA,Las Vegas McCarran Intl,36.084,-115.1537,Miami Intl,25.7959,-80.287
1989,3346,DFW,BOS,Dallas/Fort Worth Intl,32.8998,-97.0403,Boston Logan Intl,42.3656,-71.0096
1990,1298,IAH,DEN,George Bush Intercontinental,29.9902,-95.3368,Denver Intl,39.8561,-104.6737
1991,2603,LAS,MSP,Las Vegas McCarran Intl,36.084,-115.1537,Minneapolis–Saint Paul Intl,44.883,-93.21
1992,2369,ATL,PHX,Hartsfield-Jackson Atlanta Intl,33.6407,-84.4277,Phoenix Sky Harbor Intl,33.4342,-112.0116
1993,2257,IAH,JFK,George Bush Intercontinental,29.9902,-95.3368,John F. Kennedy Intl,40.6413,-73.7781
1994,2328,LAS,ORD,Las Vegas McCarran Intl,36.084,-115.1537,Chicago O’Hare Intl,41.9742,-87.9073
1995,2087,DEN,LAX,Denver Intl,39.8561,-104.6737,Los Angeles Intl,33.9416,-118.4085
1996,2555,CLT,PHX,Charlotte Douglas Intl,35.214,-80.9431,Phoenix Sky Harbor Intl,33.4342,-112.0116
1997,1137,MIA,SEA,Miami Intl,25.7959,-80.287,Seattle-Tacoma Intl,47.4502,-122.3088
1998,463,SEA,JFK,Seattle-Tacoma Intl,47.4502,-122.3088,John F. Kennedy Intl,40.6413,-73.7781
1999,3987,CLT,DFW,Charlotte Douglas Intl,35.214,-80.9431,Dallas/Fort Worth Intl,32.8998,-97.0403
2000,3447,MSP,LAX,Minneapolis–Saint Paul Intl,44.883,-93.21,Los Angeles Intl,33.9416,-118.4085
2001,3614,MIA,LAS,Miami Intl,25.7959,-80.287,Las Vegas McCarran Intl,36.084,-115.1537
2002,3603,BOS,MIA,Boston Logan Intl,42.3656,-71.0096,Miami Intl,25.7959,-80.287
2003,3600,LAS,IAH,Las Vegas McCarran Intl,36.084,-115.1537,George Bush Intercontinental,29.9902,-95.3368
2004,1766,MIA,CLT,Miami Intl,25.7959,-80.287,Charlotte Douglas Intl,35.214,-80.9431
2005,2947,MSP,ATL,Minneapolis–Saint Paul Intl,44.883,-93.21,Hartsfield-Jackson Atlanta Intl,33.6407,-84.4277
2006,2884,SFO,ATL,San Francisco Intl,37.6213,-122.379,Hartsfield-Jackson Atlanta Intl,33.6407,-84.4277
2007,3690,DFW,IAH,Dallas/Fort Worth Intl,32.8998,-97.0403,George Bush Intercontinental,29.9902,-95.3368
2008,3446,DEN,DFW,Denver Intl,39.8561,-104.6737,Dallas/Fort Worth Intl,32.8998,-97.0403
2009,2522,ATL,SFO,Hartsfield-Jackson Atlanta Intl,33.6407,-84.4277,San Francisco Intl,37.6213,-122.379
2010,3062,LAS,ATL,Las Vegas McCarran Intl,36.084,-115.1537,Hartsfield-Jackson Atlanta Intl,33.6407,-84.4277
2011,1736,ATL,MIA,Hartsfield-Jackson Atlanta Intl,33.6407,-84.4277,Miami Intl,25.7959,-80.287
2012,1555,ORD,DFW,Chicago O’Hare Intl,41.9742,-87.9073,Dallas/Fort Worth Intl,32.8998,-97.0403
2013,3309,IAH,ORD,George Bush Intercontinental,29.9902,-95.3368,Chicago O’Hare Intl,41.9742,-87.9073
2014,1792,LAS,ATL,Las Vegas McCarran Intl,36.084,-115.1537,Hartsfield-Jackson Atlanta Intl,33.6407,-84.4277
2015,2043,SEA,BOS,Seattle-Tacoma Intl,47.4502,-122.3088,Boston Logan Intl,42.3656,-71.0096
2016,1883,LAS,DFW,Las Vegas McCarran Intl,36.084,-115.1537,Dallas/Fort Worth Intl,32.8998,-97.0403
2017,640,LAX,MIA,Los Angeles Intl,33.9416,-118.4085,Miami Intl,25.7959,-80.287
2018,2912,DFW,IAH,Dallas/Fort Worth Intl,32.8998,-97.0403,George Bush Intercontinental,29.9902,-95.3368
2019,1617,LAX,LAS,Los Angeles Intl,33.9416,-118.4085,Las Vegas McCarran Intl,36.084,-115.1537
2020,3069,LAS,BOS,Las Vegas McCarran Intl,36.084,-115.1537,Boston Logan Intl,42.3656,-71.0096
2021,2444,DEN,JFK,Denver Intl,39.8561,-104.6737,John F. Kennedy Intl,40.6413,-73.7781
2022,1700,MIA,JFK,Miami Intl,25.7959,-80.287,John F. Kennedy Intl,40.6413,-73.7781
2023,2608,ATL,SFO,Hartsfield-Jackson Atlanta Intl,33.6407,-84.4277,San Francisco Intl,37.6213,-122.379
2024,1053,DEN,BOS,Denver Intl,39.8561,-104.6737,Boston Logan Intl,42.3656,-71.0096
2025,1408,LAS,LAX,Las Vegas McCarran Intl,36.084,-115.1537,Los Angeles Intl,33.9416,-118.4085
2026,1919,MSP,PHX,Minneapolis–Saint Paul Intl,44.883,-93.21,Phoenix Sky Harbor Intl,33.4342,-112.0116
2027,858,MIA,JFK,Miami Intl,25.7959,-80.287,John F. Kennedy Intl,40.6413,-73.7781
2028,1839,MSP,LAX,Minneapolis–Saint Paul Intl,44.883,-93.21,Los Angeles Intl,33.9416,-118.4085
2029,195,ATL,ORD,Hartsfield-Jackson Atlanta Intl,33.6407,-84.4277,Chicago O’Hare Intl,41.9742,-87.9073
2030,1784,MIA,DFW,Miami Intl,25.7959,-80.287,Dallas/Fort Worth Intl,32.8998,-97.0403
2031,3486,SEA,PHX,Seattle-Tacoma Intl,47.4502,-122.3088,Phoenix Sky Harbor Intl,33.4342,-112.0116
2032,3849,DFW,DEN,Dallas/Fort Worth Intl,32.8998,-97.0403,Denver Intl,39.8561,-104.6737
2033,307,CLT,MSP,Charlotte Douglas Intl,35.214,-80.9431,Minneapolis–Saint Paul Intl,44.883,-93.21
2034,2161,PHX,MIA,Phoenix Sky Harbor Intl,33.4342,-112.0116,Miami Intl,25.7959,-80.287
2035,3392,BOS,CLT,Boston Logan Intl,42.3656,-71.0096,Charlotte Douglas Intl,35.214,-80.9431
2036,2005,DEN,MSP,Denver Intl,39.8561,-104.6737,Minneapolis–Saint Paul Intl,44.883,-93.21
2037,3340,IAH,MSP,George Bush Intercontinental,29.9902,-95.3368,Minneapolis–Saint Paul Intl,44.883,-93.21
2038,877,DEN,DFW,Denver Intl,39.8561,-104.6737,Dallas/Fort Worth Intl,32.8998,-97.0403
2039,3327,PHX,IAH,Phoenix Sky Harbor Intl,33.4342,-112.0116,George Bush Intercontinental,29.9902,-95.3368
2040,1900,CLT,PHX,Charlotte Douglas Intl,35.214,-80.9431,Phoenix Sky Harbor Intl,33.4342,-112.0116
2041,2757,JFK,MIA,John F. Kennedy Intl,40.6413,-73.7781,Miami Intl,25.7959,-80.287
2042,3288,SFO,PHX,San Francisco Intl,37.6213,-122.379,Phoenix Sky Harbor Intl,33.4342,-112.0116
2043,2273,SEA,BOS,Seattle-Tacoma Intl,47.4502,-122.3088,Boston Logan Intl,42.3656,-71.0096
2044,1774,MSP,ORD,Minneapolis–Saint Paul Intl,44.883,-93.21,Chicago O’Hare Intl,41.9742,-87.9073
2045,2391,LAS,SEA,Las Vegas McCarran Intl,36.084,-115.1537,Seattle-Tacoma Intl,47.4502,-122.3088
2046,424,SEA,CLT,Seattle-Tacoma Intl,47.4502,-122.3088,Charlotte Douglas Intl,35.214,-80.9431
2047,2023,PHX,ATL,Phoenix Sky Harbor Intl,33.4342,-112.0116,Hartsfield-Jackson Atlanta Intl,33.6407,-84.4277
2048,2753,LAS,PHX,Las Vegas McCarran Intl,36.084,-115.1537,Phoenix Sky Harbor Intl,33.4342,-112.0116
2049,3996,IAH,MIA,George Bush Intercontinental,29.9902,-95.3368,Miami Intl,25.7959,-80.287
2050,3276,LAX,MIA,Los Angeles Intl,33.9416,-118.4085,Miami Intl,25.7959,-80.287
2051,1360,MIA,BOS,Miami Intl,25.7959,-80.287,Boston Logan Intl,42.3656,-71.0096
2052,984,SFO,LAX,San Francisco Intl,37.6213,-122.379,Los Angeles Intl,33.9416,-118.4085
2053,2503,DFW,ORD,Dallas/Fort Worth Intl,32.8998,-97.0403,Chicago O’Hare Intl,41.9742,-87.9073
2054,3484,DFW,IAH,Dallas/Fort Worth Intl,32.8998,-97.0403,George Bush Intercontinental,29.9902,-95.3368
2055,217,PHX,SEA,Phoenix Sky Harbor Intl,33.4342,-112.0116,Seattle-Tacoma Intl,47.4502,-122.3088
2056,1552,SEA,SFO,Seattle-Tacoma Intl,47.4502,-122.3088,San Francisco Intl,37.6213,-122.379
2057,2897,DFW,ATL,Dallas/Fort Worth Intl,32.8998,-97.0403,Hartsfield-Jackson Atlanta Intl,33.6407,-84.4277
2058,2916,IAH,DEN,George Bush Intercontinental,29.9902,-95.3368,Denver Intl,39.8561,-104.6737
2059,3311,MSP,SFO,Minneapolis–Saint Paul Intl,44.883,-93.21,San Francisco Intl,37.6213,-122.379
2060,2988,JFK,MSP,John F. Kennedy Intl,40.6413,-73.7781,Minneapolis–Saint Paul Intl,44.883,-93.21
2061,2100,DEN,DFW,Denver Intl,39.8561,-104.6737,Dallas/Fort Worth Intl,32.8998,-97.0403
2062,1385,ORD,MSP,Chicago O’Hare Intl,41.9742,-87.9073,Minneapolis–Saint Paul Intl,44.883,-93.21
2063,2798,IAH,MSP,George Bush Intercontinental,29.9902,-95.3368,Minneapolis–Saint Paul Intl,44.883,-93.21
2064,360,LAS,ATL,Las Vegas McCarran Intl,36.084,-115.1537,Hartsfield-Jackson Atlanta Intl,33.6407,-84.4277
2065,864,BOS,MIA,Boston Logan Intl,42.3656,-71.0096,Miami Intl,25.7959,-80.287
2066,2084,PHX,LAS,Phoenix Sky Harbor Intl,33.4342,-112.0116,Las Vegas McCarran Intl,36.084,-115.1537
2067,1569,LAX,DEN,Los Angeles Intl,33.9416,-118.4085,Denver Intl,39.8561,-104.6737
2068,2144,MIA,PHX,Miami Intl,25.7959,-80.287,Phoenix Sky Harbor Intl,33.4342,-112.0116
2069,3792,BOS,LAX,Boston Logan Intl,42.3656,-71.0096,Los Angeles Intl,33.9416,-118.4085
2070,2264,MIA,SEA,Miami Intl,25.7959,-80.287,Seattle-Tacoma Intl,47.4502,-122.3088
2071,3557,ATL,PHX,Hartsfield-Jackson Atlanta Intl,33.6407,-84.4277,Phoenix Sky Harbor Intl,33.4342,-112.0116
2072,3010,BOS,IAH,Boston Logan Intl,42.3656,-71.0096,George Bush Intercontinental,29.9902,-95.3368
2073,3868,ORD,LAX,Chicago O’Hare Intl,41.9742,-87.9073,Los Angeles Intl,33.9416,-118.4085
2074,1613,SEA,ORD,Seattle-Tacoma Intl,47.4502,-122.3088,Chicago O’Hare Intl,41.9742,-87.9073
2075,2108,JFK,LAS,John F. Kennedy Intl,40.6413,-73.7781,Las Vegas McCarran Intl,36.084,-115.1537
2076,1701,DEN,BOS,Denver Intl,39.8561,-104.6737,Boston Logan Intl,42.3656,-71.0096
2077,3736,DEN,ATL,Denver Intl,39.8561,-104.6737,Hartsfield-Jackson Atlanta Intl,33.6407,-84.4277
2078,1628,JFK,PHX,John F. Kennedy Intl,40.6413,-73.7781,Phoenix Sky Harbor Intl,33.4342,-112.0116
2079,1988,MSP,LAX,Minneapolis–Saint Paul Intl,44.883,-93.21,Los Angeles Intl,33.9416,-118.4085
2080,3785,SFO,LAS,San Francisco Intl,37.6213,-122.379,Las Vegas McCarran Intl,36.084,-115.1537
2081,1283,ATL,SFO,Hartsfield-Jackson Atlanta Intl,33.6407,-84.4277,San Francisco Intl,37.6213,-122.379
2082,1162,MIA,BOS,Miami Intl,25.7959,-80.287,Boston Logan Intl,42.3656,-71.0096
2083,2116,ORD,LAX,Chicago O’Hare Intl,41.9742,-87.9073,Los Angeles Intl,33.9416,-118.4085
2084,3216,DFW,JFK,Dallas/Fort Worth Intl,32.8998,-97.0403,John F. Kennedy Intl,40.6413,-73.7781
2085,2105,BOS,MSP,Boston Logan Intl,42.3656,-71.0096,Minneapolis–Saint Paul Intl,44.883,-93.21
2086,3907,ATL,ORD,Hartsfield-Jackson Atlanta Intl,33.6407,-84.4277,Chicago O’Hare Intl,41.9742,-87.9073
2087,1901,IAH,DFW,George Bush Intercontinental,29.9902,-95.3368,Dallas/Fort Worth Intl,32.8998,-97.0403
2088,3509,PHX,SFO,Phoenix Sky Harbor Intl,33.4342,-112.0116,San Francisco Intl,37.6213,-122.379
2089,1067,BOS,MSP,Boston Logan Intl,42.3656,-71.0096,Minneapolis–Saint Paul Intl,44.883,-93.21
2090,2175,ORD,IAH,Chicago O’Hare Intl,41.9742,-87.9073,George Bush Intercontinental,29.9902,-95.3368
2091,3164,LAX,SEA,Los Angeles Intl,33.9416,-118.4085,Seattle-Tacoma Intl,47.4502,-122.3088
2092,1066,LAX,LAS,Los Angeles Intl,33.9416,-118.4085,Las Vegas McCarran Intl,36.084,-115.1537
2093,1902,LAS,ORD,Las Vegas McCarran Intl,36.084,-115.1537,Chicago O’Hare Intl,41.9742,-87.9073
2094,2628,ATL,BOS,Hartsfield-Jackson Atlanta Intl,33.6407,-84.4277,Boston Logan Intl,42.3656,-71.0096
2095,3887,SEA,JFK,Seattle-Tacoma Intl,47.4502,-122.3088,John F. Kennedy Intl,40.6413,-73.7781
2096,3731,ORD,ATL,Chicago O’Hare Intl,41.9742,-87.9073,Hartsfield-Jackson Atlanta Intl,33.6407,-84.4277
2097,2498,ORD,SFO,Chicago O’Hare Intl,41.9742,-87.9073,San Francisco Intl,37.6213,-122.379
2098,4000,JFK,SEA,John F. Kennedy Intl,40.6413,-73.7781,Seattle-Tacoma Intl,47.4502,-122.3088
2099,1881,IAH,PHX,George Bush Intercontinental,29.9902,-95.3368,Phoenix Sky Harbor Intl,33.4342,-112.0116
2100,3203,SEA,LAS,Seattle-Tacoma Intl,47.4502,-122.3088,Las Vegas McCarran Intl,36.084,-115.1537
2101,2830,IAH,SEA,George Bush Intercontinental,29.9902,-95.3368,Seattle-Tacoma Intl,47.4502,-122.3088
2102,3158,MSP,ORD,Minneapolis–Saint Paul Intl,44.883,-93.21,Chicago O’Hare Intl,41.9742,-87.9073
2103,2404,MIA,LAS,Miami Intl,25.7959,-80.287,Las Vegas McCarran Intl,36.084,-115.1537
2104,3085,MIA,BOS,Miami Intl,25.7959,-80.287,Boston Logan Intl,42.3656,-71.0096
2105,3160,DFW,ATL,Dallas/Fort Worth Intl,32.8998,-97.0403,Hartsfield-Jackson Atlanta Intl,33.6407,-84.4277
2106,2042,LAS,MIA,Las Vegas McCarran Intl,36.084,-115.1537,Miami Intl,25.7959,-80.287
2107,615,DEN,IAH,Denver Intl,39.8561,-104.6737,George Bush Intercontinental,29.9902,-95.3368
2108,2082,LAX,JFK,Los Angeles Intl,33.9416,-118.4085,John F. Kennedy Intl,40.6413,-73.7781
2109,3173,PHX,LAS,Phoenix Sky Harbor Intl,33.4342,-112.0116,Las Vegas McCarran Intl,36.084,-115.1537
2110,2104,MIA,CLT,Miami Intl,25.7959,-80.287,Charlotte Douglas Intl,35.214,-80.9431
2111,1920,SEA,SFO,Seattle-Tacoma Intl,47.4502,-122.3088,San Francisco Intl,37.6213,-122.379
2112,701,ORD,ATL,Chicago O’Hare Intl,41.9742,-87.9073,Hartsfield-Jackson Atlanta Intl,33.6407,-84.4277
2113,2033,PHX,CLT,Phoenix Sky Harbor Intl,33.4342,-112.0116,Charlotte Douglas Intl,35.214,-80.9431
2114,3853,CLT,PHX,Charlotte Douglas Intl,35.214,-80.9431,Phoenix Sky Harbor Intl,33.4342,-112.0116
2115,3910,IAH,ATL,George Bush Intercontinental,29.9902,-95.3368,Hartsfield-Jackson Atlanta Intl,33.6407,-84.4277
2116,2461,MIA,JFK,Miami Intl,25.7959,-80.287,John F. Kennedy Intl,40.6413,-73.7781
2117,2975,ORD,DEN,Chicago O’Hare Intl,41.9742,-87.9073,Denver Intl,39.8561,-104.6737
2118,3918,MIA,DEN,Miami Intl,25.7959,-80.287,Denver Intl,39.8561,-104.6737
2119,2455,LAX,DEN,Los Angeles Intl,33.9416,-118.4085,Denver Intl,39.8561,-104.6737
2120,3906,CLT,SEA,Charlotte Douglas Intl,35.214,-80.9431,Seattle-Tacoma Intl,47.4502,-122.3088
2121,3580,BOS,PHX,Boston Logan Intl,42.3656,-71.0096,Phoenix Sky Harbor Intl,33.4342,-112.0116
2122,765,MIA,DEN,Miami Intl,25.7959,-80.287,Denver Intl,39.8561,-104.6737
2123,979,MSP,LAX,Minneapolis–Saint Paul Intl,44.883,-93.21,Los Angeles Intl,33.9416,-118.4085
2124,3121,SEA,IAH,Seattle-Tacoma Intl,47.4502,-122.3088,George Bush Intercontinental,29.9902,-95.3368
2125,291,MIA,BOS,Miami Intl,25.7959,-80.287,Boston Logan Intl,42.3656,-71.0096
2126,3671,DEN,PHX,Denver Intl,39.8561,-104.6737,Phoenix Sky Harbor Intl,33.4342,-112.0116
2127,1831,PHX,DEN,Phoenix Sky Harbor Intl,33.4342,-112.0116,Denver Intl,39.8561,-104.6737
2128,3927,PHX,CLT,Phoenix Sky Harbor Intl,33.4342,-112.0116,Charlotte Douglas Intl,35.214,-80.9431
2129,2984,LAX,JFK,Los Angeles Intl,33.9416,-118.4085,John F. Kennedy Intl,40.6413,-73.7781
2130,3014,SEA,BOS,Seattle-Tacoma Intl,47.4502,-122.3088,Boston Logan Intl,42.3656,-71.0096
2131,1111,CLT,SEA,Charlotte Douglas Intl,35.214,-80.9431,Seattle-Tacoma Intl,47.4502,-122.3088
2132,3462,MSP,DFW,Minneapolis–Saint Paul Intl,44.883,-93.21,Dallas/Fort Worth Intl,32.8998,-97.0403
2133,3287,JFK,LAX,John F. Kennedy Intl,40.6413,-73.7781,Los Angeles Intl,33.9416,-118.4085
2134,2610,SEA,CLT,Seattle-Tacoma Intl,47.4502,-122.3088,Charlotte Douglas Intl,35.214,-80.9431
2135,2793,PHX,SEA,Phoenix Sky Harbor Intl,33.4342,-112.0116,Seattle-Tacoma Intl,47.4502,-122.3088
2136,1977,DEN,ORD,Denver Intl,39.8561,-104.6737,Chicago O’Hare Intl,41.9742,-87.9073
2137,1748,BOS,MSP,Boston Logan Intl,42.3656,-71.0096,Minneapolis–Saint Paul Intl,44.883,-93.21
2138,3563,LAX,CLT,Los Angeles Intl,33.9416,-118.4085,Charlotte Douglas Intl,35.214,-80.9431
2139,3013,JFK,LAX,John F. Kennedy Intl,40.6413,-73.7781,Los Angeles Intl,33.9416,-118.4085
2140,3826,DEN,LAX,Denver Intl,39.8561,-104.6737,Los Angeles Intl,33.9416,-118.4085
2141,1921,CLT,MSP,Charlotte Douglas Intl,35.214,-80.9431,Minneapolis–Saint Paul Intl,44.883,-93.21
2142,3179,IAH,JFK,George Bush Intercontinental,29.9902,-95.3368,John F. Kennedy Intl,40.6413,-73.7781
2143,482,CLT,PHX,Charlotte Douglas Intl,35.214,-80.9431,Phoenix Sky Harbor Intl,33.4342,-112.0116
2144,2606,DEN,BOS,Denver Intl,39.8561,-104.6737,Boston Logan Intl,42.3656,-71.0096
2145,3740,IAH,MIA,George Bush Intercontinental,29.9902,-95.3368,Miami Intl,25.7959,-80.287
2146,3908,ATL,IAH,Hartsfield-Jackson Atlanta Intl,33.6407,-84.4277,George Bush Intercontinental,29.9902,-95.3368
2147,756,LAX,DFW,Los Angeles Intl,33.9416,-118.4085,Dallas/Fort Worth Intl,32.8998,-97.0403
2148,1982,SEA,JFK,Seattle-Tacoma Intl,47.4502,-122.3088,John F. Kennedy Intl,40.6413,-73.7781
2149,1633,IAH,SFO,George Bush Intercontinental,29.9902,-95.3368,San Francisco Intl,37.6213,-122.379
2150,3366,LAS,IAH,Las Vegas McCarran Intl,36.084,-115.1537,George Bush Intercontinental,29.9902,-95.3368
2151,2776,IAH,PHX,George Bush Intercontinental,29.9902,-95.3368,Phoenix Sky Harbor Intl,33.4342,-112.0116
2152,2286,ORD,JFK,Chicago O’Hare Intl,41.9742,-87.9073,John F. Kennedy Intl,40.6413,-73.7781
2153,2095,BOS,SEA,Boston Logan Intl,42.3656,-71.0096,Seattle-Tacoma Intl,47.4502,-122.3088
2154,1847,ORD,DFW,Chicago O’Hare Intl,41.9742,-87.9073,Dallas/Fort Worth Intl,32.8998,-97.0403
2155,3786,SEA,CLT,Seattle-Tacoma Intl,47.4502,-122.3088,Charlotte Douglas Intl,35.214,-80.9431
2156,1627,SEA,MSP,Seattle-Tacoma Intl,47.4502,-122.3088,Minneapolis–Saint Paul Intl,44.883,-93.21
2157,1118,LAX,ATL,Los Angeles Intl,33.9416,-118.4085,Hartsfield-Jackson Atlanta Intl,33.6407,-84.4277
2158,2401,SEA,SFO,Seattle-Tacoma Intl,47.4502,-122.3088,San Francisco Intl,37.6213,-122.379
2159,1260,PHX,ORD,Phoenix Sky Harbor Intl,33.4342,-112.0116,Chicago O’Hare Intl,41.9742,-87.9073
2160,2552,IAH,LAS,George Bush Intercontinental,29.9902,-95.3368,Las Vegas McCarran Intl,36.084,-115.1537
2161,2906,IAH,JFK,George Bush Intercontinental,29.9902,-95.3368,John F. Kennedy Intl,40.6413,-73.7781
2162,1510,ATL,LAX,Hartsfield-Jackson Atlanta Intl,33.6407,-84.4277,Los Angeles Intl,33.9416,-118.4085
2163,2806,JFK,MIA,John F. Kennedy Intl,40.6413,-73.7781,Miami Intl,25.7959,-80.287
2164,3666,SEA,ATL,Seattle-Tacoma Intl,47.4502,-122.3088,Hartsfield-Jackson Atlanta Intl,33.6407,-84.4277
2165,2109,ORD,JFK,Chicago O’Hare Intl,41.9742,-87.9073,John F. Kennedy Intl,40.6413,-73.7781
2166,2185,SEA,JFK,Seattle-Tacoma Intl,47.4502,-122.3088,John F. Kennedy Intl,40.6413,-73.7781
2167,2029,CLT,DEN,Charlotte Douglas Intl,35.214,-80.9431,Denver Intl,39.8561,-104.6737
2168,1032,ATL,IAH,Hartsfield-Jackson Atlanta Intl,33.6407,-84.4277,George Bush Intercontinental,29.9902,-95.3368
2169,3914,PHX,DEN,Phoenix Sky Harbor Intl,33.4342,-112.0116,Denver Intl,39.8561,-104.6737
2170,2340,PHX,ATL,Phoenix Sky Harbor Intl,33.4342,-112.0116,Hartsfield-Jackson Atlanta Intl,33.6407,-84.4277
2171,2433,MIA,BOS,Miami Intl,25.7959,-80.287,Boston Logan Intl,42.3656,-71.0096
2172,2890,IAH,CLT,George Bush Intercontinental,29.9902,-95.3368,Charlotte Douglas Intl,35.214,-80.9431
2173,3567,PHX,DEN,Phoenix Sky Harbor Intl,33.4342,-112.0116,Denver Intl,39.8561,-104.6737
2174,2592,IAH,LAX,George Bush Intercontinental,29.9902,-95.3368,Los Angeles Intl,33.9416,-118.4085
2175,690,MIA,SFO,Miami Intl,25.7959,-80.287,San Francisco Intl,37.6213,-122.379
2176,2054,DEN,ORD,Denver Intl,39.8561,-104.6737,Chicago O’Hare Intl,41.9742,-87.9073
2177,3543,BOS,IAH,Boston Logan Intl,42.3656,-71.0096,George Bush Intercontinental,29.9902,-95.3368
2178,1305,DFW,MSP,Dallas/Fort Worth Intl,32.8998,-97.0403,Minneapolis–Saint Paul Intl,44.883,-93.21
2179,524,MSP,DFW,Minneapolis–Saint Paul Intl,44.883,-93.21,Dallas/Fort Worth Intl,32.8998,-97.0403
2180,3333,PHX,ORD,Phoenix Sky Harbor Intl,33.4342,-112.0116,Chicago O’Hare Intl,41.9742,-87.9073
2181,1548,JFK,ORD,John F. Kennedy Intl,40.6413,-73.7781,Chicago O’Hare Intl,41.9742,-87.9073
2182,2374,CLT,DFW,Charlotte Douglas Intl,35.214,-80.9431,Dallas/Fort Worth Intl,32.8998,-97.0403
2183,1683,SFO,DEN,San Francisco Intl,37.6213,-122.379,Denver Intl,39.8561,-104.6737
2184,2660,DEN,ATL,Denver Intl,39.8561,-104.6737,Hartsfield-Jackson Atlanta Intl,33.6407,-84.4277
2185,2465,PHX,DFW,Phoenix Sky Harbor Intl,33.4342,-112.0116,Dallas/Fort Worth Intl,32.8998,-97.0403
2186,1489,IAH,CLT,George Bush Intercontinental,29.9902,-95.3368,Charlotte Douglas Intl,35.214,-80.9431
2187,1967,BOS,CLT,Boston Logan Intl,42.3656,-71.0096,Charlotte Douglas Intl,35.214,-80.9431
2188,511,MIA,PHX,Miami Intl,25.7959,-80.287,Phoenix Sky Harbor Intl,33.4342,-112.0116
2189,2879,ORD,SEA,Chicago O’Hare Intl,41.9742,-87.9073,Seattle-Tacoma Intl,47.4502,-122.3088
2190,3806,MSP,BOS,Minneapolis–Saint Paul Intl,44.883,-93.21,Boston Logan Intl,42.3656,-71.0096
2191,1676,SFO,MSP,San Francisco Intl,37.6213,-122.379,Minneapolis–Saint Paul Intl,44.883,-93.21
2192,1691,BOS,MIA,Boston Logan Intl,42.3656,-71.0096,Miami Intl,25.7959,-80.287
2193,2777,BOS,DEN,Boston Logan Intl,42.3656,-71.0096,Denver Intl,39.8561,-104.6737
2194,3811,PHX,IAH,Phoenix Sky Harbor Intl,33.4342,-112.0116,George Bush Intercontinental,29.9902,-95.3368
2195,3984,DEN,MSP,Denver Intl,39.8561,-104.6737,Minneapolis–Saint Paul Intl,44.883,-93.21
2196,743,LAS,BOS,Las Vegas McCarran Intl,36.084,-115.1537,Boston Logan Intl,42.3656,-71.0096
2197,3583,SFO,DFW,San Francisco Intl,37.6213,-122.379,Dallas/Fort Worth Intl,32.8998,-97.0403
2198,3211,MSP,SEA,Minneapolis–Saint Paul Intl,44.883,-93.21,Seattle-Tacoma Intl,47.4502,-122.3088
2199,2764,LAX,MIA,Los Angeles Intl,33.9416,-118.4085,Miami Intl,25.7959,-80.287
2200,249,DFW,IAH,Dallas/Fort Worth Intl,32.8998,-97.0403,George Bush Intercontinental,29.9902,-95.3368
2201,3208,LAX,SFO,Los Angeles Intl,33.9416,-118.4085,San Francisco Intl,37.6213,-122.379
2202,2353,LAS,SFO,Las Vegas McCarran Intl,36.084,-115.1537,San Francisco Intl,37.6213,-122.379
2203,3157,IAH,SFO,George Bush Intercontinental,29.9902,-95.3368,San Francisco Intl,37.6213,-122.379
2204,904,IAH,DEN,George Bush Intercontinental,29.9902,-95.3368,Denver Intl,39.8561,-104.6737
2205,2550,CLT,DFW,Charlotte Douglas Intl,35.214,-80.9431,Dallas/Fort Worth Intl,32.8998,-97.0403
2206,2199,SFO,LAS,San Francisco Intl,37.6213,-122.379,Las Vegas McCarran Intl,36.084,-115.1537
2207,2236,LAX,BOS,Los Angeles Intl,33.9416,-118.4085,Boston Logan Intl,42.3656,-71.0096
2208,2051,IAH,ATL,George Bush Intercontinental,29.9902,-95.3368,Hartsfield-Jackson Atlanta Intl,33.6407,-84.4277
2209,3133,LAS,BOS,Las Vegas McCarran Intl,36.084,-115.1537,Boston Logan Intl,42.3656,-71.0096
2210,2030,PHX,BOS,Phoenix Sky Harbor Intl,33.4342,-112.0116,Boston Logan Intl,42.3656,-71.0096
2211,523,ATL,SFO,Hartsfield-Jackson Atlanta Intl,33.6407,-84.4277,San Francisco Intl,37.6213,-122.379
2212,792,MIA,ATL,Miami Intl,25.7959,-80.287,Hartsfield-Jackson Atlanta Intl,33.6407,-84.4277
2213,629,ATL,MSP,Hartsfield-Jackson Atlanta Intl,33.6407,-84.4277,Minneapolis–Saint Paul Intl,44.883,-93.21
2214,2736,SEA,DEN,Seattle-Tacoma Intl,47.4502,-122.3088,Denver Intl,39.8561,-104.6737
2215,2713,MSP,IAH,Minneapolis–Saint Paul Intl,44.883,-93.21,George Bush Intercontinental,29.9902,-95.3368
2216,3551,LAX,MIA,Los Angeles Intl,33.9416,-118.4085,Miami Intl,25.7959,-80.287
2217,2524,CLT,JFK,Charlotte Douglas Intl,35.214,-80.9431,John F. Kennedy Intl,40.6413,-73.7781
2218,2717,SEA,ORD,Seattle-Tacoma Intl,47.4502,-122.3088,Chicago O’Hare Intl,41.9742,-87.9073
2219,3384,IAH,JFK,George Bush Intercontinental,29.9902,-95.3368,John F. Kennedy Intl,40.6413,-73.7781
2220,2478,ORD,IAH,Chicago O’Hare Intl,41.9742,-87.9073,George Bush Intercontinental,29.9902,-95.3368
2221,3520,JFK,SFO,John F. Kennedy Intl,40.6413,-73.7781,San Francisco Intl,37.6213,-122.379
2222,1166,ORD,JFK,Chicago O’Hare Intl,41.9742,-87.9073,John F. Kennedy Intl,40.6413,-73.7781
2223,3329,LAS,MIA,Las Vegas McCarran Intl,36.084,-115.1537,Miami Intl,25.7959,-80.287
2224,3441,SFO,JFK,San Francisco Intl,37.6213,-122.379,John F. Kennedy Intl,40.6413,-73.7781
2225,2971,BOS,DEN,Boston Logan Intl,42.3656,-71.0096,Denver Intl,39.8561,-104.6737
2226,2654,MIA,BOS,Miami Intl,25.7959,-80.287,Boston Logan Intl,42.3656,-71.0096
2227,1289,LAX,SFO,Los Angeles Intl,33.9416,-118.4085,San Francisco Intl,37.6213,-122.379
2228,3637,MSP,ATL,Minneapolis–Saint Paul Intl,44.883,-93.21,Hartsfield-Jackson Atlanta Intl,33.6407,-84.4277
2229,1743,CLT,ATL,Charlotte Douglas Intl,35.214,-80.9431,Hartsfield-Jackson Atlanta Intl,33.6407,-84.4277
2230,3063,CLT,SFO,Charlotte Douglas Intl,35.214,-80.9431,San Francisco Intl,37.6213,-122.379
2231,3224,MSP,ORD,Minneapolis–Saint Paul Intl,44.883,-93.21,Chicago O’Hare Intl,41.9742,-87.9073
2232,3541,LAS,IAH,Las Vegas McCarran Intl,36.084,-115.1537,George Bush Intercontinental,29.9902,-95.3368
2233,2650,DEN,MIA,Denver Intl,39.8561,-104.6737,Miami Intl,25.7959,-80.287
2234,1293,IAH,MSP,George Bush Intercontinental,29.9902,-95.3368,Minneapolis–Saint Paul Intl,44.883,-93.21
2235,3781,JFK,SEA,John F. Kennedy Intl,40.6413,-73.7781,Seattle-Tacoma Intl,47.4502,-122.3088
2236,3728,DFW,MIA,Dallas/Fort Worth Intl,32.8998,-97.0403,Miami Intl,25.7959,-80.287
2237,3778,DFW,IAH,Dallas/Fort Worth Intl,32.8998,-97.0403,George Bush Intercontinental,29.9902,-95.3368
2238,1380,DFW,MSP,Dallas/Fort Worth Intl,32.8998,-97.0403,Minneapolis–Saint Paul Intl,44.883,-93.21
2239,2140,LAX,DEN,Los Angeles Intl,33.9416,-118.4085,Denver Intl,39.8561,-104.6737
2240,1557,DFW,SFO,Dallas/Fort Worth Intl,32.8998,-97.0403,San Francisco Intl,37.6213,-122.379
2241,1969,PHX,IAH,Phoenix Sky Harbor Intl,33.4342,-112.0116,George Bush Intercontinental,29.9902,-95.3368
2242,2261,ATL,LAS,Hartsfield-Jackson Atlanta Intl,33.6407,-84.4277,Las Vegas McCarran Intl,36.084,-115.1537
2243,2437,CLT,DFW,Charlotte Douglas Intl,35.214,-80.9431,Dallas/Fort Worth Intl,32.8998,-97.0403
2244,1840,JFK,MSP,John F. Kennedy Intl,40.6413,-73.7781,Minneapolis–Saint Paul Intl,44.883,-93.21
2245,2994,ATL,SFO,Hartsfield-Jackson Atlanta Intl,33.6407,-84.4277,San Francisco Intl,37.6213,-122.379
2246,2863,BOS,IAH,Boston Logan Intl,42.3656,-71.0096,George Bush Intercontinental,29.9902,-95.3368
2247,3795,JFK,ATL,John F. Kennedy Intl,40.6413,-73.7781,Hartsfield-Jackson Atlanta Intl,33.6407,-84.4277
2248,1164,ATL,SFO,Hartsfield-Jackson Atlanta Intl,33.6407,-84.4277,San Francisco Intl,37.6213,-122.379
2249,1738,JFK,SEA,John F. Kennedy Intl,40.6413,-73.7781,Seattle-Tacoma Intl,47.4502,-122.3088
2250,712,BOS,DEN,Boston Logan Intl,42.3656,-71.0096,Denver Intl,39.8561,-104.6737
2251,1667,SEA,LAX,Seattle-Tacoma Intl,47.4502,-122.3088,Los Angeles Intl,33.9416,-118.4085
2252,1878,PHX,DEN,Phoenix Sky Harbor Intl,33.4342,-112.0116,Denver Intl,39.8561,-104.6737
2253,2137,LAX,JFK,Los Angeles Intl,33.9416,-118.4085,John F. Kennedy Intl,40.6413,-73.7781
2254,2162,LAX,CLT,Los Angeles Intl,33.9416,-118.4085,Charlotte Douglas Intl,35.214,-80.9431
2255,2784,LAS,LAX,Las Vegas McCarran Intl,36.084,-115.1537,Los Angeles Intl,33.9416,-118.4085
2256,457,MSP,LAS,Minneapolis–Saint Paul Intl,44.883,-93.21,Las Vegas McCarran Intl,36.084,-115.1537
2257,1496,IAH,JFK,George Bush Intercontinental,29.9902,-95.3368,John F. Kennedy Intl,40.6413,-73.7781
2258,3226,CLT,JFK,Charlotte Douglas Intl,35.214,-80.9431,John F. Kennedy Intl,40.6413,-73.7781
2259,1445,DFW,ATL,Dallas/Fort Worth Intl,32.8998,-97.0403,Hartsfield-Jackson Atlanta Intl,33.6407,-84.4277
2260,1331,PHX,LAS,Phoenix Sky Harbor Intl,33.4342,-112.0116,Las Vegas McCarran Intl,36.084,-115.1537
2261,2528,ORD,ATL,Chicago O’Hare Intl,41.9742,-87.9073,Hartsfield-Jackson Atlanta Intl,33.6407,-84.4277
2262,2579,DFW,LAS,Dallas/Fort Worth Intl,32.8998,-97.0403,Las Vegas McCarran Intl,36.084,-115.1537
2263,1497,IAH,PHX,George Bush Intercontinental,29.9902,-95.3368,Phoenix Sky Harbor Intl,33.4342,-112.0116
2264,2424,CLT,BOS,Charlotte Douglas Intl,35.214,-80.9431,Boston Logan Intl,42.3656,-71.0096
2265,2679,SFO,ORD,San Francisco Intl,37.6213,-122.379,Chicago O’Hare Intl,41.9742,-87.9073
2266,3830,IAH,LAS,George Bush Intercontinental,29.9902,-95.3368,Las Vegas McCarran Intl,36.084,-115.1537
2267,1103,PHX,BOS,Phoenix Sky Harbor Intl,33.4342,-112.0116,Boston Logan Intl,42.3656,-71.0096
2268,1387,ATL,BOS,Hartsfield-Jackson Atlanta Intl,33.6407,-84.4277,Boston Logan Intl,42.3656,-71.0096
2269,31,JFK,MSP,John F. Kennedy Intl,40.6413,-73.7781,Minneapolis–Saint Paul Intl,44.883,-93.21
2270,722,MSP,CLT,Minneapolis–Saint Paul Intl,44.883,-93.21,Charlotte Douglas Intl,35.214,-80.9431
2271,3250,MSP,ORD,Minneapolis–Saint Paul Intl,44.883,-93.21,Chicago O’Hare Intl,41.9742,-87.9073
2272,3089,ORD,DFW,Chicago O’Hare Intl,41.9742,-87.9073,Dallas/Fort Worth Intl,32.8998,-97.0403
2273,3647,PHX,LAX,Phoenix Sky Harbor Intl,33.4342,-112.0116,Los Angeles Intl,33.9416,-118.4085
2274,2766,BOS,MIA,Boston Logan Intl,42.3656,-71.0096,Miami Intl,25.7959,-80.287
2275,1794,SFO,BOS,San Francisco Intl,37.6213,-122.379,Boston Logan Intl,42.3656,-71.0096
2276,2024,BOS,CLT,Boston Logan Intl,42.3656,-71.0096,Charlotte Douglas Intl,35.214,-80.9431
2277,1816,LAX,PHX,Los Angeles Intl,33.9416,-118.4085,Phoenix Sky Harbor Intl,33.4342,-112.0116
2278,2025,LAS,MSP,Las Vegas McCarran Intl,36.084,-115.1537,Minneapolis–Saint Paul Intl,44.883,-93.21
2279,3552,LAX,SFO,Los Angeles Intl,33.9416,-118.4085,San Francisco Intl,37.6213,-122.379
2280,2250,IAH,SFO,George Bush Intercontinental,29.9902,-95.3368,San Francisco Intl,37.6213,-122.379
2281,3754,DFW,MSP,Dallas/Fort Worth Intl,32.8998,-97.0403,Minneapolis–Saint Paul Intl,44.883,-93.21
2282,2482,ATL,JFK,Hartsfield-Jackson Atlanta Intl,33.6407,-84.4277,John F. Kennedy Intl,40.6413,-73.7781
2283,2831,ORD,MSP,Chicago O’Hare Intl,41.9742,-87.9073,Minneapolis–Saint Paul Intl,44.883,-93.21
2284,1872,IAH,ORD,George Bush Intercontinental,29.9902,-95.3368,Chicago O’Hare Intl,41.9742,-87.9073
2285,3888,MIA,JFK,Miami Intl,25.7959,-80.287,John F. Kennedy Intl,40.6413,-73.7781
2286,1694,SFO,MSP,San Francisco Intl,37.6213,-122.379,Minneapolis–Saint Paul Intl,44.883,-93.21
2287,3644,MSP,LAS,Minneapolis–Saint Paul Intl,44.883,-93.21,Las Vegas McCarran Intl,36.084,-115.1537
2288,1915,SFO,CLT,San Francisco Intl,37.6213,-122.379,Charlotte Douglas Intl,35.214,-80.9431
2289,3683,IAH,SEA,George Bush Intercontinental,29.9902,-95.3368,Seattle-Tacoma Intl,47.4502,-122.3088
2290,2314,IAH,SEA,George Bush Intercontinental,29.9902,-95.3368,Seattle-Tacoma Intl,47.4502,-122.3088
2291,1753,PHX,LAS,Phoenix Sky Harbor Intl,33.4342,-112.0116,Las Vegas McCarran Intl,36.084,-115.1537
2292,1678,DFW,IAH,Dallas/Fort Worth Intl,32.8998,-97.0403,George Bush Intercontinental,29.9902,-95.3368
2293,1781,LAX,MIA,Los Angeles Intl,33.9416,-118.4085,Miami Intl,25.7959,-80.287
2294,3332,MSP,SFO,Minneapolis–Saint Paul Intl,44.883,-93.21,San Francisco Intl,37.6213,-122.379
2295,1708,LAS,ATL,Las Vegas McCarran Intl,36.084,-115.1537,Hartsfield-Jackson Atlanta Intl,33.6407,-84.4277
2296,906,DFW,LAS,Dallas/Fort Worth Intl,32.8998,-97.0403,Las Vegas McCarran Intl,36.084,-115.1537
2297,3800,JFK,ATL,John F. Kennedy Intl,40.6413,-73.7781,Hartsfield-Jackson Atlanta Intl,33.6407,-84.4277
2298,708,PHX,ORD,Phoenix Sky Harbor Intl,33.4342,-112.0116,Chicago O’Hare Intl,41.9742,-87.9073
2299,2245,PHX,ORD,Phoenix Sky Harbor Intl,33.4342,-112.0116,Chicago O’Hare Intl,41.9742,-87.9073
2300,2120,ORD,BOS,Chicago O’Hare Intl,41.9742,-87.9073,Boston Logan Intl,42.3656,-71.0096
2301,2310,ATL,SEA,Hartsfield-Jackson Atlanta Intl,33.6407,-84.4277,Seattle-Tacoma Intl,47.4502,-122.3088
2302,2771,LAS,MSP,Las Vegas McCarran Intl,36.084,-115.1537,Minneapolis–Saint Paul Intl,44.883,-93.21
2303,3612,CLT,BOS,Charlotte Douglas Intl,35.214,-80.9431,Boston Logan Intl,42.3656,-71.0096
2304,2451,SEA,ATL,Seattle-Tacoma Intl,47.4502,-122.3088,Hartsfield-Jackson Atlanta Intl,33.6407,-84.4277
2305,935,CLT,IAH,Charlotte Douglas Intl,35.214,-80.9431,George Bush Intercontinental,29.9902,-95.3368
2306,2420,IAH,LAX,George Bush Intercontinental,29.9902,-95.3368,Los Angeles Intl,33.9416,-118.4085
2307,3178,DEN,LAX,Denver Intl,39.8561,-104.6737,Los Angeles Intl,33.9416,-118.4085
2308,1859,MSP,ORD,Minneapolis–Saint Paul Intl,44.883,-93.21,Chicago O’Hare Intl,41.9742,-87.9073
2309,2927,DEN,IAH,Denver Intl,39.8561,-104.6737,George Bush Intercontinental,29.9902,-95.3368
2310,3064,PHX,JFK,Phoenix Sky Harbor Intl,33.4342,-112.0116,John F. Kennedy Intl,40.6413,-73.7781
2311,3080,DFW,ATL,Dallas/Fort Worth Intl,32.8998,-97.0403,Hartsfield-Jackson Atlanta Intl,33.6407,-84.4277
2312,3433,JFK,LAX,John F. Kennedy Intl,40.6413,-73.7781,Los Angeles Intl,33.9416,-118.4085
2313,1679,ORD,IAH,Chicago O’Hare Intl,41.9742,-87.9073,George Bush Intercontinental,29.9902,-95.3368
2314,2224,MIA,MSP,Miami Intl,25.7959,-80.287,Minneapolis–Saint Paul Intl,44.883,-93.21
2315,2576,DEN,IAH,Denver Intl,39.8561,-104.6737,George Bush Intercontinental,29.9902,-95.3368
2316,3512,ORD,ATL,Chicago O’Hare Intl,41.9742,-87.9073,Hartsfield-Jackson Atlanta Intl,33.6407,-84.4277
2317,3269,PHX,DEN,Phoenix Sky Harbor Intl,33.4342,-112.0116,Denver Intl,39.8561,-104.6737
2318,3051,ATL,IAH,Hartsfield-Jackson Atlanta Intl,33.6407,-84.4277,George Bush Intercontinental,29.9902,-95.3368
2319,3909,BOS,IAH,Boston Logan Intl,42.3656,-71.0096,George Bush Intercontinental,29.9902,-95.3368
2320,2265,CLT,SFO,Charlotte Douglas Intl,35.214,-80.9431,San Francisco Intl,37.6213,-122.379
2321,3308,JFK,SEA,John F. Kennedy Intl,40.6413,-73.7781,Seattle-Tacoma Intl,47.4502,-122.3088
2322,2946,MSP,BOS,Minneapolis–Saint Paul Intl,44.883,-93.21,Boston Logan Intl,42.3656,-71.0096
2323,3762,LAX,ATL,Los Angeles Intl,33.9416,-118.4085,Hartsfield-Jackson Atlanta Intl,33.6407,-84.4277
2324,1585,IAH,SFO,George Bush Intercontinental,29.9902,-95.3368,San Francisco Intl,37.6213,-122.379
2325,2230,ORD,IAH,Chicago O’Hare Intl,41.9742,-87.9073,George Bush Intercontinental,29.9902,-95.3368
2326,3286,ATL,DEN,Hartsfield-Jackson Atlanta Intl,33.6407,-84.4277,Denver Intl,39.8561,-104.6737
2327,2047,MIA,BOS,Miami Intl,25.7959,-80.287,Boston Logan Intl,42.3656,-71.0096
2328,3945,SEA,ATL,Seattle-Tacoma Intl,47.4502,-122.3088,Hartsfield-Jackson Atlanta Intl,33.6407,-84.4277
2329,2578,CLT,ORD,Charlotte Douglas Intl,35.214,-80.9431,Chicago O’Hare Intl,41.9742,-87.9073
2330,3581,LAX,SFO,Los Angeles Intl,33.9416,-118.4085,San Francisco Intl,37.6213,-122.379
2331,1015,MSP,BOS,Minneapolis–Saint Paul Intl,44.883,-93.21,Boston Logan Intl,42.3656,-71.0096
2332,2739,CLT,ATL,Charlotte Douglas Intl,35.214,-80.9431,Hartsfield-Jackson Atlanta Intl,33.6407,-84.4277
2333,656,PHX,SFO,Phoenix Sky Harbor Intl,33.4342,-112.0116,San Francisco Intl,37.6213,-122.379
2334,84,SEA,DEN,Seattle-Tacoma Intl,47.4502,-122.3088,Denver Intl,39.8561,-104.6737
2335,3137,CLT,ATL,Charlotte Douglas Intl,35.214,-80.9431,Hartsfield-Jackson Atlanta Intl,33.6407,-84.4277
2336,1866,LAS,ATL,Las Vegas McCarran Intl,36.084,-115.1537,Hartsfield-Jackson Atlanta Intl,33.6407,-84.4277
2337,3594,MIA,LAS,Miami Intl,25.7959,-80.287,Las Vegas McCarran Intl,36.084,-115.1537
2338,1772,ATL,MSP,Hartsfield-Jackson Atlanta Intl,33.6407,-84.4277,Minneapolis–Saint Paul Intl,44.883,-93.21
2339,1063,IAH,PHX,George Bush Intercontinental,29.9902,-95.3368,Phoenix Sky Harbor Intl,33.4342,-112.0116
2340,1101,DEN,MIA,Denver Intl,39.8561,-104.6737,Miami Intl,25.7959,-80.287
2341,3813,SEA,PHX,Seattle-Tacoma Intl,47.4502,-122.3088,Phoenix Sky Harbor Intl,33.4342,-112.0116
2342,3337,MSP,IAH,Minneapolis–Saint Paul Intl,44.883,-93.21,George Bush Intercontinental,29.9902,-95.3368
2343,2469,PHX,ORD,Phoenix Sky Harbor Intl,33.4342,-112.0116,Chicago O’Hare Intl,41.9742,-87.9073
2344,2488,LAS,MSP,Las Vegas McCarran Intl,36.084,-115.1537,Minneapolis–Saint Paul Intl,44.883,-93.21
2345,2367,LAX,IAH,Los Angeles Intl,33.9416,-118.4085,George Bush Intercontinental,29.9902,-95.3368
2346,2624,DFW,DEN,Dallas/Fort Worth Intl,32.8998,-97.0403,Denver Intl,39.8561,-104.6737
2347,2664,SFO,PHX,San Francisco Intl,37.6213,-122.379,Phoenix Sky Harbor Intl,33.4342,-112.0116
2348,343,ORD,BOS,Chicago O’Hare Intl,41.9742,-87.9073,Boston Logan Intl,42.3656,-71.0096
2349,3962,IAH,CLT,George Bush Intercontinental,29.9902,-95.3368,Charlotte Douglas Intl,35.214,-80.9431
2350,2184,CLT,MIA,Charlotte Douglas Intl,35.214,-80.9431,Miami Intl,25.7959,-80.287
2351,3742,DEN,JFK,Denver Intl,39.8561,-104.6737,John F. Kennedy Intl,40.6413,-73.7781
2352,2558,SEA,CLT,Seattle-Tacoma Intl,47.4502,-122.3088,Charlotte Douglas Intl,35.214,-80.9431
2353,2702,CLT,MIA,Charlotte Douglas Intl,35.214,-80.9431,Miami Intl,25.7959,-80.287
2354,3390,BOS,SEA,Boston Logan Intl,42.3656,-71.0096,Seattle-Tacoma Intl,47.4502,-122.3088
2355,2539,ORD,SEA,Chicago O’Hare Intl,41.9742,-87.9073,Seattle-Tacoma Intl,47.4502,-122.3088
2356,2655,DFW,ATL,Dallas/Fort Worth Intl,32.8998,-97.0403,Hartsfield-Jackson Atlanta Intl,33.6407,-84.4277
2357,2048,LAS,IAH,Las Vegas McCarran Intl,36.084,-115.1537,George Bush Intercontinental,29.9902,-95.3368
2358,2187,MSP,MIA,Minneapolis–Saint Paul Intl,44.883,-93.21,Miami Intl,25.7959,-80.287
2359,1705,MIA,JFK,Miami Intl,25.7959,-80.287,John F. Kennedy Intl,40.6413,-73.7781
2360,1746,LAS,MIA,Las Vegas McCarran Intl,36.084,-115.1537,Miami Intl,25.7959,-80.287
2361,3272,LAS,ORD,Las Vegas McCarran Intl,36.084,-115.1537,Chicago O’Hare Intl,41.9742,-87.9073
2362,232,SFO,CLT,San Francisco Intl,37.6213,-122.379,Charlotte Douglas Intl,35.214,-80.9431
2363,1601,ATL,ORD,Hartsfield-Jackson Atlanta Intl,33.6407,-84.4277,Chicago O’Hare Intl,41.9742,-87.9073
2364,3696,LAS,JFK,Las Vegas McCarran Intl,36.084,-115.1537,John F. Kennedy Intl,40.6413,-73.7781
2365,3955,CLT,MIA,Charlotte Douglas Intl,35.214,-80.9431,Miami Intl,25.7959,-80.287
2366,2680,DFW,SFO,Dallas/Fort Worth Intl,32.8998,-97.0403,San Francisco Intl,37.6213,-122.379
2367,2021,DFW,LAS,Dallas/Fort Worth Intl,32.8998,-97.0403,Las Vegas McCarran Intl,36.084,-115.1537
2368,3640,MIA,IAH,Miami Intl,25.7959,-80.287,George Bush Intercontinental,29.9902,-95.3368
2369,512,JFK,ORD,John F. Kennedy Intl,40.6413,-73.7781,Chicago O’Hare Intl,41.9742,-87.9073
2370,3180,MIA,ORD,Miami Intl,25.7959,-80.287,Chicago O’Hare Intl,41.9742,-87.9073
2371,3526,CLT,LAX,Charlotte Douglas Intl,35.214,-80.9431,Los Angeles Intl,33.9416,-118.4085
2372,1638,MSP,MIA,Minneapolis–Saint Paul Intl,44.883,-93.21,Miami Intl,25.7959,-80.287
2373,1696,JFK,IAH,John F. Kennedy Intl,40.6413,-73.7781,George Bush Intercontinental,29.9902,-95.3368
2374,3401,JFK,MSP,John F. Kennedy Intl,40.6413,-73.7781,Minneapolis–Saint Paul Intl,44.883,-93.21
2375,1599,DEN,ORD,Denver Intl,39.8561,-104.6737,Chicago O’Hare Intl,41.9742,-87.9073
2376,1763,DEN,PHX,Denver Intl,39.8561,-104.6737,Phoenix Sky Harbor Intl,33.4342,-112.0116
2377,2841,LAX,DEN,Los Angeles Intl,33.9416,-118.4085,Denver Intl,39.8561,-104.6737
2378,3656,SEA,LAS,Seattle-Tacoma Intl,47.4502,-122.3088,Las Vegas McCarran Intl,36.084,-115.1537
2379,1016,SEA,LAS,Seattle-Tacoma Intl,47.4502,-122.3088,Las Vegas McCarran Intl,36.084,-115.1537
2380,2638,PHX,MIA,Phoenix Sky Harbor Intl,33.4342,-112.0116,Miami Intl,25.7959,-80.287
2381,2616,IAH,SEA,George Bush Intercontinental,29.9902,-95.3368,Seattle-Tacoma Intl,47.4502,-122.3088
2382,1572,ATL,LAX,Hartsfield-Jackson Atlanta Intl,33.6407,-84.4277,Los Angeles Intl,33.9416,-118.4085
2383,1594,SEA,ORD,Seattle-Tacoma Intl,47.4502,-122.3088,Chicago O’Hare Intl,41.9742,-87.9073
2384,2815,DEN,LAX,Denver Intl,39.8561,-104.6737,Los Angeles Intl,33.9416,-118.4085
2385,2822,LAX,SEA,Los Angeles Intl,33.9416,-118.4085,Seattle-Tacoma Intl,47.4502,-122.3088
2386,2228,LAS,JFK,Las Vegas McCarran Intl,36.084,-115.1537,John F. Kennedy Intl,40.6413,-73.7781
2387,2014,LAX,JFK,Los Angeles Intl,33.9416,-118.4085,John F. Kennedy Intl,40.6413,-73.7781
2388,1975,LAS,CLT,Las Vegas McCarran Intl,36.084,-115.1537,Charlotte Douglas Intl,35.214,-80.9431
2389,3937,MSP,CLT,Minneapolis–Saint Paul Intl,44.883,-93.21,Charlotte Douglas Intl,35.214,-80.9431
2390,2525,MSP,MIA,Minneapolis–Saint Paul Intl,44.883,-93.21,Miami Intl,25.7959,-80.287
2391,3669,JFK,SEA,John F. Kennedy Intl,40.6413,-73.7781,Seattle-Tacoma Intl,47.4502,-122.3088
2392,2824,PHX,DFW,Phoenix Sky Harbor Intl,33.4342,-112.0116,Dallas/Fort Worth Intl,32.8998,-97.0403
2393,3300,IAH,MSP,George Bush Intercontinental,29.9902,-95.3368,Minneapolis–Saint Paul Intl,44.883,-93.21
2394,310,MIA,CLT,Miami Intl,25.7959,-80.287,Charlotte Douglas Intl,35.214,-80.9431
2395,3112,ATL,DFW,Hartsfield-Jackson Atlanta Intl,33.6407,-84.4277,Dallas/Fort Worth Intl,32.8998,-97.0403
2396,3774,CLT,MIA,Charlotte Douglas Intl,35.214,-80.9431,Miami Intl,25.7959,-80.287
2397,2626,JFK,ATL,John F. Kennedy Intl,40.6413,-73.7781,Hartsfield-Jackson Atlanta Intl,33.6407,-84.4277
2398,1637,MIA,IAH,Miami Intl,25.7959,-80.287,George Bush Intercontinental,29.9902,-95.3368
2399,1054,SEA,LAX,Seattle-Tacoma Intl,47.4502,-122.3088,Los Angeles Intl,33.9416,-118.4085
2400,3397,PHX,LAX,Phoenix Sky Harbor Intl,33.4342,-112.0116,Los Angeles Intl,33.9416,-118.4085
2401,3516,JFK,IAH,John F. Kennedy Intl,40.6413,-73.7781,George Bush Intercontinental,29.9902,-95.3368
2402,3217,ORD,IAH,Chicago O’Hare Intl,41.9742,-87.9073,George Bush Intercontinental,29.9902,-95.3368
2403,3317,SEA,JFK,Seattle-Tacoma Intl,47.4502,-122.3088,John F. Kennedy Intl,40.6413,-73.7781
2404,2573,MIA,MSP,Miami Intl,25.7959,-80.287,Minneapolis–Saint Paul Intl,44.883,-93.21
2405,2577,ATL,DFW,Hartsfield-Jackson Atlanta Intl,33.6407,-84.4277,Dallas/Fort Worth Intl,32.8998,-97.0403
2406,1832,CLT,IAH,Charlotte Douglas Intl,35.214,-80.9431,George Bush Intercontinental,29.9902,-95.3368
2407,3480,MIA,PHX,Miami Intl,25.7959,-80.287,Phoenix Sky Harbor Intl,33.4342,-112.0116
2408,539,LAS,BOS,Las Vegas McCarran Intl,36.084,-115.1537,Boston Logan Intl,42.3656,-71.0096
2409,2058,MSP,IAH,Minneapolis–Saint Paul Intl,44.883,-93.21,George Bush Intercontinental,29.9902,-95.3368
2410,2179,JFK,ORD,John F. Kennedy Intl,40.6413,-73.7781,Chicago O’Hare Intl,41.9742,-87.9073
2411,2996,JFK,ORD,John F. Kennedy Intl,40.6413,-73.7781,Chicago O’Hare Intl,41.9742,-87.9073
2412,1804,CLT,ORD,Charlotte Douglas Intl,35.214,-80.9431,Chicago O’Hare Intl,41.9742,-87.9073
2413,3676,DFW,JFK,Dallas/Fort Worth Intl,32.8998,-97.0403,John F. Kennedy Intl,40.6413,-73.7781
2414,2493,ATL,LAS,Hartsfield-Jackson Atlanta Intl,33.6407,-84.4277,Las Vegas McCarran Intl,36.084,-115.1537
2415,2213,BOS,SEA,Boston Logan Intl,42.3656,-71.0096,Seattle-Tacoma Intl,47.4502,-122.3088
2416,3424,SEA,PHX,Seattle-Tacoma Intl,47.4502,-122.3088,Phoenix Sky Harbor Intl,33.4342,-112.0116
2417,2926,LAX,SFO,Los Angeles Intl,33.9416,-118.4085,San Francisco Intl,37.6213,-122.379
2418,2150,CLT,LAS,Charlotte Douglas Intl,35.214,-80.9431,Las Vegas McCarran Intl,36.084,-115.1537
2419,2290,ATL,DFW,Hartsfield-Jackson Atlanta Intl,33.6407,-84.4277,Dallas/Fort Worth Intl,32.8998,-97.0403
2420,3220,LAX,PHX,Los Angeles Intl,33.9416,-118.4085,Phoenix Sky Harbor Intl,33.4342,-112.0116
2421,576,ATL,CLT,Hartsfield-Jackson Atlanta Intl,33.6407,-84.4277,Charlotte Douglas Intl,35.214,-80.9431
2422,1501,ATL,DFW,Hartsfield-Jackson Atlanta Intl,33.6407,-84.4277,Dallas/Fort Worth Intl,32.8998,-97.0403
2423,2687,MIA,PHX,Miami Intl,25.7959,-80.287,Phoenix Sky Harbor Intl,33.4342,-112.0116
2424,3654,IAH,BOS,George Bush Intercontinental,29.9902,-95.3368,Boston Logan Intl,42.3656,-71.0096
2425,2115,LAS,MSP,Las Vegas McCarran Intl,36.084,-115.1537,Minneapolis–Saint Paul Intl,44.883,-93.21
2426,3524,ATL,PHX,Hartsfield-Jackson Atlanta Intl,33.6407,-84.4277,Phoenix Sky Harbor Intl,33.4342,-112.0116
2427,3673,IAH,PHX,George Bush Intercontinental,29.9902,-95.3368,Phoenix Sky Harbor Intl,33.4342,-112.0116
2428,1556,DFW,LAS,Dallas/Fort Worth Intl,32.8998,-97.0403,Las Vegas McCarran Intl,36.084,-115.1537
2429,3033,BOS,PHX,Boston Logan Intl,42.3656,-71.0096,Phoenix Sky Harbor Intl,33.4342,-112.0116
2430,1319,JFK,LAX,John F. Kennedy Intl,40.6413,-73.7781,Los Angeles Intl,33.9416,-118.4085
2431,1443,SFO,LAS,San Francisco Intl,37.6213,-122.379,Las Vegas McCarran Intl,36.084,-115.1537
2432,3779,LAX,ATL,Los Angeles Intl,33.9416,-118.4085,Hartsfield-Jackson Atlanta Intl,33.6407,-84.4277
2433,1313,JFK,MIA,John F. Kennedy Intl,40.6413,-73.7781,Miami Intl,25.7959,-80.287
2434,269,SFO,CLT,San Francisco Intl,37.6213,-122.379,Charlotte Douglas Intl,35.214,-80.9431
2435,3915,BOS,MSP,Boston Logan Intl,42.3656,-71.0096,Minneapolis–Saint Paul Intl,44.883,-93.21
2436,1391,LAS,CLT,Las Vegas McCarran Intl,36.084,-115.1537,Charlotte Douglas Intl,35.214,-80.9431
2437,2661,BOS,LAX,Boston Logan Intl,42.3656,-71.0096,Los Angeles Intl,33.9416,-118.4085
2438,3023,LAX,IAH,Los Angeles Intl,33.9416,-118.4085,George Bush Intercontinental,29.9902,-95.3368
2439,3408,MSP,SEA,Minneapolis–Saint Paul Intl,44.883,-93.21,Seattle-Tacoma Intl,47.4502,-122.3088
2440,3713,LAX,MSP,Los Angeles Intl,33.9416,-118.4085,Minneapolis–Saint Paul Intl,44.883,-93.21
2441,3050,BOS,MIA,Boston Logan Intl,42.3656,-71.0096,Miami Intl,25.7959,-80.287
2442,2081,SFO,DFW,San Francisco Intl,37.6213,-122.379,Dallas/Fort Worth Intl,32.8998,-97.0403
2443,141,CLT,SEA,Charlotte Douglas Intl,35.214,-80.9431,Seattle-Tacoma Intl,47.4502,-122.3088
2444,161,ATL,MIA,Hartsfield-Jackson Atlanta Intl,33.6407,-84.4277,Miami Intl,25.7959,-80.287
2445,2540,SEA,BOS,Seattle-Tacoma Intl,47.4502,-122.3088,Boston Logan Intl,42.3656,-71.0096
2446,2205,PHX,BOS,Phoenix Sky Harbor Intl,33.4342,-112.0116,Boston Logan Intl,42.3656,-71.0096
2447,2135,IAH,DEN,George Bush Intercontinental,29.9902,-95.3368,Denver Intl,39.8561,-104.6737
2448,3116,ORD,IAH,Chicago O’Hare Intl,41.9742,-87.9073,George Bush Intercontinental,29.9902,-95.3368
2449,3896,PHX,LAS,Phoenix Sky Harbor Intl,33.4342,-112.0116,Las Vegas McCarran Intl,36.084,-115.1537
2450,2750,JFK,SFO,John F. Kennedy Intl,40.6413,-73.7781,San Francisco Intl,37.6213,-122.379
2451,2548,MIA,BOS,Miami Intl,25.7959,-80.287,Boston Logan Intl,42.3656,-71.0096
2452,1951,JFK,DFW,John F. Kennedy Intl,40.6413,-73.7781,Dallas/Fort Worth Intl,32.8998,-97.0403
2453,806,MIA,ATL,Miami Intl,25.7959,-80.287,Hartsfield-Jackson Atlanta Intl,33.6407,-84.4277
2454,2280,SFO,ORD,San Francisco Intl,37.6213,-122.379,Chicago O’Hare Intl,41.9742,-87.9073
2455,2969,MSP,DEN,Minneapolis–Saint Paul Intl,44.883,-93.21,Denver Intl,39.8561,-104.6737
2456,3243,MIA,ORD,Miami Intl,25.7959,-80.287,Chicago O’Hare Intl,41.9742,-87.9073
2457,1282,LAX,CLT,Los Angeles Intl,33.9416,-118.4085,Charlotte Douglas Intl,35.214,-80.9431
2458,2052,CLT,IAH,Charlotte Douglas Intl,35.214,-80.9431,George Bush Intercontinental,29.9902,-95.3368
2459,2913,SEA,PHX,Seattle-Tacoma Intl,47.4502,-122.3088,Phoenix Sky Harbor Intl,33.4342,-112.0116
2460,3606,SEA,SFO,Seattle-Tacoma Intl,47.4502,-122.3088,San Francisco Intl,37.6213,-122.379
2461,863,LAX,CLT,Los Angeles Intl,33.9416,-118.4085,Charlotte Douglas Intl,35.214,-80.9431
2462,1573,CLT,MIA,Charlotte Douglas Intl,35.214,-80.9431,Miami Intl,25.7959,-80.287
2463,2733,LAS,MSP,Las Vegas McCarran Intl,36.084,-115.1537,Minneapolis–Saint Paul Intl,44.883,-93.21
2464,1948,DFW,CLT,Dallas/Fort Worth Intl,32.8998,-97.0403,Charlotte Douglas Intl,35.214,-80.9431
2465,3406,LAS,JFK,Las Vegas McCarran Intl,36.084,-115.1537,John F. Kennedy Intl,40.6413,-73.7781
2466,2215,MSP,IAH,Minneapolis–Saint Paul Intl,44.883,-93.21,George Bush Intercontinental,29.9902,-95.3368
2467,2527,PHX,BOS,Phoenix Sky Harbor Intl,33.4342,-112.0116,Boston Logan Intl,42.3656,-71.0096
2468,3704,MSP,ATL,Minneapolis–Saint Paul Intl,44.883,-93.21,Hartsfield-Jackson Atlanta Intl,33.6407,-84.4277
2469,2747,SFO,ATL,San Francisco Intl,37.6213,-122.379,Hartsfield-Jackson Atlanta Intl,33.6407,-84.4277
2470,3814,PHX,MSP,Phoenix Sky Harbor Intl,33.4342,-112.0116,Minneapolis–Saint Paul Intl,44.883,-93.21
2471,3624,DFW,ORD,Dallas/Fort Worth Intl,32.8998,-97.0403,Chicago O’Hare Intl,41.9742,-87.9073
2472,3054,DFW,DEN,Dallas/Fort Worth Intl,32.8998,-97.0403,Denver Intl,39.8561,-104.6737
2473,1114,JFK,BOS,John F. Kennedy Intl,40.6413,-73.7781,Boston Logan Intl,42.3656,-71.0096
2474,2177,BOS,DFW,Boston Logan Intl,42.3656,-71.0096,Dallas/Fort Worth Intl,32.8998,-97.0403
2475,2090,JFK,BOS,John F. Kennedy Intl,40.6413,-73.7781,Boston Logan Intl,42.3656,-71.0096
2476,1149,BOS,DEN,Boston Logan Intl,42.3656,-71.0096,Denver Intl,39.8561,-104.6737
2477,3765,MSP,DEN,Minneapolis–Saint Paul Intl,44.883,-93.21,Denver Intl,39.8561,-104.6737
2478,3326,ORD,JFK,Chicago O’Hare Intl,41.9742,-87.9073,John F. Kennedy Intl,40.6413,-73.7781
2479,1978,MSP,LAS,Minneapolis–Saint Paul Intl,44.883,-93.21,Las Vegas McCarran Intl,36.084,-115.1537
2480,2668,MIA,BOS,Miami Intl,25.7959,-80.287,Boston Logan Intl,42.3656,-71.0096
2481,521,CLT,MIA,Charlotte Douglas Intl,35.214,-80.9431,Miami Intl,25.7959,-80.287
2482,118,BOS,JFK,Boston Logan Intl,42.3656,-71.0096,John F. Kennedy Intl,40.6413,-73.7781
2483,2435,LAS,IAH,Las Vegas McCarran Intl,36.084,-115.1537,George Bush Intercontinental,29.9902,-95.3368
2484,625,PHX,IAH,Phoenix Sky Harbor Intl,33.4342,-112.0116,George Bush Intercontinental,29.9902,-95.3368
2485,3109,LAX,PHX,Los Angeles Intl,33.9416,-118.4085,Phoenix Sky Harbor Intl,33.4342,-112.0116
2486,2804,JFK,IAH,John F. Kennedy Intl,40.6413,-73.7781,George Bush Intercontinental,29.9902,-95.3368
2487,1196,CLT,SEA,Charlotte Douglas Intl,35.214,-80.9431,Seattle-Tacoma Intl,47.4502,-122.3088
2488,3114,SFO,SEA,San Francisco Intl,37.6213,-122.379,Seattle-Tacoma Intl,47.4502,-122.3088
2489,1908,CLT,PHX,Charlotte Douglas Intl,35.214,-80.9431,Phoenix Sky Harbor Intl,33.4342,-112.0116
2490,2900,IAH,MIA,George Bush Intercontinental,29.9902,-95.3368,Miami Intl,25.7959,-80.287
2491,1994,MIA,SEA,Miami Intl,25.7959,-80.287,Seattle-Tacoma Intl,47.4502,-122.3088
2492,1567,IAH,LAX,George Bush Intercontinental,29.9902,-95.3368,Los Angeles Intl,33.9416,-118.4085
2493,2222,ORD,PHX,Chicago O’Hare Intl,41.9742,-87.9073,Phoenix Sky Harbor Intl,33.4342,-112.0116
2494,3281,BOS,LAX,Boston Logan Intl,42.3656,-71.0096,Los Angeles Intl,33.9416,-118.4085
2495,565,ORD,LAS,Chicago O’Hare Intl,41.9742,-87.9073,Las Vegas McCarran Intl,36.084,-115.1537
2496,2039,SFO,LAS,San Francisco Intl,37.6213,-122.379,Las Vegas McCarran Intl,36.084,-115.1537
2497,3658,LAS,CLT,Las Vegas McCarran Intl,36.084,-115.1537,Charlotte Douglas Intl,35.214,-80.9431
2498,2394,DFW,BOS,Dallas/Fort Worth Intl,32.8998,-97.0403,Boston Logan Intl,42.3656,-71.0096
2499,1175,IAH,CLT,George Bush Intercontinental,29.9902,-95.3368,Charlotte Douglas Intl,35.214,-80.9431
2500,3038,SEA,PHX,Seattle-Tacoma Intl,47.4502,-122.3088,Phoenix Sky Harbor Intl,33.4342,-112.0116
2501,3256,IAH,MSP,George Bush Intercontinental,29.9902,-95.3368,Minneapolis–Saint Paul Intl,44.883,-93.21
2502,1281,SFO,ATL,San Francisco Intl,37.6213,-122.379,Hartsfield-Jackson Atlanta Intl,33.6407,-84.4277
2503,3188,DEN,BOS,Denver Intl,39.8561,-104.6737,Boston Logan Intl,42.3656,-71.0096
2504,3278,SFO,LAX,San Francisco Intl,37.6213,-122.379,Los Angeles Intl,33.9416,-118.4085
2505,1879,ORD,LAX,Chicago O’Hare Intl,41.9742,-87.9073,Los Angeles Intl,33.9416,-118.4085
2506,2111,CLT,DEN,Charlotte Douglas Intl,35.214,-80.9431,Denver Intl,39.8561,-104.6737
2507,3377,LAX,ORD,Los Angeles Intl,33.9416,-118.4085,Chicago O’Hare Intl,41.9742,-87.9073
2508,973,JFK,BOS,John F. Kennedy Intl,40.6413,-73.7781,Boston Logan Intl,42.3656,-71.0096
2509,3613,LAX,SFO,Los Angeles Intl,33.9416,-118.4085,San Francisco Intl,37.6213,-122.379
2510,2518,ORD,LAX,Chicago O’Hare Intl,41.9742,-87.9073,Los Angeles Intl,33.9416,-118.4085
2511,56,JFK,LAS,John F. Kennedy Intl,40.6413,-73.7781,Las Vegas McCarran Intl,36.084,-115.1537
2512,2258,DEN,ATL,Denver Intl,39.8561,-104.6737,Hartsfield-Jackson Atlanta Intl,33.6407,-84.4277
2513,3041,SEA,LAS,Seattle-Tacoma Intl,47.4502,-122.3088,Las Vegas McCarran Intl,36.084,-115.1537
2514,3571,MIA,JFK,Miami Intl,25.7959,-80.287,John F. Kennedy Intl,40.6413,-73.7781
2515,1353,PHX,MIA,Phoenix Sky Harbor Intl,33.4342,-112.0116,Miami Intl,25.7959,-80.287
2516,3156,ORD,MSP,Chicago O’Hare Intl,41.9742,-87.9073,Minneapolis–Saint Paul Intl,44.883,-93.21
2517,892,CLT,ORD,Charlotte Douglas Intl,35.214,-80.9431,Chicago O’Hare Intl,41.9742,-87.9073
2518,3759,BOS,JFK,Boston Logan Intl,42.3656,-71.0096,John F. Kennedy Intl,40.6413,-73.7781
2519,1570,ORD,LAS,Chicago O’Hare Intl,41.9742,-87.9073,Las Vegas McCarran Intl,36.084,-115.1537
2520,556,ORD,LAS,Chicago O’Hare Intl,41.9742,-87.9073,Las Vegas McCarran Intl,36.084,-115.1537
2521,3110,IAH,PHX,George Bush Intercontinental,29.9902,-95.3368,Phoenix Sky Harbor Intl,33.4342,-112.0116
2522,1823,IAH,ATL,George Bush Intercontinental,29.9902,-95.3368,Hartsfield-Jackson Atlanta Intl,33.6407,-84.4277
2523,3070,JFK,LAS,John F. Kennedy Intl,40.6413,-73.7781,Las Vegas McCarran Intl,36.084,-115.1537
2524,3973,MSP,IAH,Minneapolis–Saint Paul Intl,44.883,-93.21,George Bush Intercontinental,29.9902,-95.3368
2525,2898,MSP,CLT,Minneapolis–Saint Paul Intl,44.883,-93.21,Charlotte Douglas Intl,35.214,-80.9431
2526,1632,ATL,DEN,Hartsfield-Jackson Atlanta Intl,33.6407,-84.4277,Denver Intl,39.8561,-104.6737
2527,3808,SFO,BOS,San Francisco Intl,37.6213,-122.379,Boston Logan Intl,42.3656,-71.0096
2528,3794,CLT,LAS,Charlotte Douglas Intl,35.214,-80.9431,Las Vegas McCarran Intl,36.084,-115.1537
2529,2121,ATL,IAH,Hartsfield-Jackson Atlanta Intl,33.6407,-84.4277,George Bush Intercontinental,29.9902,-95.3368
2530,2004,LAS,PHX,Las Vegas McCarran Intl,36.084,-115.1537,Phoenix Sky Harbor Intl,33.4342,-112.0116
2531,3374,DEN,DFW,Denver Intl,39.8561,-104.6737,Dallas/Fort Worth Intl,32.8998,-97.0403
2532,3111,MSP,SFO,Minneapolis–Saint Paul Intl,44.883,-93.21,San Francisco Intl,37.6213,-122.379
2533,2840,BOS,JFK,Boston Logan Intl,42.3656,-71.0096,John F. Kennedy Intl,40.6413,-73.7781
2534,2147,IAH,BOS,George Bush Intercontinental,29.9902,-95.3368,Boston Logan Intl,42.3656,-71.0096
2535,2011,SEA,SFO,Seattle-Tacoma Intl,47.4502,-122.3088,San Francisco Intl,37.6213,-122.379
2536,252,DFW,DEN,Dallas/Fort Worth Intl,32.8998,-97.0403,Denver Intl,39.8561,-104.6737
2537,3539,DEN,MSP,Denver Intl,39.8561,-104.6737,Minneapolis–Saint Paul Intl,44.883,-93.21
2538,3881,DFW,MSP,Dallas/Fort Worth Intl,32.8998,-97.0403,Minneapolis–Saint Paul Intl,44.883,-93.21
2539,2301,CLT,DFW,Charlotte Douglas Intl,35.214,-80.9431,Dallas/Fort Worth Intl,32.8998,-97.0403
2540,1007,CLT,SFO,Charlotte Douglas Intl,35.214,-80.9431,San Francisco Intl,37.6213,-122.379
2541,3098,LAS,SFO,Las Vegas McCarran Intl,36.084,-115.1537,San Francisco Intl,37.6213,-122.379
2542,433,DFW,JFK,Dallas/Fort Worth Intl,32.8998,-97.0403,John F. Kennedy Intl,40.6413,-73.7781
2543,3989,CLT,SEA,Charlotte Douglas Intl,35.214,-80.9431,Seattle-Tacoma Intl,47.4502,-122.3088
2544,869,SEA,DFW,Seattle-Tacoma Intl,47.4502,-122.3088,Dallas/Fort Worth Intl,32.8998,-97.0403
2545,3049,LAX,BOS,Los Angeles Intl,33.9416,-118.4085,Boston Logan Intl,42.3656,-71.0096
2546,1095,ATL,DEN,Hartsfield-Jackson Atlanta Intl,33.6407,-84.4277,Denver Intl,39.8561,-104.6737
2547,3195,ORD,DFW,Chicago O’Hare Intl,41.9742,-87.9073,Dallas/Fort Worth Intl,32.8998,-97.0403
2548,3975,MIA,CLT,Miami Intl,25.7959,-80.287,Charlotte Douglas Intl,35.214,-80.9431
2549,3590,DFW,ATL,Dallas/Fort Worth Intl,32.8998,-97.0403,Hartsfield-Jackson Atlanta Intl,33.6407,-84.4277
2550,3883,BOS,CLT,Boston Logan Intl,42.3656,-71.0096,Charlotte Douglas Intl,35.214,-80.9431
2551,2914,DEN,SEA,Denver Intl,39.8561,-104.6737,Seattle-Tacoma Intl,47.4502,-122.3088
2552,2729,LAX,ATL,Los Angeles Intl,33.9416,-118.4085,Hartsfield-Jackson Atlanta Intl,33.6407,-84.4277
2553,2986,DFW,DEN,Dallas/Fort Worth Intl,32.8998,-97.0403,Denver Intl,39.8561,-104.6737
2554,777,LAX,MSP,Los Angeles Intl,33.9416,-118.4085,Minneapolis–Saint Paul Intl,44.883,-93.21
2555,2417,MSP,JFK,Minneapolis–Saint Paul Intl,44.883,-93.21,John F. Kennedy Intl,40.6413,-73.7781
2556,2107,LAX,JFK,Los Angeles Intl,33.9416,-118.4085,John F. Kennedy Intl,40.6413,-73.7781
2557,3569,DFW,IAH,Dallas/Fort Worth Intl,32.8998,-97.0403,George Bush Intercontinental,29.9902,-95.3368
2558,3212,JFK,DEN,John F. Kennedy Intl,40.6413,-73.7781,Denver Intl,39.8561,-104.6737
2559,3649,SFO,ORD,San Francisco Intl,37.6213,-122.379,Chicago O’Hare Intl,41.9742,-87.9073
2560,3352,BOS,MSP,Boston Logan Intl,42.3656,-71.0096,Minneapolis–Saint Paul Intl,44.883,-93.21
2561,3296,ORD,DEN,Chicago O’Hare Intl,41.9742,-87.9073,Denver Intl,39.8561,-104.6737
2562,3298,ORD,CLT,Chicago O’Hare Intl,41.9742,-87.9073,Charlotte Douglas Intl,35.214,-80.9431
2563,2807,BOS,SEA,Boston Logan Intl,42.3656,-71.0096,Seattle-Tacoma Intl,47.4502,-122.3088
2564,2479,JFK,LAS,John F. Kennedy Intl,40.6413,-73.7781,Las Vegas McCarran Intl,36.084,-115.1537
2565,3285,IAH,LAX,George Bush Intercontinental,29.9902,-95.3368,Los Angeles Intl,33.9416,-118.4085
2566,1518,CLT,JFK,Charlotte Douglas Intl,35.214,-80.9431,John F. Kennedy Intl,40.6413,-73.7781
2567,389,ORD,MIA,Chicago O’Hare Intl,41.9742,-87.9073,Miami Intl,25.7959,-80.287
2568,3202,IAH,SEA,George Bush Intercontinental,29.9902,-95.3368,Seattle-Tacoma Intl,47.4502,-122.3088
2569,1214,LAX,LAS,Los Angeles Intl,33.9416,-118.4085,Las Vegas McCarran Intl,36.084,-115.1537
2570,3055,SEA,PHX,Seattle-Tacoma Intl,47.4502,-122.3088,Phoenix Sky Harbor Intl,33.4342,-112.0116
2571,3445,DEN,SEA,Denver Intl,39.8561,-104.6737,Seattle-Tacoma Intl,47.4502,-122.3088
2572,3454,MSP,SEA,Minneapolis–Saint Paul Intl,44.883,-93.21,Seattle-Tacoma Intl,47.4502,-122.3088
2573,1362,ATL,MSP,Hartsfield-Jackson Atlanta Intl,33.6407,-84.4277,Minneapolis–Saint Paul Intl,44.883,-93.21
2574,2240,ORD,IAH,Chicago O’Hare Intl,41.9742,-87.9073,George Bush Intercontinental,29.9902,-95.3368
2575,1593,BOS,SFO,Boston Logan Intl,42.3656,-71.0096,San Francisco Intl,37.6213,-122.379
2576,3244,SEA,DFW,Seattle-Tacoma Intl,47.4502,-122.3088,Dallas/Fort Worth Intl,32.8998,-97.0403
2577,2581,DFW,IAH,Dallas/Fort Worth Intl,32.8998,-97.0403,George Bush Intercontinental,29.9902,-95.3368
2578,467,LAS,JFK,Las Vegas McCarran Intl,36.084,-115.1537,John F. Kennedy Intl,40.6413,-73.7781
2579,1243,SFO,LAX,San Francisco Intl,37.6213,-122.379,Los Angeles Intl,33.9416,-118.4085
2580,2667,BOS,LAX,Boston Logan Intl,42.3656,-71.0096,Los Angeles Intl,33.9416,-118.4085
2581,3199,CLT,SEA,Charlotte Douglas Intl,35.214,-80.9431,Seattle-Tacoma Intl,47.4502,-122.3088
2582,3860,LAS,PHX,Las Vegas McCarran Intl,36.084,-115.1537,Phoenix Sky Harbor Intl,33.4342,-112.0116
2583,1252,LAS,ATL,Las Vegas McCarran Intl,36.084,-115.1537,Hartsfield-Jackson Atlanta Intl,33.6407,-84.4277
2584,344,LAX,JFK,Los Angeles Intl,33.9416,-118.4085,John F. Kennedy Intl,40.6413,-73.7781
2585,2389,SFO,IAH,San Francisco Intl,37.6213,-122.379,George Bush Intercontinental,29.9902,-95.3368
2586,3745,DEN,JFK,Denver Intl,39.8561,-104.6737,John F. Kennedy Intl,40.6413,-73.7781
2587,3103,DEN,PHX,Denver Intl,39.8561,-104.6737,Phoenix Sky Harbor Intl,33.4342,-112.0116
2588,1079,JFK,DFW,John F. Kennedy Intl,40.6413,-73.7781,Dallas/Fort Worth Intl,32.8998,-97.0403
2589,2924,IAH,CLT,George Bush Intercontinental,29.9902,-95.3368,Charlotte Douglas Intl,35.214,-80.9431
2590,2965,MIA,PHX,Miami Intl,25.7959,-80.287,Phoenix Sky Harbor Intl,33.4342,-112.0116
2591,3205,LAS,IAH,Las Vegas McCarran Intl,36.084,-115.1537,George Bush Intercontinental,29.9902,-95.3368
2592,2355,JFK,MSP,John F. Kennedy Intl,40.6413,-73.7781,Minneapolis–Saint Paul Intl,44.883,-93.21
2593,3748,CLT,PHX,Charlotte Douglas Intl,35.214,-80.9431,Phoenix Sky Harbor Intl,33.4342,-112.0116
2594,2878,IAH,SFO,George Bush Intercontinental,29.9902,-95.3368,San Francisco Intl,37.6213,-122.379
2595,1265,MSP,BOS,Minneapolis–Saint Paul Intl,44.883,-93.21,Boston Logan Intl,42.3656,-71.0096
2596,1777,LAS,ORD,Las Vegas McCarran Intl,36.084,-115.1537,Chicago O’Hare Intl,41.9742,-87.9073
2597,1193,SEA,IAH,Seattle-Tacoma Intl,47.4502,-122.3088,George Bush Intercontinental,29.9902,-95.3368
2598,710,SFO,PHX,San Francisco Intl,37.6213,-122.379,Phoenix Sky Harbor Intl,33.4342,-112.0116
2599,3463,MIA,ORD,Miami Intl,25.7959,-80.287,Chicago O’Hare Intl,41.9742,-87.9073
2600,2129,DFW,MSP,Dallas/Fort Worth Intl,32.8998,-97.0403,Minneapolis–Saint Paul Intl,44.883,-93.21
2601,3001,LAX,MSP,Los Angeles Intl,33.9416,-118.4085,Minneapolis–Saint Paul Intl,44.883,-93.21
2602,3147,SFO,IAH,San Francisco Intl,37.6213,-122.379,George Bush Intercontinental,29.9902,-95.3368
2603,1727,JFK,IAH,John F. Kennedy Intl,40.6413,-73.7781,George Bush Intercontinental,29.9902,-95.3368
2604,3620,ATL,MIA,Hartsfield-Jackson Atlanta Intl,33.6407,-84.4277,Miami Intl,25.7959,-80.287
2605,3307,PHX,ORD,Phoenix Sky Harbor Intl,33.4342,-112.0116,Chicago O’Hare Intl,41.9742,-87.9073
2606,3167,MIA,DFW,Miami Intl,25.7959,-80.287,Dallas/Fort Worth Intl,32.8998,-97.0403
2607,2559,MIA,PHX,Miami Intl,25.7959,-80.287,Phoenix Sky Harbor Intl,33.4342,-112.0116
2608,1873,CLT,PHX,Charlotte Douglas Intl,35.214,-80.9431,Phoenix Sky Harbor Intl,33.4342,-112.0116
2609,2625,LAX,DEN,Los Angeles Intl,33.9416,-118.4085,Denver Intl,39.8561,-104.6737
2610,1976,ORD,CLT,Chicago O’Hare Intl,41.9742,-87.9073,Charlotte Douglas Intl,35.214,-80.9431
2611,2783,DEN,JFK,Denver Intl,39.8561,-104.6737,John F. Kennedy Intl,40.6413,-73.7781
2612,3903,DEN,PHX,Denver Intl,39.8561,-104.6737,Phoenix Sky Harbor Intl,33.4342,-112.0116
2613,3700,MSP,LAS,Minneapolis–Saint Paul Intl,44.883,-93.21,Las Vegas McCarran Intl,36.084,-115.1537
2614,2190,ATL,MSP,Hartsfield-Jackson Atlanta Intl,33.6407,-84.4277,Minneapolis–Saint Paul Intl,44.883,-93.21
2615,1352,SEA,CLT,Seattle-Tacoma Intl,47.4502,-122.3088,Charlotte Douglas Intl,35.214,-80.9431
2616,1898,CLT,DEN,Charlotte Douglas Intl,35.214,-80.9431,Denver Intl,39.8561,-104.6737
2617,3383,SEA,ORD,Seattle-Tacoma Intl,47.4502,-122.3088,Chicago O’Hare Intl,41.9742,-87.9073
2618,2675,DFW,JFK,Dallas/Fort Worth Intl,32.8998,-97.0403,John F. Kennedy Intl,40.6413,-73.7781
2619,2053,IAH,JFK,George Bush Intercontinental,29.9902,-95.3368,John F. Kennedy Intl,40.6413,-73.7781
2620,3266,SFO,MSP,San Francisco Intl,37.6213,-122.379,Minneapolis–Saint Paul Intl,44.883,-93.21
2621,3407,MSP,LAS,Minneapolis–Saint Paul Intl,44.883,-93.21,Las Vegas McCarran Intl,36.084,-115.1537
2622,2428,MSP,SEA,Minneapolis–Saint Paul Intl,44.883,-93.21,Seattle-Tacoma Intl,47.4502,-122.3088
2623,1537,PHX,LAX,Phoenix Sky Harbor Intl,33.4342,-112.0116,Los Angeles Intl,33.9416,-118.4085
2624,3166,BOS,ATL,Boston Logan Intl,42.3656,-71.0096,Hartsfield-Jackson Atlanta Intl,33.6407,-84.4277
2625,2695,ORD,DFW,Chicago O’Hare Intl,41.9742,-87.9073,Dallas/Fort Worth Intl,32.8998,-97.0403
2626,3223,JFK,SFO,John F. Kennedy Intl,40.6413,-73.7781,San Francisco Intl,37.6213,-122.379
2627,1699,LAS,MSP,Las Vegas McCarran Intl,36.084,-115.1537,Minneapolis–Saint Paul Intl,44.883,-93.21
2628,2529,BOS,PHX,Boston Logan Intl,42.3656,-71.0096,Phoenix Sky Harbor Intl,33.4342,-112.0116
2629,3791,IAH,BOS,George Bush Intercontinental,29.9902,-95.3368,Boston Logan Intl,42.3656,-71.0096
2630,3780,BOS,ORD,Boston Logan Intl,42.3656,-71.0096,Chicago O’Hare Intl,41.9742,-87.9073
2631,2523,CLT,ORD,Charlotte Douglas Intl,35.214,-80.9431,Chicago O’Hare Intl,41.9742,-87.9073
2632,2427,LAS,DEN,Las Vegas McCarran Intl,36.084,-115.1537,Denver Intl,39.8561,-104.6737
2633,3411,MIA,DEN,Miami Intl,25.7959,-80.287,Denver Intl,39.8561,-104.6737
2634,3880,ATL,IAH,Hartsfield-Jackson Atlanta Intl,33.6407,-84.4277,George Bush Intercontinental,29.9902,-95.3368
2635,2618,DEN,BOS,Denver Intl,39.8561,-104.6737,Boston Logan Intl,42.3656,-71.0096
2636,3949,DFW,ORD,Dallas/Fort Worth Intl,32.8998,-97.0403,Chicago O’Hare Intl,41.9742,-87.9073
2637,2098,SEA,MIA,Seattle-Tacoma Intl,47.4502,-122.3088,Miami Intl,25.7959,-80.287
2638,2787,PHX,DFW,Phoenix Sky Harbor Intl,33.4342,-112.0116,Dallas/Fort Worth Intl,32.8998,-97.0403
2639,1578,CLT,IAH,Charlotte Douglas Intl,35.214,-80.9431,George Bush Intercontinental,29.9902,-95.3368
2640,3259,ATL,IAH,Hartsfield-Jackson Atlanta Intl,33.6407,-84.4277,George Bush Intercontinental,29.9902,-95.3368
2641,1512,MIA,MSP,Miami Intl,25.7959,-80.287,Minneapolis–Saint Paul Intl,44.883,-93.21
2642,3113,JFK,ORD,John F. Kennedy Intl,40.6413,-73.7781,Chicago O’Hare Intl,41.9742,-87.9073
2643,1888,DFW,PHX,Dallas/Fort Worth Intl,32.8998,-97.0403,Phoenix Sky Harbor Intl,33.4342,-112.0116
2644,3899,CLT,LAX,Charlotte Douglas Intl,35.214,-80.9431,Los Angeles Intl,33.9416,-118.4085
2645,3044,MIA,BOS,Miami Intl,25.7959,-80.287,Boston Logan Intl,42.3656,-71.0096
2646,2642,PHX,IAH,Phoenix Sky Harbor Intl,33.4342,-112.0116,George Bush Intercontinental,29.9902,-95.3368
2647,2050,DEN,PHX,Denver Intl,39.8561,-104.6737,Phoenix Sky Harbor Intl,33.4342,-112.0116
2648,1876,MSP,MIA,Minneapolis–Saint Paul Intl,44.883,-93.21,Miami Intl,25.7959,-80.287
2649,3875,DEN,DFW,Denver Intl,39.8561,-104.6737,Dallas/Fort Worth Intl,32.8998,-97.0403
2650,2459,CLT,ORD,Charlotte Douglas Intl,35.214,-80.9431,Chicago O’Hare Intl,41.9742,-87.9073
2651,3685,DEN,SFO,Denver Intl,39.8561,-104.6737,San Francisco Intl,37.6213,-122.379
2652,2928,ATL,SEA,Hartsfield-Jackson Atlanta Intl,33.6407,-84.4277,Seattle-Tacoma Intl,47.4502,-122.3088
2653,2241,ATL,PHX,Hartsfield-Jackson Atlanta Intl,33.6407,-84.4277,Phoenix Sky Harbor Intl,33.4342,-112.0116
2654,2741,SEA,LAS,Seattle-Tacoma Intl,47.4502,-122.3088,Las Vegas McCarran Intl,36.084,-115.1537
2655,3254,CLT,LAX,Charlotte Douglas Intl,35.214,-80.9431,Los Angeles Intl,33.9416,-118.4085
2656,3497,SEA,SFO,Seattle-Tacoma Intl,47.4502,-122.3088,San Francisco Intl,37.6213,-122.379
2657,3718,CLT,MSP,Charlotte Douglas Intl,35.214,-80.9431,Minneapolis–Saint Paul Intl,44.883,-93.21
2658,2902,MSP,DEN,Minneapolis–Saint Paul Intl,44.883,-93.21,Denver Intl,39.8561,-104.6737
2659,1778,MSP,PHX,Minneapolis–Saint Paul Intl,44.883,-93.21,Phoenix Sky Harbor Intl,33.4342,-112.0116
2660,2769,JFK,PHX,John F. Kennedy Intl,40.6413,-73.7781,Phoenix Sky Harbor Intl,33.4342,-112.0116
2661,2531,CLT,DEN,Charlotte Douglas Intl,35.214,-80.9431,Denver Intl,39.8561,-104.6737
2662,3118,PHX,ORD,Phoenix Sky Harbor Intl,33.4342,-112.0116,Chicago O’Hare Intl,41.9742,-87.9073
2663,2817,IAH,DEN,George Bush Intercontinental,29.9902,-95.3368,Denver Intl,39.8561,-104.6737
2664,3213,DFW,CLT,Dallas/Fort Worth Intl,32.8998,-97.0403,Charlotte Douglas Intl,35.214,-80.9431
2665,2439,LAX,ATL,Los Angeles Intl,33.9416,-118.4085,Hartsfield-Jackson Atlanta Intl,33.6407,-84.4277
2666,2196,LAS,DFW,Las Vegas McCarran Intl,36.084,-115.1537,Dallas/Fort Worth Intl,32.8998,-97.0403
2667,3836,LAX,JFK,Los Angeles Intl,33.9416,-118.4085,John F. Kennedy Intl,40.6413,-73.7781
2668,1505,MIA,ATL,Miami Intl,25.7959,-80.287,Hartsfield-Jackson Atlanta Intl,33.6407,-84.4277
2669,2292,MSP,BOS,Minneapolis–Saint Paul Intl,44.883,-93.21,Boston Logan Intl,42.3656,-71.0096
2670,3142,DEN,DFW,Denver Intl,39.8561,-104.6737,Dallas/Fort Worth Intl,32.8998,-97.0403
2671,2229,DFW,JFK,Dallas/Fort Worth Intl,32.8998,-97.0403,John F. Kennedy Intl,40.6413,-73.7781
2672,3360,BOS,MIA,Boston Logan Intl,42.3656,-71.0096,Miami Intl,25.7959,-80.287
2673,2244,IAH,LAS,George Bush Intercontinental,29.9902,-95.3368,Las Vegas McCarran Intl,36.084,-115.1537
2674,2649,ATL,PHX,Hartsfield-Jackson Atlanta Intl,33.6407,-84.4277,Phoenix Sky Harbor Intl,33.4342,-112.0116
2675,2932,SFO,PHX,San Francisco Intl,37.6213,-122.379,Phoenix Sky Harbor Intl,33.4342,-112.0116
2676,2727,ORD,IAH,Chicago O’Hare Intl,41.9742,-87.9073,George Bush Intercontinental,29.9902,-95.3368
2677,3429,JFK,LAX,John F. Kennedy Intl,40.6413,-73.7781,Los Angeles Intl,33.9416,-118.4085
2678,2112,DEN,PHX,Denver Intl,39.8561,-104.6737,Phoenix Sky Harbor Intl,33.4342,-112.0116
2679,3386,DEN,SFO,Denver Intl,39.8561,-104.6737,San Francisco Intl,37.6213,-122.379
2680,3930,PHX,JFK,Phoenix Sky Harbor Intl,33.4342,-112.0116,John F. Kennedy Intl,40.6413,-73.7781
2681,2636,DEN,LAX,Denver Intl,39.8561,-104.6737,Los Angeles Intl,33.9416,-118.4085
2682,2794,ATL,SEA,Hartsfield-Jackson Atlanta Intl,33.6407,-84.4277,Seattle-Tacoma Intl,47.4502,-122.3088
2683,3268,ATL,SFO,Hartsfield-Jackson Atlanta Intl,33.6407,-84.4277,San Francisco Intl,37.6213,-122.379
2684,3228,ORD,PHX,Chicago O’Hare Intl,41.9742,-87.9073,Phoenix Sky Harbor Intl,33.4342,-112.0116
2685,2534,LAS,DEN,Las Vegas McCarran Intl,36.084,-115.1537,Denver Intl,39.8561,-104.6737
2686,3757,CLT,DEN,Charlotte Douglas Intl,35.214,-80.9431,Denver Intl,39.8561,-104.6737
2687,2460,BOS,DEN,Boston Logan Intl,42.3656,-71.0096,Denver Intl,39.8561,-104.6737
2688,3120,DFW,SFO,Dallas/Fort Worth Intl,32.8998,-97.0403,San Francisco Intl,37.6213,-122.379
2689,3719,DEN,MIA,Denver Intl,39.8561,-104.6737,Miami Intl,25.7959,-80.287
2690,2690,LAX,PHX,Los Angeles Intl,33.9416,-118.4085,Phoenix Sky Harbor Intl,33.4342,-112.0116
2691,2344,SEA,MSP,Seattle-Tacoma Intl,47.4502,-122.3088,Minneapolis–Saint Paul Intl,44.883,-93.21
2692,2849,PHX,MIA,Phoenix Sky Harbor Intl,33.4342,-112.0116,Miami Intl,25.7959,-80.287
2693,1588,PHX,MIA,Phoenix Sky Harbor Intl,33.4342,-112.0116,Miami Intl,25.7959,-80.287
2694,3252,LAS,JFK,Las Vegas McCarran Intl,36.084,-115.1537,John F. Kennedy Intl,40.6413,-73.7781
2695,2641,LAX,BOS,Los Angeles Intl,33.9416,-118.4085,Boston Logan Intl,42.3656,-71.0096
2696,3560,MIA,JFK,Miami Intl,25.7959,-80.287,John F. Kennedy Intl,40.6413,-73.7781
2697,1758,LAX,ORD,Los Angeles Intl,33.9416,-118.4085,Chicago O’Hare Intl,41.9742,-87.9073
2698,3302,IAH,ATL,George Bush Intercontinental,29.9902,-95.3368,Hartsfield-Jackson Atlanta Intl,33.6407,-84.4277
2699,3393,MIA,SFO,Miami Intl,25.7959,-80.287,San Francisco Intl,37.6213,-122.379
2700,3229,SFO,DFW,San Francisco Intl,37.6213,-122.379,Dallas/Fort Worth Intl,32.8998,-97.0403
2701,3917,MSP,ATL,Minneapolis–Saint Paul Intl,44.883,-93.21,Hartsfield-Jackson Atlanta Intl,33.6407,-84.4277
2702,1176,SEA,MSP,Seattle-Tacoma Intl,47.4502,-122.3088,Minneapolis–Saint Paul Intl,44.883,-93.21
2703,3525,MSP,SEA,Minneapolis–Saint Paul Intl,44.883,-93.21,Seattle-Tacoma Intl,47.4502,-122.3088
2704,3835,PHX,CLT,Phoenix Sky Harbor Intl,33.4342,-112.0116,Charlotte Douglas Intl,35.214,-80.9431
2705,2765,LAX,JFK,Los Angeles Intl,33.9416,-118.4085,John F. Kennedy Intl,40.6413,-73.7781
2706,131,SFO,JFK,San Francisco Intl,37.6213,-122.379,John F. Kennedy Intl,40.6413,-73.7781
2707,1702,CLT,LAX,Charlotte Douglas Intl,35.214,-80.9431,Los Angeles Intl,33.9416,-118.4085
2708,3733,JFK,MSP,John F. Kennedy Intl,40.6413,-73.7781,Minneapolis–Saint Paul Intl,44.883,-93.21
2709,1507,DFW,ATL,Dallas/Fort Worth Intl,32.8998,-97.0403,Hartsfield-Jackson Atlanta Intl,33.6407,-84.4277
2710,2561,SFO,IAH,San Francisco Intl,37.6213,-122.379,George Bush Intercontinental,29.9902,-95.3368
2711,2941,LAS,ORD,Las Vegas McCarran Intl,36.084,-115.1537,Chicago O’Hare Intl,41.9742,-87.9073
2712,3214,IAH,LAS,George Bush Intercontinental,29.9902,-95.3368,Las Vegas McCarran Intl,36.084,-115.1537
2713,2833,DFW,LAX,Dallas/Fort Worth Intl,32.8998,-97.0403,Los Angeles Intl,33.9416,-118.4085
2714,3821,LAX,DFW,Los Angeles Intl,33.9416,-118.4085,Dallas/Fort Worth Intl,32.8998,-97.0403
2715,1472,BOS,LAX,Boston Logan Intl,42.3656,-71.0096,Los Angeles Intl,33.9416,-118.4085
2716,3789,CLT,ATL,Charlotte Douglas Intl,35.214,-80.9431,Hartsfield-Jackson Atlanta Intl,33.6407,-84.4277
2717,3471,SFO,ATL,San Francisco Intl,37.6213,-122.379,Hartsfield-Jackson Atlanta Intl,33.6407,-84.4277
2718,2363,SEA,PHX,Seattle-Tacoma Intl,47.4502,-122.3088,Phoenix Sky Harbor Intl,33.4342,-112.0116
2719,3648,LAX,PHX,Los Angeles Intl,33.9416,-118.4085,Phoenix Sky Harbor Intl,33.4342,-112.0116
2720,3507,DEN,MSP,Denver Intl,39.8561,-104.6737,Minneapolis–Saint Paul Intl,44.883,-93.21
2721,3426,ATL,CLT,Hartsfield-Jackson Atlanta Intl,33.6407,-84.4277,Charlotte Douglas Intl,35.214,-80.9431
2722,2313,SFO,SEA,San Francisco Intl,37.6213,-122.379,Seattle-Tacoma Intl,47.4502,-122.3088
2723,2998,SEA,JFK,Seattle-Tacoma Intl,47.4502,-122.3088,John F. Kennedy Intl,40.6413,-73.7781
2724,3797,IAH,DFW,George Bush Intercontinental,29.9902,-95.3368,Dallas/Fort Worth Intl,32.8998,-97.0403
2725,1591,JFK,LAS,John F. Kennedy Intl,40.6413,-73.7781,Las Vegas McCarran Intl,36.084,-115.1537
2726,1526,DEN,JFK,Denver Intl,39.8561,-104.6737,John F. Kennedy Intl,40.6413,-73.7781
2727,3684,MSP,ORD,Minneapolis–Saint Paul Intl,44.883,-93.21,Chicago O’Hare Intl,41.9742,-87.9073
2728,2212,JFK,CLT,John F. Kennedy Intl,40.6413,-73.7781,Charlotte Douglas Intl,35.214,-80.9431
2729,3793,MSP,SEA,Minneapolis–Saint Paul Intl,44.883,-93.21,Seattle-Tacoma Intl,47.4502,-122.3088
2730,2509,LAX,BOS,Los Angeles Intl,33.9416,-118.4085,Boston Logan Intl,42.3656,-71.0096
2731,2364,ATL,LAS,Hartsfield-Jackson Atlanta Intl,33.6407,-84.4277,Las Vegas McCarran Intl,36.084,-115.1537
2732,1912,SFO,IAH,San Francisco Intl,37.6213,-122.379,George Bush Intercontinental,29.9902,-95.3368
2733,1945,SFO,IAH,San Francisco Intl,37.6213,-122.379,George Bush Intercontinental,29.9902,-95.3368
2734,2963,BOS,LAX,Boston Logan Intl,42.3656,-71.0096,Los Angeles Intl,33.9416,-118.4085
2735,225,PHX,DEN,Phoenix Sky Harbor Intl,33.4342,-112.0116,Denver Intl,39.8561,-104.6737
2736,3711,BOS,ATL,Boston Logan Intl,42.3656,-71.0096,Hartsfield-Jackson Atlanta Intl,33.6407,-84.4277
2737,3184,LAS,JFK,Las Vegas McCarran Intl,36.084,-115.1537,John F. Kennedy Intl,40.6413,-73.7781
2738,3862,LAX,IAH,Los Angeles Intl,33.9416,-118.4085,George Bush Intercontinental,29.9902,-95.3368
2739,799,LAX,DFW,Los Angeles Intl,33.9416,-118.4085,Dallas/Fort Worth Intl,32.8998,-97.0403
2740,426,ATL,JFK,Hartsfield-Jackson Atlanta Intl,33.6407,-84.4277,John F. Kennedy Intl,40.6413,-73.7781
2741,2206,BOS,ORD,Boston Logan Intl,42.3656,-71.0096,Chicago O’Hare Intl,41.9742,-87.9073
2742,1985,SEA,PHX,Seattle-Tacoma Intl,47.4502,-122.3088,Phoenix Sky Harbor Intl,33.4342,-112.0116
2743,3726,MSP,SEA,Minneapolis–Saint Paul Intl,44.883,-93.21,Seattle-Tacoma Intl,47.4502,-122.3088
2744,2249,SEA,CLT,Seattle-Tacoma Intl,47.4502,-122.3088,Charlotte Douglas Intl,35.214,-80.9431
2745,573,ATL,SEA,Hartsfield-Jackson Atlanta Intl,33.6407,-84.4277,Seattle-Tacoma Intl,47.4502,-122.3088
2746,3141,CLT,PHX,Charlotte Douglas Intl,35.214,-80.9431,Phoenix Sky Harbor Intl,33.4342,-112.0116
2747,2933,PHX,JFK,Phoenix Sky Harbor Intl,33.4342,-112.0116,John F. Kennedy Intl,40.6413,-73.7781
2748,1882,SEA,DFW,Seattle-Tacoma Intl,47.4502,-122.3088,Dallas/Fort Worth Intl,32.8998,-97.0403
2749,3511,MIA,SEA,Miami Intl,25.7959,-80.287,Seattle-Tacoma Intl,47.4502,-122.3088
2750,1993,LAS,IAH,Las Vegas McCarran Intl,36.084,-115.1537,George Bush Intercontinental,29.9902,-95.3368
2751,3378,DFW,SEA,Dallas/Fort Worth Intl,32.8998,-97.0403,Seattle-Tacoma Intl,47.4502,-122.3088
2752,3021,ATL,BOS,Hartsfield-Jackson Atlanta Intl,33.6407,-84.4277,Boston Logan Intl,42.3656,-71.0096
2753,3751,ATL,LAS,Hartsfield-Jackson Atlanta Intl,33.6407,-84.4277,Las Vegas McCarran Intl,36.084,-115.1537
2754,3823,ORD,ATL,Chicago O’Hare Intl,41.9742,-87.9073,Hartsfield-Jackson Atlanta Intl,33.6407,-84.4277
2755,2877,MSP,DFW,Minneapolis–Saint Paul Intl,44.883,-93.21,Dallas/Fort Worth Intl,32.8998,-97.0403
2756,1483,LAS,DFW,Las Vegas McCarran Intl,36.084,-115.1537,Dallas/Fort Worth Intl,32.8998,-97.0403
2757,3076,DEN,SFO,Denver Intl,39.8561,-104.6737,San Francisco Intl,37.6213,-122.379
2758,2336,DEN,LAS,Denver Intl,39.8561,-104.6737,Las Vegas McCarran Intl,36.084,-115.1537
2759,807,MIA,LAS,Miami Intl,25.7959,-80.287,Las Vegas McCarran Intl,36.084,-115.1537
2760,2217,BOS,PHX,Boston Logan Intl,42.3656,-71.0096,Phoenix Sky Harbor Intl,33.4342,-112.0116
2761,520,LAS,SFO,Las Vegas McCarran Intl,36.084,-115.1537,San Francisco Intl,37.6213,-122.379
2762,2812,CLT,IAH,Charlotte Douglas Intl,35.214,-80.9431,George Bush Intercontinental,29.9902,-95.3368
2763,2781,LAX,PHX,Los Angeles Intl,33.9416,-118.4085,Phoenix Sky Harbor Intl,33.4342,-112.0116
2764,1128,LAX,MSP,Los Angeles Intl,33.9416,-118.4085,Minneapolis–Saint Paul Intl,44.883,-93.21
2765,3641,JFK,SEA,John F. Kennedy Intl,40.6413,-73.7781,Seattle-Tacoma Intl,47.4502,-122.3088
2766,1179,MSP,PHX,Minneapolis–Saint Paul Intl,44.883,-93.21,Phoenix Sky Harbor Intl,33.4342,-112.0116
2767,1925,MIA,DEN,Miami Intl,25.7959,-80.287,Denver Intl,39.8561,-104.6737
2768,3143,ATL,SFO,Hartsfield-Jackson Atlanta Intl,33.6407,-84.4277,San Francisco Intl,37.6213,-122.379
2769,2707,MIA,SEA,Miami Intl,25.7959,-80.287,Seattle-Tacoma Intl,47.4502,-122.3088
2770,2411,MIA,MSP,Miami Intl,25.7959,-80.287,Minneapolis–Saint Paul Intl,44.883,-93.21
2771,2752,IAH,MIA,George Bush Intercontinental,29.9902,-95.3368,Miami Intl,25.7959,-80.287
2772,3956,MIA,ORD,Miami Intl,25.7959,-80.287,Chicago O’Hare Intl,41.9742,-87.9073
2773,2645,DEN,ORD,Denver Intl,39.8561,-104.6737,Chicago O’Hare Intl,41.9742,-87.9073
2774,3353,IAH,DFW,George Bush Intercontinental,29.9902,-95.3368,Dallas/Fort Worth Intl,32.8998,-97.0403
2775,3431,MSP,DEN,Minneapolis–Saint Paul Intl,44.883,-93.21,Denver Intl,39.8561,-104.6737
2776,3775,MIA,BOS,Miami Intl,25.7959,-80.287,Boston Logan Intl,42.3656,-71.0096
2777,2022,PHX,ATL,Phoenix Sky Harbor Intl,33.4342,-112.0116,Hartsfield-Jackson Atlanta Intl,33.6407,-84.4277
2778,3977,DFW,MSP,Dallas/Fort Worth Intl,32.8998,-97.0403,Minneapolis–Saint Paul Intl,44.883,-93.21
2779,1695,LAX,MSP,Los Angeles Intl,33.9416,-118.4085,Minneapolis–Saint Paul Intl,44.883,-93.21
2780,3891,IAH,SFO,George Bush Intercontinental,29.9902,-95.3368,San Francisco Intl,37.6213,-122.379
2781,117,JFK,MIA,John F. Kennedy Intl,40.6413,-73.7781,Miami Intl,25.7959,-80.287
2782,614,LAS,SEA,Las Vegas McCarran Intl,36.084,-115.1537,Seattle-Tacoma Intl,47.4502,-122.3088
2783,3442,DFW,MSP,Dallas/Fort Worth Intl,32.8998,-97.0403,Minneapolis–Saint Paul Intl,44.883,-93.21
2784,1684,JFK,MSP,John F. Kennedy Intl,40.6413,-73.7781,Minneapolis–Saint Paul Intl,44.883,-93.21
2785,3230,ORD,DEN,Chicago O’Hare Intl,41.9742,-87.9073,Denver Intl,39.8561,-104.6737
2786,2563,JFK,LAS,John F. Kennedy Intl,40.6413,-73.7781,Las Vegas McCarran Intl,36.084,-115.1537
2787,1992,LAX,LAS,Los Angeles Intl,33.9416,-118.4085,Las Vegas McCarran Intl,36.084,-115.1537
2788,2083,LAX,DFW,Los Angeles Intl,33.9416,-118.4085,Dallas/Fort Worth Intl,32.8998,-97.0403
2789,3817,IAH,CLT,George Bush Intercontinental,29.9902,-95.3368,Charlotte Douglas Intl,35.214,-80.9431
2790,3056,MIA,SFO,Miami Intl,25.7959,-80.287,San Francisco Intl,37.6213,-122.379
2791,2633,SFO,DEN,San Francisco Intl,37.6213,-122.379,Denver Intl,39.8561,-104.6737
2792,898,ORD,SFO,Chicago O’Hare Intl,41.9742,-87.9073,San Francisco Intl,37.6213,-122.379
2793,2505,IAH,CLT,George Bush Intercontinental,29.9902,-95.3368,Charlotte Douglas Intl,35.214,-80.9431
2794,2973,PHX,ATL,Phoenix Sky Harbor Intl,33.4342,-112.0116,Hartsfield-Jackson Atlanta Intl,33.6407,-84.4277
2795,2393,ATL,MSP,Hartsfield-Jackson Atlanta Intl,33.6407,-84.4277,Minneapolis–Saint Paul Intl,44.883,-93.21
2796,3500,SEA,BOS,Seattle-Tacoma Intl,47.4502,-122.3088,Boston Logan Intl,42.3656,-71.0096
2797,3301,LAS,JFK,Las Vegas McCarran Intl,36.084,-115.1537,John F. Kennedy Intl,40.6413,-73.7781
2798,3127,JFK,IAH,John F. Kennedy Intl,40.6413,-73.7781,George Bush Intercontinental,29.9902,-95.3368
2799,976,SFO,ORD,San Francisco Intl,37.6213,-122.379,Chicago O’Hare Intl,41.9742,-87.9073
2800,2234,MIA,LAS,Miami Intl,25.7959,-80.287,Las Vegas McCarran Intl,36.084,-115.1537
2801,2000,DEN,PHX,Denver Intl,39.8561,-104.6737,Phoenix Sky Harbor Intl,33.4342,-112.0116
2802,3483,MSP,LAX,Minneapolis–Saint Paul Intl,44.883,-93.21,Los Angeles Intl,33.9416,-118.4085
2803,2652,ATL,LAX,Hartsfield-Jackson Atlanta Intl,33.6407,-84.4277,Los Angeles Intl,33.9416,-118.4085
2804,3058,CLT,SFO,Charlotte Douglas Intl,35.214,-80.9431,San Francisco Intl,37.6213,-122.379
2805,778,BOS,CLT,Boston Logan Intl,42.3656,-71.0096,Charlotte Douglas Intl,35.214,-80.9431
2806,3115,SFO,BOS,San Francisco Intl,37.6213,-122.379,Boston Logan Intl,42.3656,-71.0096
2807,1742,MSP,LAX,Minneapolis–Saint Paul Intl,44.883,-93.21,Los Angeles Intl,33.9416,-118.4085
2808,3319,DEN,PHX,Denver Intl,39.8561,-104.6737,Phoenix Sky Harbor Intl,33.4342,-112.0116
2809,3015,ORD,DFW,Chicago O’Hare Intl,41.9742,-87.9073,Dallas/Fort Worth Intl,32.8998,-97.0403
2810,2948,CLT,LAX,Charlotte Douglas Intl,35.214,-80.9431,Los Angeles Intl,33.9416,-118.4085
2811,637,IAH,JFK,George Bush Intercontinental,29.9902,-95.3368,John F. Kennedy Intl,40.6413,-73.7781
2812,1636,MIA,SEA,Miami Intl,25.7959,-80.287,Seattle-Tacoma Intl,47.4502,-122.3088
2813,2705,ATL,BOS,Hartsfield-Jackson Atlanta Intl,33.6407,-84.4277,Boston Logan Intl,42.3656,-71.0096
2814,1768,ATL,DFW,Hartsfield-Jackson Atlanta Intl,33.6407,-84.4277,Dallas/Fort Worth Intl,32.8998,-97.0403
2815,2909,ATL,MSP,Hartsfield-Jackson Atlanta Intl,33.6407,-84.4277,Minneapolis–Saint Paul Intl,44.883,-93.21
2816,2304,ORD,DEN,Chicago O’Hare Intl,41.9742,-87.9073,Denver Intl,39.8561,-104.6737
2817,2851,CLT,DFW,Charlotte Douglas Intl,35.214,-80.9431,Dallas/Fort Worth Intl,32.8998,-97.0403
2818,3279,JFK,ORD,John F. Kennedy Intl,40.6413,-73.7781,Chicago O’Hare Intl,41.9742,-87.9073
2819,2907,BOS,DEN,Boston Logan Intl,42.3656,-71.0096,Denver Intl,39.8561,-104.6737
2820,1083,PHX,LAS,Phoenix Sky Harbor Intl,33.4342,-112.0116,Las Vegas McCarran Intl,36.084,-115.1537
2821,3670,ORD,MIA,Chicago O’Hare Intl,41.9742,-87.9073,Miami Intl,25.7959,-80.287
2822,2856,SEA,MSP,Seattle-Tacoma Intl,47.4502,-122.3088,Minneapolis–Saint Paul Intl,44.883,-93.21
2823,3030,LAS,SEA,Las Vegas McCarran Intl,36.084,-115.1537,Seattle-Tacoma Intl,47.4502,-122.3088
2824,2691,LAS,SEA,Las Vegas McCarran Intl,36.084,-115.1537,Seattle-Tacoma Intl,47.4502,-122.3088
2825,1327,BOS,CLT,Boston Logan Intl,42.3656,-71.0096,Charlotte Douglas Intl,35.214,-80.9431
2826,3544,LAX,SEA,Los Angeles Intl,33.9416,-118.4085,Seattle-Tacoma Intl,47.4502,-122.3088
2827,2901,LAS,SFO,Las Vegas McCarran Intl,36.084,-115.1537,San Francisco Intl,37.6213,-122.379
2828,1025,MIA,SEA,Miami Intl,25.7959,-80.287,Seattle-Tacoma Intl,47.4502,-122.3088
2829,2756,ORD,PHX,Chicago O’Hare Intl,41.9742,-87.9073,Phoenix Sky Harbor Intl,33.4342,-112.0116
2830,2001,DEN,LAS,Denver Intl,39.8561,-104.6737,Las Vegas McCarran Intl,36.084,-115.1537
2831,2410,BOS,SEA,Boston Logan Intl,42.3656,-71.0096,Seattle-Tacoma Intl,47.4502,-122.3088
2832,3255,SEA,IAH,Seattle-Tacoma Intl,47.4502,-122.3088,George Bush Intercontinental,29.9902,-95.3368
2833,3668,LAX,LAS,Los Angeles Intl,33.9416,-118.4085,Las Vegas McCarran Intl,36.084,-115.1537
2834,564,JFK,SEA,John F. Kennedy Intl,40.6413,-73.7781,Seattle-Tacoma Intl,47.4502,-122.3088
2835,851,CLT,SFO,Charlotte Douglas Intl,35.214,-80.9431,San Francisco Intl,37.6213,-122.379
2836,182,DEN,BOS,Denver Intl,39.8561,-104.6737,Boston Logan Intl,42.3656,-71.0096
2837,3699,IAH,SFO,George Bush Intercontinental,29.9902,-95.3368,San Francisco Intl,37.6213,-122.379
2838,750,BOS,CLT,Boston Logan Intl,42.3656,-71.0096,Charlotte Douglas Intl,35.214,-80.9431
2839,3067,MIA,ATL,Miami Intl,25.7959,-80.287,Hartsfield-Jackson Atlanta Intl,33.6407,-84.4277
2840,2477,CLT,DFW,Charlotte Douglas Intl,35.214,-80.9431,Dallas/Fort Worth Intl,32.8998,-97.0403
2841,1957,DEN,IAH,Denver Intl,39.8561,-104.6737,George Bush Intercontinental,29.9902,-95.3368
2842,3403,LAX,IAH,Los Angeles Intl,33.9416,-118.4085,George Bush Intercontinental,29.9902,-95.3368
2843,1850,DEN,DFW,Denver Intl,39.8561,-104.6737,Dallas/Fort Worth Intl,32.8998,-97.0403
2844,963,MSP,DEN,Minneapolis–Saint Paul Intl,44.883,-93.21,Denver Intl,39.8561,-104.6737
2845,3206,CLT,BOS,Charlotte Douglas Intl,35.214,-80.9431,Boston Logan Intl,42.3656,-71.0096
2846,2142,DFW,JFK,Dallas/Fort Worth Intl,32.8998,-97.0403,John F. Kennedy Intl,40.6413,-73.7781
2847,2952,MSP,DFW,Minneapolis–Saint Paul Intl,44.883,-93.21,Dallas/Fort Worth Intl,32.8998,-97.0403
2848,2959,PHX,MSP,Phoenix Sky Harbor Intl,33.4342,-112.0116,Minneapolis–Saint Paul Intl,44.883,-93.21
2849,3799,SFO,LAX,San Francisco Intl,37.6213,-122.379,Los Angeles Intl,33.9416,-118.4085
2850,3941,JFK,MIA,John F. Kennedy Intl,40.6413,-73.7781,Miami Intl,25.7959,-80.287
2851,1838,LAS,MSP,Las Vegas McCarran Intl,36.084,-115.1537,Minneapolis–Saint Paul Intl,44.883,-93.21
2852,412,LAX,SEA,Los Angeles Intl,33.9416,-118.4085,Seattle-Tacoma Intl,47.4502,-122.3088
2853,1779,CLT,MSP,Charlotte Douglas Intl,35.214,-80.9431,Minneapolis–Saint Paul Intl,44.883,-93.21
2854,1998,PHX,SEA,Phoenix Sky Harbor Intl,33.4342,-112.0116,Seattle-Tacoma Intl,47.4502,-122.3088
2855,1909,PHX,SFO,Phoenix Sky Harbor Intl,33.4342,-112.0116,San Francisco Intl,37.6213,-122.379
2856,3387,IAH,JFK,George Bush Intercontinental,29.9902,-95.3368,John F. Kennedy Intl,40.6413,-73.7781
2857,1809,DEN,LAX,Denver Intl,39.8561,-104.6737,Los Angeles Intl,33.9416,-118.4085
2858,1890,SFO,MSP,San Francisco Intl,37.6213,-122.379,Minneapolis–Saint Paul Intl,44.883,-93.21
2859,3559,PHX,SFO,Phoenix Sky Harbor Intl,33.4342,-112.0116,San Francisco Intl,37.6213,-122.379
2860,2418,SFO,PHX,San Francisco Intl,37.6213,-122.379,Phoenix Sky Harbor Intl,33.4342,-112.0116
2861,3804,MSP,CLT,Minneapolis–Saint Paul Intl,44.883,-93.21,Charlotte Douglas Intl,35.214,-80.9431
2862,3737,DEN,LAS,Denver Intl,39.8561,-104.6737,Las Vegas McCarran Intl,36.084,-115.1537
2863,1924,CLT,LAS,Charlotte Douglas Intl,35.214,-80.9431,Las Vegas McCarran Intl,36.084,-115.1537
2864,1184,MSP,DEN,Minneapolis–Saint Paul Intl,44.883,-93.21,Denver Intl,39.8561,-104.6737
2865,1377,MIA,JFK,Miami Intl,25.7959,-80.287,John F. Kennedy Intl,40.6413,-73.7781
2866,3843,DFW,BOS,Dallas/Fort Worth Intl,32.8998,-97.0403,Boston Logan Intl,42.3656,-71.0096
2867,1207,PHX,SEA,Phoenix Sky Harbor Intl,33.4342,-112.0116,Seattle-Tacoma Intl,47.4502,-122.3088
2868,1333,ORD,LAS,Chicago O’Hare Intl,41.9742,-87.9073,Las Vegas McCarran Intl,36.084,-115.1537
2869,3584,MSP,SEA,Minneapolis–Saint Paul Intl,44.883,-93.21,Seattle-Tacoma Intl,47.4502,-122.3088
2870,3841,DFW,ORD,Dallas/Fort Worth Intl,32.8998,-97.0403,Chicago O’Hare Intl,41.9742,-87.9073
2871,2070,DEN,CLT,Denver Intl,39.8561,-104.6737,Charlotte Douglas Intl,35.214,-80.9431
2872,2651,IAH,CLT,George Bush Intercontinental,29.9902,-95.3368,Charlotte Douglas Intl,35.214,-80.9431
2873,2441,JFK,LAS,John F. Kennedy Intl,40.6413,-73.7781,Las Vegas McCarran Intl,36.084,-115.1537
2874,3042,ORD,SFO,Chicago O’Hare Intl,41.9742,-87.9073,San Francisco Intl,37.6213,-122.379
2875,2126,LAX,ATL,Los Angeles Intl,33.9416,-118.4085,Hartsfield-Jackson Atlanta Intl,33.6407,-84.4277
2876,2596,LAS,ATL,Las Vegas McCarran Intl,36.084,-115.1537,Hartsfield-Jackson Atlanta Intl,33.6407,-84.4277
2877,1580,IAH,SFO,George Bush Intercontinental,29.9902,-95.3368,San Francisco Intl,37.6213,-122.379
2878,3976,DFW,MSP,Dallas/Fort Worth Intl,32.8998,-97.0403,Minneapolis–Saint Paul Intl,44.883,-93.21
2879,3310,DEN,MSP,Denver Intl,39.8561,-104.6737,Minneapolis–Saint Paul Intl,44.883,-93.21
2880,3368,DFW,BOS,Dallas/Fort Worth Intl,32.8998,-97.0403,Boston Logan Intl,42.3656,-71.0096
2881,3642,LAS,MIA,Las Vegas McCarran Intl,36.084,-115.1537,Miami Intl,25.7959,-80.287
2882,2887,PHX,SFO,Phoenix Sky Harbor Intl,33.4342,-112.0116,San Francisco Intl,37.6213,-122.379
2883,3370,IAH,BOS,George Bush Intercontinental,29.9902,-95.3368,Boston Logan Intl,42.3656,-71.0096
2884,3359,MSP,DEN,Minneapolis–Saint Paul Intl,44.883,-93.21,Denver Intl,39.8561,-104.6737
2885,2955,CLT,SEA,Charlotte Douglas Intl,35.214,-80.9431,Seattle-Tacoma Intl,47.4502,-122.3088
2886,3968,ORD,LAX,Chicago O’Hare Intl,41.9742,-87.9073,Los Angeles Intl,33.9416,-118.4085
2887,3505,SEA,MIA,Seattle-Tacoma Intl,47.4502,-122.3088,Miami Intl,25.7959,-80.287
2888,2740,BOS,JFK,Boston Logan Intl,42.3656,-71.0096,John F. Kennedy Intl,40.6413,-73.7781
2889,2681,DFW,IAH,Dallas/Fort Worth Intl,32.8998,-97.0403,George Bush Intercontinental,29.9902,-95.3368
2890,2186,LAS,MIA,Las Vegas McCarran Intl,36.084,-115.1537,Miami Intl,25.7959,-80.287
2891,2919,LAX,LAS,Los Angeles Intl,33.9416,-118.4085,Las Vegas McCarran Intl,36.084,-115.1537
2892,2132,LAX,ORD,Los Angeles Intl,33.9416,-118.4085,Chicago O’Hare Intl,41.9742,-87.9073
2893,2572,ATL,CLT,Hartsfield-Jackson Atlanta Intl,33.6407,-84.4277,Charlotte Douglas Intl,35.214,-80.9431
2894,3379,IAH,SEA,George Bush Intercontinental,29.9902,-95.3368,Seattle-Tacoma Intl,47.4502,-122.3088
2895,3604,DFW,ATL,Dallas/Fort Worth Intl,32.8998,-97.0403,Hartsfield-Jackson Atlanta Intl,33.6407,-84.4277
2896,1078,BOS,MSP,Boston Logan Intl,42.3656,-71.0096,Minneapolis–Saint Paul Intl,44.883,-93.21
2897,2666,MIA,BOS,Miami Intl,25.7959,-80.287,Boston Logan Intl,42.3656,-71.0096
2898,832,LAS,MSP,Las Vegas McCarran Intl,36.084,-115.1537,Minneapolis–Saint Paul Intl,44.883,-93.21
2899,1731,PHX,MSP,Phoenix Sky Harbor Intl,33.4342,-112.0116,Minneapolis–Saint Paul Intl,44.883,-93.21
2900,3872,SFO,MSP,San Francisco Intl,37.6213,-122.379,Minneapolis–Saint Paul Intl,44.883,-93.21
2901,3832,MSP,SFO,Minneapolis–Saint Paul Intl,44.883,-93.21,San Francisco Intl,37.6213,-122.379
2902,2987,CLT,SFO,Charlotte Douglas Intl,35.214,-80.9431,San Francisco Intl,37.6213,-122.379
2903,2889,BOS,IAH,Boston Logan Intl,42.3656,-71.0096,George Bush Intercontinental,29.9902,-95.3368
2904,382,SFO,ATL,San Francisco Intl,37.6213,-122.379,Hartsfield-Jackson Atlanta Intl,33.6407,-84.4277
2905,3487,IAH,MIA,George Bush Intercontinental,29.9902,-95.3368,Miami Intl,25.7959,-80.287
2906,1681,MSP,SEA,Minneapolis–Saint Paul Intl,44.883,-93.21,Seattle-Tacoma Intl,47.4502,-122.3088
2907,3831,SFO,DFW,San Francisco Intl,37.6213,-122.379,Dallas/Fort Worth Intl,32.8998,-97.0403
2908,2499,MSP,BOS,Minneapolis–Saint Paul Intl,44.883,-93.21,Boston Logan Intl,42.3656,-71.0096
2909,1822,SEA,PHX,Seattle-Tacoma Intl,47.4502,-122.3088,Phoenix Sky Harbor Intl,33.4342,-112.0116
2910,2181,ATL,DEN,Hartsfield-Jackson Atlanta Intl,33.6407,-84.4277,Denver Intl,39.8561,-104.6737
2911,1848,BOS,LAX,Boston Logan Intl,42.3656,-71.0096,Los Angeles Intl,33.9416,-118.4085
2912,2541,IAH,PHX,George Bush Intercontinental,29.9902,-95.3368,Phoenix Sky Harbor Intl,33.4342,-112.0116
2913,3192,BOS,MIA,Boston Logan Intl,42.3656,-71.0096,Miami Intl,25.7959,-80.287
2914,959,SEA,MSP,Seattle-Tacoma Intl,47.4502,-122.3088,Minneapolis–Saint Paul Intl,44.883,-93.21
2915,2685,DFW,CLT,Dallas/Fort Worth Intl,32.8998,-97.0403,Charlotte Douglas Intl,35.214,-80.9431
2916,1425,DFW,CLT,Dallas/Fort Worth Intl,32.8998,-97.0403,Charlotte Douglas Intl,35.214,-80.9431
2917,2842,DFW,JFK,Dallas/Fort Worth Intl,32.8998,-97.0403,John F. Kennedy Intl,40.6413,-73.7781
2918,2876,JFK,ORD,John F. Kennedy Intl,40.6413,-73.7781,Chicago O’Hare Intl,41.9742,-87.9073
2919,3878,SFO,CLT,San Francisco Intl,37.6213,-122.379,Charlotte Douglas Intl,35.214,-80.9431
2920,3809,JFK,SFO,John F. Kennedy Intl,40.6413,-73.7781,San Francisco Intl,37.6213,-122.379
2921,3409,ATL,MIA,Hartsfield-Jackson Atlanta Intl,33.6407,-84.4277,Miami Intl,25.7959,-80.287
2922,1140,CLT,ORD,Charlotte Douglas Intl,35.214,-80.9431,Chicago O’Hare Intl,41.9742,-87.9073
2923,3588,SEA,LAX,Seattle-Tacoma Intl,47.4502,-122.3088,Los Angeles Intl,33.9416,-118.4085
2924,1155,IAH,SFO,George Bush Intercontinental,29.9902,-95.3368,San Francisco Intl,37.6213,-122.379
2925,2117,BOS,SFO,Boston Logan Intl,42.3656,-71.0096,San Francisco Intl,37.6213,-122.379
2926,785,MSP,DFW,Minneapolis–Saint Paul Intl,44.883,-93.21,Dallas/Fort Worth Intl,32.8998,-97.0403
2927,2178,PHX,DFW,Phoenix Sky Harbor Intl,33.4342,-112.0116,Dallas/Fort Worth Intl,32.8998,-97.0403
2928,2587,IAH,MIA,George Bush Intercontinental,29.9902,-95.3368,Miami Intl,25.7959,-80.287
2929,3645,SFO,LAS,San Francisco Intl,37.6213,-122.379,Las Vegas McCarran Intl,36.084,-115.1537
2930,2155,JFK,SEA,John F. Kennedy Intl,40.6413,-73.7781,Seattle-Tacoma Intl,47.4502,-122.3088
2931,1875,JFK,IAH,John F. Kennedy Intl,40.6413,-73.7781,George Bush Intercontinental,29.9902,-95.3368
2932,3174,DEN,IAH,Denver Intl,39.8561,-104.6737,George Bush Intercontinental,29.9902,-95.3368
2933,3168,JFK,ATL,John F. Kennedy Intl,40.6413,-73.7781,Hartsfield-Jackson Atlanta Intl,33.6407,-84.4277
2934,1732,CLT,ATL,Charlotte Douglas Intl,35.214,-80.9431,Hartsfield-Jackson Atlanta Intl,33.6407,-84.4277
2935,3592,MIA,DEN,Miami Intl,25.7959,-80.287,Denver Intl,39.8561,-104.6737
2936,2810,BOS,JFK,Boston Logan Intl,42.3656,-71.0096,John F. Kennedy Intl,40.6413,-73.7781
2937,2575,MIA,ORD,Miami Intl,25.7959,-80.287,Chicago O’Hare Intl,41.9742,-87.9073
2938,3892,MSP,IAH,Minneapolis–Saint Paul Intl,44.883,-93.21,George Bush Intercontinental,29.9902,-95.3368
2939,2233,BOS,MIA,Boston Logan Intl,42.3656,-71.0096,Miami Intl,25.7959,-80.287
2940,2605,SEA,CLT,Seattle-Tacoma Intl,47.4502,-122.3088,Charlotte Douglas Intl,35.214,-80.9431
2941,2634,BOS,ORD,Boston Logan Intl,42.3656,-71.0096,Chicago O’Hare Intl,41.9742,-87.9073
2942,2871,MIA,LAS,Miami Intl,25.7959,-80.287,Las Vegas McCarran Intl,36.084,-115.1537
2943,3556,IAH,MSP,George Bush Intercontinental,29.9902,-95.3368,Minneapolis–Saint Paul Intl,44.883,-93.21
2944,716,BOS,JFK,Boston Logan Intl,42.3656,-71.0096,John F. Kennedy Intl,40.6413,-73.7781
2945,2343,SEA,DFW,Seattle-Tacoma Intl,47.4502,-122.3088,Dallas/Fort Worth Intl,32.8998,-97.0403
2946,2263,SEA,CLT,Seattle-Tacoma Intl,47.4502,-122.3088,Charlotte Douglas Intl,35.214,-80.9431
2947,2593,ATL,SFO,Hartsfield-Jackson Atlanta Intl,33.6407,-84.4277,San Francisco Intl,37.6213,-122.379
2948,2470,BOS,SEA,Boston Logan Intl,42.3656,-71.0096,Seattle-Tacoma Intl,47.4502,-122.3088
2949,3416,PHX,MIA,Phoenix Sky Harbor Intl,33.4342,-112.0116,Miami Intl,25.7959,-80.287
2950,518,DEN,IAH,Denver Intl,39.8561,-104.6737,George Bush Intercontinental,29.9902,-95.3368
2951,3894,DFW,PHX,Dallas/Fort Worth Intl,32.8998,-97.0403,Phoenix Sky Harbor Intl,33.4342,-112.0116
2952,2543,LAX,JFK,Los Angeles Intl,33.9416,-118.4085,John F. Kennedy Intl,40.6413,-73.7781
2953,3059,SEA,MSP,Seattle-Tacoma Intl,47.4502,-122.3088,Minneapolis–Saint Paul Intl,44.883,-93.21
2954,3402,ORD,JFK,Chicago O’Hare Intl,41.9742,-87.9073,John F. Kennedy Intl,40.6413,-73.7781
2955,1287,DFW,SEA,Dallas/Fort Worth Intl,32.8998,-97.0403,Seattle-Tacoma Intl,47.4502,-122.3088
2956,1256,CLT,DEN,Charlotte Douglas Intl,35.214,-80.9431,Denver Intl,39.8561,-104.6737
2957,3350,SFO,DEN,San Francisco Intl,37.6213,-122.379,Denver Intl,39.8561,-104.6737
2958,2078,BOS,LAS,Boston Logan Intl,42.3656,-71.0096,Las Vegas McCarran Intl,36.084,-115.1537
2959,3616,MIA,ORD,Miami Intl,25.7959,-80.287,Chicago O’Hare Intl,41.9742,-87.9073
2960,3646,LAX,CLT,Los Angeles Intl,33.9416,-118.4085,Charlotte Douglas Intl,35.214,-80.9431
2961,3717,ORD,BOS,Chicago O’Hare Intl,41.9742,-87.9073,Boston Logan Intl,42.3656,-71.0096
2962,586,DFW,IAH,Dallas/Fort Worth Intl,32.8998,-97.0403,George Bush Intercontinental,29.9902,-95.3368
2963,1539,BOS,JFK,Boston Logan Intl,42.3656,-71.0096,John F. Kennedy Intl,40.6413,-73.7781
2964,1040,ATL,LAX,Hartsfield-Jackson Atlanta Intl,33.6407,-84.4277,Los Angeles Intl,33.9416,-118.4085
2965,3209,SFO,JFK,San Francisco Intl,37.6213,-122.379,John F. Kennedy Intl,40.6413,-73.7781
2966,3882,LAX,IAH,Los Angeles Intl,33.9416,-118.4085,George Bush Intercontinental,29.9902,-95.3368
2967,3315,DEN,JFK,Denver Intl,39.8561,-104.6737,John F. Kennedy Intl,40.6413,-73.7781
2968,2584,MSP,SEA,Minneapolis–Saint Paul Intl,44.883,-93.21,Seattle-Tacoma Intl,47.4502,-122.3088
2969,3837,ATL,SFO,Hartsfield-Jackson Atlanta Intl,33.6407,-84.4277,San Francisco Intl,37.6213,-122.379
2970,1782,ORD,SEA,Chicago O’Hare Intl,41.9742,-87.9073,Seattle-Tacoma Intl,47.4502,-122.3088
2971,2211,CLT,LAS,Charlotte Douglas Intl,35.214,-80.9431,Las Vegas McCarran Intl,36.084,-115.1537
2972,1760,LAX,MIA,Los Angeles Intl,33.9416,-118.4085,Miami Intl,25.7959,-80.287
2973,3367,ATL,JFK,Hartsfield-Jackson Atlanta Intl,33.6407,-84.4277,John F. Kennedy Intl,40.6413,-73.7781
2974,3027,SFO,LAS,San Francisco Intl,37.6213,-122.379,Las Vegas McCarran Intl,36.084,-115.1537
2975,2085,DEN,ORD,Denver Intl,39.8561,-104.6737,Chicago O’Hare Intl,41.9742,-87.9073
2976,2330,ATL,BOS,Hartsfield-Jackson Atlanta Intl,33.6407,-84.4277,Boston Logan Intl,42.3656,-71.0096
2977,2360,JFK,ORD,John F. Kennedy Intl,40.6413,-73.7781,Chicago O’Hare Intl,41.9742,-87.9073
2978,2669,DEN,PHX,Denver Intl,39.8561,-104.6737,Phoenix Sky Harbor Intl,33.4342,-112.0116
2979,2567,MSP,CLT,Minneapolis–Saint Paul Intl,44.883,-93.21,Charlotte Douglas Intl,35.214,-80.9431
2980,1450,ORD,ATL,Chicago O’Hare Intl,41.9742,-87.9073,Hartsfield-Jackson Atlanta Intl,33.6407,-84.4277
2981,2885,CLT,PHX,Charlotte Douglas Intl,35.214,-80.9431,Phoenix Sky Harbor Intl,33.4342,-112.0116
2982,2571,SFO,MSP,San Francisco Intl,37.6213,-122.379,Minneapolis–Saint Paul Intl,44.883,-93.21
2983,1769,PHX,IAH,Phoenix Sky Harbor Intl,33.4342,-112.0116,George Bush Intercontinental,29.9902,-95.3368
2984,1643,BOS,MSP,Boston Logan Intl,42.3656,-71.0096,Minneapolis–Saint Paul Intl,44.883,-93.21
2985,3662,MIA,DEN,Miami Intl,25.7959,-80.287,Denver Intl,39.8561,-104.6737
2986,3531,LAS,IAH,Las Vegas McCarran Intl,36.084,-115.1537,George Bush Intercontinental,29.9902,-95.3368
2987,3106,IAH,DFW,George Bush Intercontinental,29.9902,-95.3368,Dallas/Fort Worth Intl,32.8998,-97.0403
2988,2665,IAH,MIA,George Bush Intercontinental,29.9902,-95.3368,Miami Intl,25.7959,-80.287
2989,1789,MIA,MSP,Miami Intl,25.7959,-80.287,Minneapolis–Saint Paul Intl,44.883,-93.21
2990,2730,LAS,MIA,Las Vegas McCarran Intl,36.084,-115.1537,Miami Intl,25.7959,-80.287
2991,1049,MIA,MSP,Miami Intl,25.7959,-80.287,Minneapolis–Saint Paul Intl,44.883,-93.21
2992,1106,LAX,LAS,Los Angeles Intl,33.9416,-118.4085,Las Vegas McCarran Intl,36.084,-115.1537
2993,831,ORD,DEN,Chicago O’Hare Intl,41.9742,-87.9073,Denver Intl,39.8561,-104.6737
2994,350,SFO,BOS,San Francisco Intl,37.6213,-122.379,Boston Logan Intl,42.3656,-71.0096
2995,2686,DEN,DFW,Denver Intl,39.8561,-104.6737,Dallas/Fort Worth Intl,32.8998,-97.0403
2996,3345,LAX,SFO,Los Angeles Intl,33.9416,-118.4085,San Francisco Intl,37.6213,-122.379
2997,1088,ORD,MSP,Chicago O’Hare Intl,41.9742,-87.9073,Minneapolis–Saint Paul Intl,44.883,-93.21
2998,1338,BOS,JFK,Boston Logan Intl,42.3656,-71.0096,John F. Kennedy Intl,40.6413,-73.7781
2999,1038,JFK,DFW,John F. Kennedy Intl,40.6413,-73.7781,Dallas/Fort Worth Intl,32.8998,-97.0403
3000,3012,IAH,JFK,George Bush Intercontinental,29.9902,-95.3368,John F. Kennedy Intl,40.6413,-73.7781
3001,3739,SFO,IAH,San Francisco Intl,37.6213,-122.379,George Bush Intercontinental,29.9902,-95.3368
3002,3788,MIA,MSP,Miami Intl,25.7959,-80.287,Minneapolis–Saint Paul Intl,44.883,-93.21
3003,3207,ATL,BOS,Hartsfield-Jackson Atlanta Intl,33.6407,-84.4277,Boston Logan Intl,42.3656,-71.0096
3004,1177,PHX,LAX,Phoenix Sky Harbor Intl,33.4342,-112.0116,Los Angeles Intl,33.9416,-118.4085
3005,2464,SFO,ATL,San Francisco Intl,37.6213,-122.379,Hartsfield-Jackson Atlanta Intl,33.6407,-84.4277
3006,3663,SEA,DFW,Seattle-Tacoma Intl,47.4502,-122.3088,Dallas/Fort Worth Intl,32.8998,-97.0403
3007,1169,CLT,DFW,Charlotte Douglas Intl,35.214,-80.9431,Dallas/Fort Worth Intl,32.8998,-97.0403
3008,3570,LAS,IAH,Las Vegas McCarran Intl,36.084,-115.1537,George Bush Intercontinental,29.9902,-95.3368
3009,769,ORD,ATL,Chicago O’Hare Intl,41.9742,-87.9073,Hartsfield-Jackson Atlanta Intl,33.6407,-84.4277
3010,3798,DFW,JFK,Dallas/Fort Worth Intl,32.8998,-97.0403,John F. Kennedy Intl,40.6413,-73.7781
3011,2018,BOS,DFW,Boston Logan Intl,42.3656,-71.0096,Dallas/Fort Worth Intl,32.8998,-97.0403
3012,824,JFK,ATL,John F. Kennedy Intl,40.6413,-73.7781,Hartsfield-Jackson Atlanta Intl,33.6407,-84.4277
3013,3457,BOS,ATL,Boston Logan Intl,42.3656,-71.0096,Hartsfield-Jackson Atlanta Intl,33.6407,-84.4277
3014,2413,SFO,MSP,San Francisco Intl,37.6213,-122.379,Minneapolis–Saint Paul Intl,44.883,-93.21
3015,3318,IAH,MIA,George Bush Intercontinental,29.9902,-95.3368,Miami Intl,25.7959,-80.287
3016,3498,LAS,ATL,Las Vegas McCarran Intl,36.084,-115.1537,Hartsfield-Jackson Atlanta Intl,33.6407,-84.4277
3017,450,DFW,SEA,Dallas/Fort Worth Intl,32.8998,-97.0403,Seattle-Tacoma Intl,47.4502,-122.3088
3018,3933,SEA,BOS,Seattle-Tacoma Intl,47.4502,-122.3088,Boston Logan Intl,42.3656,-71.0096
3019,3689,DEN,SEA,Denver Intl,39.8561,-104.6737,Seattle-Tacoma Intl,47.4502,-122.3088
3020,1375,ATL,LAX,Hartsfield-Jackson Atlanta Intl,33.6407,-84.4277,Los Angeles Intl,33.9416,-118.4085
3021,3237,DFW,PHX,Dallas/Fort Worth Intl,32.8998,-97.0403,Phoenix Sky Harbor Intl,33.4342,-112.0116
3022,3615,ORD,IAH,Chicago O’Hare Intl,41.9742,-87.9073,George Bush Intercontinental,29.9902,-95.3368
3023,3566,MIA,SFO,Miami Intl,25.7959,-80.287,San Francisco Intl,37.6213,-122.379
3024,1973,SEA,LAS,Seattle-Tacoma Intl,47.4502,-122.3088,Las Vegas McCarran Intl,36.084,-115.1537
3025,2020,ATL,SEA,Hartsfield-Jackson Atlanta Intl,33.6407,-84.4277,Seattle-Tacoma Intl,47.4502,-122.3088
3026,3355,PHX,SEA,Phoenix Sky Harbor Intl,33.4342,-112.0116,Seattle-Tacoma Intl,47.4502,-122.3088
3027,2157,JFK,PHX,John F. Kennedy Intl,40.6413,-73.7781,Phoenix Sky Harbor Intl,33.4342,-112.0116
3028,1719,MIA,BOS,Miami Intl,25.7959,-80.287,Boston Logan Intl,42.3656,-71.0096
3029,3926,SFO,MSP,San Francisco Intl,37.6213,-122.379,Minneapolis–Saint Paul Intl,44.883,-93.21
3030,1711,DFW,PHX,Dallas/Fort Worth Intl,32.8998,-97.0403,Phoenix Sky Harbor Intl,33.4342,-112.0116
3031,2309,IAH,JFK,George Bush Intercontinental,29.9902,-95.3368,John F. Kennedy Intl,40.6413,-73.7781
3032,3959,ATL,SFO,Hartsfield-Jackson Atlanta Intl,33.6407,-84.4277,San Francisco Intl,37.6213,-122.379
3033,3107,CLT,DEN,Charlotte Douglas Intl,35.214,-80.9431,Denver Intl,39.8561,-104.6737
3034,2038,LAX,ATL,Los Angeles Intl,33.9416,-118.4085,Hartsfield-Jackson Atlanta Intl,33.6407,-84.4277
3035,1312,CLT,LAX,Charlotte Douglas Intl,35.214,-80.9431,Los Angeles Intl,33.9416,-118.4085
3036,1936,DEN,MIA,Denver Intl,39.8561,-104.6737,Miami Intl,25.7959,-80.287
3037,2682,CLT,IAH,Charlotte Douglas Intl,35.214,-80.9431,George Bush Intercontinental,29.9902,-95.3368
3038,2514,PHX,SFO,Phoenix Sky Harbor Intl,33.4342,-112.0116,San Francisco Intl,37.6213,-122.379
3039,3323,DEN,LAX,Denver Intl,39.8561,-104.6737,Los Angeles Intl,33.9416,-118.4085
3040,1625,SEA,JFK,Seattle-Tacoma Intl,47.4502,-122.3088,John F. Kennedy Intl,40.6413,-73.7781
3041,2859,JFK,LAX,John F. Kennedy Intl,40.6413,-73.7781,Los Angeles Intl,33.9416,-118.4085
3042,2827,SEA,MSP,Seattle-Tacoma Intl,47.4502,-122.3088,Minneapolis–Saint Paul Intl,44.883,-93.21
3043,318,LAX,ATL,Los Angeles Intl,33.9416,-118.4085,Hartsfield-Jackson Atlanta Intl,33.6407,-84.4277
3044,3341,ORD,LAS,Chicago O’Hare Intl,41.9742,-87.9073,Las Vegas McCarran Intl,36.084,-115.1537
3045,1527,JFK,SFO,John F. Kennedy Intl,40.6413,-73.7781,San Francisco Intl,37.6213,-122.379
3046,2714,CLT,IAH,Charlotte Douglas Intl,35.214,-80.9431,George Bush Intercontinental,29.9902,-95.3368
3047,2303,IAH,LAX,George Bush Intercontinental,29.9902,-95.3368,Los Angeles Intl,33.9416,-118.4085
3048,2544,BOS,IAH,Boston Logan Intl,42.3656,-71.0096,George Bush Intercontinental,29.9902,-95.3368
3049,2341,ORD,LAS,Chicago O’Hare Intl,41.9742,-87.9073,Las Vegas McCarran Intl,36.084,-115.1537
3050,3528,JFK,LAS,John F. Kennedy Intl,40.6413,-73.7781,Las Vegas McCarran Intl,36.084,-115.1537
3051,658,JFK,LAX,John F. Kennedy Intl,40.6413,-73.7781,Los Angeles Intl,33.9416,-118.4085
3052,4817,LAX,IAH,Los Angeles Intl,33.9416,-118.4085,George Bush Intercontinental,29.9902,-95.3368
3053,3417,SFO,PHX,San Francisco Intl,37.6213,-122.379,Phoenix Sky Harbor Intl,33.4342,-112.0116
3054,3242,CLT,DEN,Charlotte Douglas Intl,35.214,-80.9431,Denver Intl,39.8561,-104.6737
3055,1692,LAX,LAS,Los Angeles Intl,33.9416,-118.4085,Las Vegas McCarran Intl,36.084,-115.1537
3056,1996,JFK,DEN,John F. Kennedy Intl,40.6413,-73.7781,Denver Intl,39.8561,-104.6737
3057,1447,ATL,SFO,Hartsfield-Jackson Atlanta Intl,33.6407,-84.4277,San Francisco Intl,37.6213,-122.379
3058,3002,ORD,ATL,Chicago O’Hare Intl,41.9742,-87.9073,Hartsfield-Jackson Atlanta Intl,33.6407,-84.4277
3059,3619,LAX,SEA,Los Angeles Intl,33.9416,-118.4085,Seattle-Tacoma Intl,47.4502,-122.3088
3060,3727,SFO,ORD,San Francisco Intl,37.6213,-122.379,Chicago O’Hare Intl,41.9742,-87.9073
3061,3970,LAS,DFW,Las Vegas McCarran Intl,36.084,-115.1537,Dallas/Fort Worth Intl,32.8998,-97.0403
3062,1783,DFW,MSP,Dallas/Fort Worth Intl,32.8998,-97.0403,Minneapolis–Saint Paul Intl,44.883,-93.21
3063,1864,SEA,MIA,Seattle-Tacoma Intl,47.4502,-122.3088,Miami Intl,25.7959,-80.287
3064,1960,JFK,DFW,John F. Kennedy Intl,40.6413,-73.7781,Dallas/Fort Worth Intl,32.8998,-97.0403
3065,2982,CLT,BOS,Charlotte Douglas Intl,35.214,-80.9431,Boston Logan Intl,42.3656,-71.0096
3066,3578,BOS,CLT,Boston Logan Intl,42.3656,-71.0096,Charlotte Douglas Intl,35.214,-80.9431
3067,636,DFW,MSP,Dallas/Fort Worth Intl,32.8998,-97.0403,Minneapolis–Saint Paul Intl,44.883,-93.21
3068,2268,DEN,LAS,Denver Intl,39.8561,-104.6737,Las Vegas McCarran Intl,36.084,-115.1537
3069,3459,IAH,SFO,George Bush Intercontinental,29.9902,-95.3368,San Francisco Intl,37.6213,-122.379
3070,1955,IAH,DFW,George Bush Intercontinental,29.9902,-95.3368,Dallas/Fort Worth Intl,32.8998,-97.0403
3071,3400,MSP,LAS,Minneapolis–Saint Paul Intl,44.883,-93.21,Las Vegas McCarran Intl,36.084,-115.1537
3072,1583,MSP,ATL,Minneapolis–Saint Paul Intl,44.883,-93.21,Hartsfield-Jackson Atlanta Intl,33.6407,-84.4277
3073,1511,MIA,DEN,Miami Intl,25.7959,-80.287,Denver Intl,39.8561,-104.6737
3074,2545,SFO,DFW,San Francisco Intl,37.6213,-122.379,Dallas/Fort Worth Intl,32.8998,-97.0403
3075,3117,BOS,MIA,Boston Logan Intl,42.3656,-71.0096,Miami Intl,25.7959,-80.287
3076,3267,LAS,JFK,Las Vegas McCarran Intl,36.084,-115.1537,John F. Kennedy Intl,40.6413,-73.7781
3077,2635,LAS,MSP,Las Vegas McCarran Intl,36.084,-115.1537,Minneapolis–Saint Paul Intl,44.883,-93.21
3078,3947,MIA,ATL,Miami Intl,25.7959,-80.287,Hartsfield-Jackson Atlanta Intl,33.6407,-84.4277
3079,3007,SFO,CLT,San Francisco Intl,37.6213,-122.379,Charlotte Douglas Intl,35.214,-80.9431
3080,3430,CLT,ORD,Charlotte Douglas Intl,35.214,-80.9431,Chicago O’Hare Intl,41.9742,-87.9073
3081,1997,ATL,PHX,Hartsfield-Jackson Atlanta Intl,33.6407,-84.4277,Phoenix Sky Harbor Intl,33.4342,-112.0116
3082,2302,CLT,LAX,Charlotte Douglas Intl,35.214,-80.9431,Los Angeles Intl,33.9416,-118.4085
3083,1677,SEA,MIA,Seattle-Tacoma Intl,47.4502,-122.3088,Miami Intl,25.7959,-80.287
3084,1818,DFW,MSP,Dallas/Fort Worth Intl,32.8998,-97.0403,Minneapolis–Saint Paul Intl,44.883,-93.21
3085,2235,ORD,CLT,Chicago O’Hare Intl,41.9742,-87.9073,Charlotte Douglas Intl,35.214,-80.9431
3086,3419,LAS,ATL,Las Vegas McCarran Intl,36.084,-115.1537,Hartsfield-Jackson Atlanta Intl,33.6407,-84.4277
3087,3449,IAH,CLT,George Bush Intercontinental,29.9902,-95.3368,Charlotte Douglas Intl,35.214,-80.9431
3088,3413,SFO,LAS,San Francisco Intl,37.6213,-122.379,Las Vegas McCarran Intl,36.084,-115.1537
3089,2408,CLT,MIA,Charlotte Douglas Intl,35.214,-80.9431,Miami Intl,25.7959,-80.287
3090,2886,ORD,MIA,Chicago O’Hare Intl,41.9742,-87.9073,Miami Intl,25.7959,-80.287
3091,3721,SEA,CLT,Seattle-Tacoma Intl,47.4502,-122.3088,Charlotte Douglas Intl,35.214,-80.9431
3092,2507,JFK,SEA,John F. Kennedy Intl,40.6413,-73.7781,Seattle-Tacoma Intl,47.4502,-122.3088
3093,2589,DEN,PHX,Denver Intl,39.8561,-104.6737,Phoenix Sky Harbor Intl,33.4342,-112.0116
3094,3769,DFW,LAS,Dallas/Fort Worth Intl,32.8998,-97.0403,Las Vegas McCarran Intl,36.084,-115.1537
3095,279,SEA,CLT,Seattle-Tacoma Intl,47.4502,-122.3088,Charlotte Douglas Intl,35.214,-80.9431
3096,1029,SEA,ATL,Seattle-Tacoma Intl,47.4502,-122.3088,Hartsfield-Jackson Atlanta Intl,33.6407,-84.4277
3097,3404,CLT,PHX,Charlotte Douglas Intl,35.214,-80.9431,Phoenix Sky Harbor Intl,33.4342,-112.0116
3098,3405,ATL,SEA,Hartsfield-Jackson Atlanta Intl,33.6407,-84.4277,Seattle-Tacoma Intl,47.4502,-122.3088
3099,3787,MIA,BOS,Miami Intl,25.7959,-80.287,Boston Logan Intl,42.3656,-71.0096
3100,2847,LAS,MIA,Las Vegas McCarran Intl,36.084,-115.1537,Miami Intl,25.7959,-80.287
3101,2170,DEN,ORD,Denver Intl,39.8561,-104.6737,Chicago O’Hare Intl,41.9742,-87.9073
3102,3489,DFW,PHX,Dallas/Fort Worth Intl,32.8998,-97.0403,Phoenix Sky Harbor Intl,33.4342,-112.0116
3103,1513,JFK,SFO,John F. Kennedy Intl,40.6413,-73.7781,San Francisco Intl,37.6213,-122.379
3104,1442,JFK,PHX,John F. Kennedy Intl,40.6413,-73.7781,Phoenix Sky Harbor Intl,33.4342,-112.0116
3105,1302,LAX,MSP,Los Angeles Intl,33.9416,-118.4085,Minneapolis–Saint Paul Intl,44.883,-93.21
3106,2772,SEA,ATL,Seattle-Tacoma Intl,47.4502,-122.3088,Hartsfield-Jackson Atlanta Intl,33.6407,-84.4277
3107,3952,SFO,ATL,San Francisco Intl,37.6213,-122.379,Hartsfield-Jackson Atlanta Intl,33.6407,-84.4277
3108,1498,ATL,BOS,Hartsfield-Jackson Atlanta Intl,33.6407,-84.4277,Boston Logan Intl,42.3656,-71.0096
3109,2600,DEN,IAH,Denver Intl,39.8561,-104.6737,George Bush Intercontinental,29.9902,-95.3368
3110,2209,CLT,DEN,Charlotte Douglas Intl,35.214,-80.9431,Denver Intl,39.8561,-104.6737
3111,2977,JFK,DEN,John F. Kennedy Intl,40.6413,-73.7781,Denver Intl,39.8561,-104.6737
3112,3925,DFW,SEA,Dallas/Fort Worth Intl,32.8998,-97.0403,Seattle-Tacoma Intl,47.4502,-122.3088
3113,1060,LAX,SFO,Los Angeles Intl,33.9416,-118.4085,San Francisco Intl,37.6213,-122.379
3114,3452,IAH,SEA,George Bush Intercontinental,29.9902,-95.3368,Seattle-Tacoma Intl,47.4502,-122.3088
3115,1536,LAS,JFK,Las Vegas McCarran Intl,36.084,-115.1537,John F. Kennedy Intl,40.6413,-73.7781
3116,2122,DFW,JFK,Dallas/Fort Worth Intl,32.8998,-97.0403,John F. Kennedy Intl,40.6413,-73.7781
3117,1135,ATL,LAX,Hartsfield-Jackson Atlanta Intl,33.6407,-84.4277,Los Angeles Intl,33.9416,-118.4085
3118,2009,SFO,JFK,San Francisco Intl,37.6213,-122.379,John F. Kennedy Intl,40.6413,-73.7781
3119,2838,LAX,DEN,Los Angeles Intl,33.9416,-118.4085,Denver Intl,39.8561,-104.6737
3120,2476,IAH,SEA,George Bush Intercontinental,29.9902,-95.3368,Seattle-Tacoma Intl,47.4502,-122.3088
3121,154,LAX,ORD,Los Angeles Intl,33.9416,-118.4085,Chicago O’Hare Intl,41.9742,-87.9073
3122,3151,MIA,JFK,Miami Intl,25.7959,-80.287,John F. Kennedy Intl,40.6413,-73.7781
3123,2010,DEN,SEA,Denver Intl,39.8561,-104.6737,Seattle-Tacoma Intl,47.4502,-122.3088
3124,2515,LAX,MIA,Los Angeles Intl,33.9416,-118.4085,Miami Intl,25.7959,-80.287
3125,2232,PHX,ATL,Phoenix Sky Harbor Intl,33.4342,-112.0116,Hartsfield-Jackson Atlanta Intl,33.6407,-84.4277
3126,2152,MIA,ORD,Miami Intl,25.7959,-80.287,Chicago O’Hare Intl,41.9742,-87.9073
3127,1928,MIA,ORD,Miami Intl,25.7959,-80.287,Chicago O’Hare Intl,41.9742,-87.9073
3128,1791,ATL,PHX,Hartsfield-Jackson Atlanta Intl,33.6407,-84.4277,Phoenix Sky Harbor Intl,33.4342,-112.0116
3129,3177,PHX,SEA,Phoenix Sky Harbor Intl,33.4342,-112.0116,Seattle-Tacoma Intl,47.4502,-122.3088
3130,2376,ORD,ATL,Chicago O’Hare Intl,41.9742,-87.9073,Hartsfield-Jackson Atlanta Intl,33.6407,-84.4277
3131,1369,DFW,DEN,Dallas/Fort Worth Intl,32.8998,-97.0403,Denver Intl,39.8561,-104.6737
3132,2354,LAS,ORD,Las Vegas McCarran Intl,36.084,-115.1537,Chicago O’Hare Intl,41.9742,-87.9073
3133,2003,SFO,LAX,San Francisco Intl,37.6213,-122.379,Los Angeles Intl,33.9416,-118.4085
3134,1474,BOS,MSP,Boston Logan Intl,42.3656,-71.0096,Minneapolis–Saint Paul Intl,44.883,-93.21
3135,3035,DFW,SEA,Dallas/Fort Worth Intl,32.8998,-97.0403,Seattle-Tacoma Intl,47.4502,-122.3088
3136,2821,LAX,ORD,Los Angeles Intl,33.9416,-118.4085,Chicago O’Hare Intl,41.9742,-87.9073
3137,3863,SFO,SEA,San Francisco Intl,37.6213,-122.379,Seattle-Tacoma Intl,47.4502,-122.3088
3138,2711,JFK,CLT,John F. Kennedy Intl,40.6413,-73.7781,Charlotte Douglas Intl,35.214,-80.9431
3139,3897,ORD,PHX,Chicago O’Hare Intl,41.9742,-87.9073,Phoenix Sky Harbor Intl,33.4342,-112.0116
3140,149,JFK,ATL,John F. Kennedy Intl,40.6413,-73.7781,Hartsfield-Jackson Atlanta Intl,33.6407,-84.4277
3141,428,PHX,JFK,Phoenix Sky Harbor Intl,33.4342,-112.0116,John F. Kennedy Intl,40.6413,-73.7781
3142,3688,MSP,ORD,Minneapolis–Saint Paul Intl,44.883,-93.21,Chicago O’Hare Intl,41.9742,-87.9073
3143,940,JFK,SEA,John F. Kennedy Intl,40.6413,-73.7781,Seattle-Tacoma Intl,47.4502,-122.3088
3144,2629,CLT,JFK,Charlotte Douglas Intl,35.214,-80.9431,John F. Kennedy Intl,40.6413,-73.7781
3145,2348,DEN,CLT,Denver Intl,39.8561,-104.6737,Charlotte Douglas Intl,35.214,-80.9431
3146,2073,DFW,LAX,Dallas/Fort Worth Intl,32.8998,-97.0403,Los Angeles Intl,33.9416,-118.4085
3147,2743,BOS,JFK,Boston Logan Intl,42.3656,-71.0096,John F. Kennedy Intl,40.6413,-73.7781
3148,1662,CLT,SFO,Charlotte Douglas Intl,35.214,-80.9431,San Francisco Intl,37.6213,-122.379
3149,2272,MSP,DEN,Minneapolis–Saint Paul Intl,44.883,-93.21,Denver Intl,39.8561,-104.6737
3150,3920,ATL,ORD,Hartsfield-Jackson Atlanta Intl,33.6407,-84.4277,Chicago O’Hare Intl,41.9742,-87.9073
3151,815,BOS,DFW,Boston Logan Intl,42.3656,-71.0096,Dallas/Fort Worth Intl,32.8998,-97.0403
3152,3519,JFK,DFW,John F. Kennedy Intl,40.6413,-73.7781,Dallas/Fort Worth Intl,32.8998,-97.0403
3153,3617,LAX,JFK,Los Angeles Intl,33.9416,-118.4085,John F. Kennedy Intl,40.6413,-73.7781
3154,3982,IAH,BOS,George Bush Intercontinental,29.9902,-95.3368,Boston Logan Intl,42.3656,-71.0096
3155,1827,ORD,ATL,Chicago O’Hare Intl,41.9742,-87.9073,Hartsfield-Jackson Atlanta Intl,33.6407,-84.4277
3156,1776,LAS,PHX,Las Vegas McCarran Intl,36.084,-115.1537,Phoenix Sky Harbor Intl,33.4342,-112.0116
3157,3420,SEA,DFW,Seattle-Tacoma Intl,47.4502,-122.3088,Dallas/Fort Worth Intl,32.8998,-97.0403
3158,1132,BOS,ATL,Boston Logan Intl,42.3656,-71.0096,Hartsfield-Jackson Atlanta Intl,33.6407,-84.4277
3159,2247,LAS,IAH,Las Vegas McCarran Intl,36.084,-115.1537,George Bush Intercontinental,29.9902,-95.3368
3160,1104,LAS,DFW,Las Vegas McCarran Intl,36.084,-115.1537,Dallas/Fort Worth Intl,32.8998,-97.0403
3161,2604,JFK,BOS,John F. Kennedy Intl,40.6413,-73.7781,Boston Logan Intl,42.3656,-71.0096
3162,2102,ORD,ATL,Chicago O’Hare Intl,41.9742,-87.9073,Hartsfield-Jackson Atlanta Intl,33.6407,-84.4277
3163,3270,SFO,MIA,San Francisco Intl,37.6213,-122.379,Miami Intl,25.7959,-80.287
3164,2684,DFW,DEN,Dallas/Fort Worth Intl,32.8998,-97.0403,Denver Intl,39.8561,-104.6737
3165,2180,LAS,SFO,Las Vegas McCarran Intl,36.084,-115.1537,San Francisco Intl,37.6213,-122.379
3166,3810,MIA,CLT,Miami Intl,25.7959,-80.287,Charlotte Douglas Intl,35.214,-80.9431
3167,1221,MSP,LAS,Minneapolis–Saint Paul Intl,44.883,-93.21,Las Vegas McCarran Intl,36.084,-115.1537
3168,1659,DEN,ORD,Denver Intl,39.8561,-104.6737,Chicago O’Hare Intl,41.9742,-87.9073
3169,1650,ORD,BOS,Chicago O’Hare Intl,41.9742,-87.9073,Boston Logan Intl,42.3656,-71.0096
3170,2430,LAX,CLT,Los Angeles Intl,33.9416,-118.4085,Charlotte Douglas Intl,35.214,-80.9431
3171,3053,PHX,ORD,Phoenix Sky Harbor Intl,33.4342,-112.0116,Chicago O’Hare Intl,41.9742,-87.9073
3172,2293,LAX,LAS,Los Angeles Intl,33.9416,-118.4085,Las Vegas McCarran Intl,36.084,-115.1537
3173,2905,ORD,SEA,Chicago O’Hare Intl,41.9742,-87.9073,Seattle-Tacoma Intl,47.4502,-122.3088
3174,774,LAX,SEA,Los Angeles Intl,33.9416,-118.4085,Seattle-Tacoma Intl,47.4502,-122.3088
3175,3361,LAS,PHX,Las Vegas McCarran Intl,36.084,-115.1537,Phoenix Sky Harbor Intl,33.4342,-112.0116
3176,2915,DFW,CLT,Dallas/Fort Worth Intl,32.8998,-97.0403,Charlotte Douglas Intl,35.214,-80.9431
3177,3375,LAX,ATL,Los Angeles Intl,33.9416,-118.4085,Hartsfield-Jackson Atlanta Intl,33.6407,-84.4277
3178,1409,BOS,IAH,Boston Logan Intl,42.3656,-71.0096,George Bush Intercontinental,29.9902,-95.3368
3179,1980,MIA,LAX,Miami Intl,25.7959,-80.287,Los Angeles Intl,33.9416,-118.4085
3180,3129,LAX,SEA,Los Angeles Intl,33.9416,-118.4085,Seattle-Tacoma Intl,47.4502,-122.3088
3181,3218,MIA,ATL,Miami Intl,25.7959,-80.287,Hartsfield-Jackson Atlanta Intl,33.6407,-84.4277
3182,2716,IAH,MSP,George Bush Intercontinental,29.9902,-95.3368,Minneapolis–Saint Paul Intl,44.883,-93.21
3183,3686,JFK,CLT,John F. Kennedy Intl,40.6413,-73.7781,Charlotte Douglas Intl,35.214,-80.9431
3184,2281,ATL,SEA,Hartsfield-Jackson Atlanta Intl,33.6407,-84.4277,Seattle-Tacoma Intl,47.4502,-122.3088
3185,1757,DFW,SEA,Dallas/Fort Worth Intl,32.8998,-97.0403,Seattle-Tacoma Intl,47.4502,-122.3088
3186,881,MSP,LAX,Minneapolis–Saint Paul Intl,44.883,-93.21,Los Angeles Intl,33.9416,-118.4085
3187,2278,LAS,DFW,Las Vegas McCarran Intl,36.084,-115.1537,Dallas/Fort Worth Intl,32.8998,-97.0403
3188,1156,ATL,JFK,Hartsfield-Jackson Atlanta Intl,33.6407,-84.4277,John F. Kennedy Intl,40.6413,-73.7781
3189,1837,LAS,CLT,Las Vegas McCarran Intl,36.084,-115.1537,Charlotte Douglas Intl,35.214,-80.9431
3190,2071,JFK,PHX,John F. Kennedy Intl,40.6413,-73.7781,Phoenix Sky Harbor Intl,33.4342,-112.0116
3191,2862,LAS,MIA,Las Vegas McCarran Intl,36.084,-115.1537,Miami Intl,25.7959,-80.287
3192,3499,IAH,MSP,George Bush Intercontinental,29.9902,-95.3368,Minneapolis–Saint Paul Intl,44.883,-93.21
3193,2390,DFW,SEA,Dallas/Fort Worth Intl,32.8998,-97.0403,Seattle-Tacoma Intl,47.4502,-122.3088
3194,2512,ORD,CLT,Chicago O’Hare Intl,41.9742,-87.9073,Charlotte Douglas Intl,35.214,-80.9431
3195,1110,ORD,MSP,Chicago O’Hare Intl,41.9742,-87.9073,Minneapolis–Saint Paul Intl,44.883,-93.21
3196,661,MIA,SEA,Miami Intl,25.7959,-80.287,Seattle-Tacoma Intl,47.4502,-122.3088
3197,3451,JFK,SFO,John F. Kennedy Intl,40.6413,-73.7781,San Francisco Intl,37.6213,-122.379
3198,932,MIA,LAS,Miami Intl,25.7959,-80.287,Las Vegas McCarran Intl,36.084,-115.1537
3199,3741,IAH,SFO,George Bush Intercontinental,29.9902,-95.3368,San Francisco Intl,37.6213,-122.379
3200,1322,DEN,MIA,Denver Intl,39.8561,-104.6737,Miami Intl,25.7959,-80.287
3201,2064,LAX,MSP,Los Angeles Intl,33.9416,-118.4085,Minneapolis–Saint Paul Intl,44.883,-93.21
3202,2210,SEA,LAX,Seattle-Tacoma Intl,47.4502,-122.3088,Los Angeles Intl,33.9416,-118.4085
3203,171,DEN,ORD,Denver Intl,39.8561,-104.6737,Chicago O’Hare Intl,41.9742,-87.9073
3204,2467,LAX,BOS,Los Angeles Intl,33.9416,-118.4085,Boston Logan Intl,42.3656,-71.0096
3205,1689,DFW,SEA,Dallas/Fort Worth Intl,32.8998,-97.0403,Seattle-Tacoma Intl,47.4502,-122.3088
3206,1869,MIA,LAS,Miami Intl,25.7959,-80.287,Las Vegas McCarran Intl,36.084,-115.1537
3207,3045,MSP,JFK,Minneapolis–Saint Paul Intl,44.883,-93.21,John F. Kennedy Intl,40.6413,-73.7781
3208,3119,DFW,BOS,Dallas/Fort Worth Intl,32.8998,-97.0403,Boston Logan Intl,42.3656,-71.0096
3209,1673,IAH,MIA,George Bush Intercontinental,29.9902,-95.3368,Miami Intl,25.7959,-80.287
3210,1551,CLT,BOS,Charlotte Douglas Intl,35.214,-80.9431,Boston Logan Intl,42.3656,-71.0096
3211,2976,CLT,DFW,Charlotte Douglas Intl,35.214,-80.9431,Dallas/Fort Worth Intl,32.8998,-97.0403
3212,2881,CLT,SEA,Charlotte Douglas Intl,35.214,-80.9431,Seattle-Tacoma Intl,47.4502,-122.3088
3213,739,IAH,BOS,George Bush Intercontinental,29.9902,-95.3368,Boston Logan Intl,42.3656,-71.0096
3214,3082,MSP,ORD,Minneapolis–Saint Paul Intl,44.883,-93.21,Chicago O’Hare Intl,41.9742,-87.9073
3215,1808,LAS,ORD,Las Vegas McCarran Intl,36.084,-115.1537,Chicago O’Hare Intl,41.9742,-87.9073
3216,2700,DFW,SEA,Dallas/Fort Worth Intl,32.8998,-97.0403,Seattle-Tacoma Intl,47.4502,-122.3088
3217,2875,LAX,DEN,Los Angeles Intl,33.9416,-118.4085,Denver Intl,39.8561,-104.6737
3218,3257,IAH,ORD,George Bush Intercontinental,29.9902,-95.3368,Chicago O’Hare Intl,41.9742,-87.9073
3219,3274,CLT,BOS,Charlotte Douglas Intl,35.214,-80.9431,Boston Logan Intl,42.3656,-71.0096
3220,1203,MSP,PHX,Minneapolis–Saint Paul Intl,44.883,-93.21,Phoenix Sky Harbor Intl,33.4342,-112.0116
3221,2307,JFK,ATL,John F. Kennedy Intl,40.6413,-73.7781,Hartsfield-Jackson Atlanta Intl,33.6407,-84.4277
3222,1361,IAH,MSP,George Bush Intercontinental,29.9902,-95.3368,Minneapolis–Saint Paul Intl,44.883,-93.21
3223,3086,PHX,ORD,Phoenix Sky Harbor Intl,33.4342,-112.0116,Chicago O’Hare Intl,41.9742,-87.9073
3224,3398,LAS,CLT,Las Vegas McCarran Intl,36.084,-115.1537,Charlotte Douglas Intl,35.214,-80.9431
3225,1577,LAX,MIA,Los Angeles Intl,33.9416,-118.4085,Miami Intl,25.7959,-80.287
3226,3382,CLT,DEN,Charlotte Douglas Intl,35.214,-80.9431,Denver Intl,39.8561,-104.6737
3227,3032,SFO,CLT,San Francisco Intl,37.6213,-122.379,Charlotte Douglas Intl,35.214,-80.9431
3228,3364,ORD,BOS,Chicago O’Hare Intl,41.9742,-87.9073,Boston Logan Intl,42.3656,-71.0096
3229,1612,MSP,PHX,Minneapolis–Saint Paul Intl,44.883,-93.21,Phoenix Sky Harbor Intl,33.4342,-112.0116
3230,2950,ORD,LAX,Chicago O’Hare Intl,41.9742,-87.9073,Los Angeles Intl,33.9416,-118.4085
3231,3948,DEN,SFO,Denver Intl,39.8561,-104.6737,San Francisco Intl,37.6213,-122.379
3232,2672,ORD,MSP,Chicago O’Hare Intl,41.9742,-87.9073,Minneapolis–Saint Paul Intl,44.883,-93.21
3233,2816,LAX,SEA,Los Angeles Intl,33.9416,-118.4085,Seattle-Tacoma Intl,47.4502,-122.3088
3234,3415,BOS,DFW,Boston Logan Intl,42.3656,-71.0096,Dallas/Fort Worth Intl,32.8998,-97.0403
3235,2678,MIA,CLT,Miami Intl,25.7959,-80.287,Charlotte Douglas Intl,35.214,-80.9431
3236,1718,LAX,SFO,Los Angeles Intl,33.9416,-118.4085,San Francisco Intl,37.6213,-122.379
3237,3845,LAS,DFW,Las Vegas McCarran Intl,36.084,-115.1537,Dallas/Fort Worth Intl,32.8998,-97.0403
3238,1519,PHX,SFO,Phoenix Sky Harbor Intl,33.4342,-112.0116,San Francisco Intl,37.6213,-122.379
3239,1740,LAX,SFO,Los Angeles Intl,33.9416,-118.4085,San Francisco Intl,37.6213,-122.379
3240,3060,IAH,ATL,George Bush Intercontinental,29.9902,-95.3368,Hartsfield-Jackson Atlanta Intl,33.6407,-84.4277
3241,3772,MSP,JFK,Minneapolis–Saint Paul Intl,44.883,-93.21,John F. Kennedy Intl,40.6413,-73.7781
3242,499,SEA,MIA,Seattle-Tacoma Intl,47.4502,-122.3088,Miami Intl,25.7959,-80.287
3243,2892,MSP,LAX,Minneapolis–Saint Paul Intl,44.883,-93.21,Los Angeles Intl,33.9416,-118.4085
3244,1860,MIA,LAS,Miami Intl,25.7959,-80.287,Las Vegas McCarran Intl,36.084,-115.1537
3245,2220,SFO,ORD,San Francisco Intl,37.6213,-122.379,Chicago O’Hare Intl,41.9742,-87.9073
3246,1200,ORD,BOS,Chicago O’Hare Intl,41.9742,-87.9073,Boston Logan Intl,42.3656,-71.0096
3247,194,MIA,DEN,Miami Intl,25.7959,-80.287,Denver Intl,39.8561,-104.6737
3248,2972,ORD,MIA,Chicago O’Hare Intl,41.9742,-87.9073,Miami Intl,25.7959,-80.287
3249,3338,DEN,DFW,Denver Intl,39.8561,-104.6737,Dallas/Fort Worth Intl,32.8998,-97.0403
3250,3766,MIA,ATL,Miami Intl,25.7959,-80.287,Hartsfield-Jackson Atlanta Intl,33.6407,-84.4277
3251,3314,CLT,DFW,Charlotte Douglas Intl,35.214,-80.9431,Dallas/Fort Worth Intl,32.8998,-97.0403
3252,2188,LAS,JFK,Las Vegas McCarran Intl,36.084,-115.1537,John F. Kennedy Intl,40.6413,-73.7781
3253,1981,LAS,DEN,Las Vegas McCarran Intl,36.084,-115.1537,Denver Intl,39.8561,-104.6737
3254,3651,ORD,LAS,Chicago O’Hare Intl,41.9742,-87.9073,Las Vegas McCarran Intl,36.084,-115.1537
3255,3148,SFO,IAH,San Francisco Intl,37.6213,-122.379,George Bush Intercontinental,29.9902,-95.3368
3256,3965,CLT,ATL,Charlotte Douglas Intl,35.214,-80.9431,Hartsfield-Jackson Atlanta Intl,33.6407,-84.4277
3257,1785,ATL,DFW,Hartsfield-Jackson Atlanta Intl,33.6407,-84.4277,Dallas/Fort Worth Intl,32.8998,-97.0403
3258,1811,DFW,JFK,Dallas/Fort Worth Intl,32.8998,-97.0403,John F. Kennedy Intl,40.6413,-73.7781
3259,2463,DFW,IAH,Dallas/Fort Worth Intl,32.8998,-97.0403,George Bush Intercontinental,29.9902,-95.3368
3260,2252,SFO,MSP,San Francisco Intl,37.6213,-122.379,Minneapolis–Saint Paul Intl,44.883,-93.21
3261,1868,SEA,BOS,Seattle-Tacoma Intl,47.4502,-122.3088,Boston Logan Intl,42.3656,-71.0096
3262,2324,ATL,BOS,Hartsfield-Jackson Atlanta Intl,33.6407,-84.4277,Boston Logan Intl,42.3656,-71.0096
3263,2429,DEN,LAS,Denver Intl,39.8561,-104.6737,Las Vegas McCarran Intl,36.084,-115.1537
3264,1566,SFO,DFW,San Francisco Intl,37.6213,-122.379,Dallas/Fort Worth Intl,32.8998,-97.0403
3265,2754,CLT,MSP,Charlotte Douglas Intl,35.214,-80.9431,Minneapolis–Saint Paul Intl,44.883,-93.21
3266,3532,DFW,LAS,Dallas/Fort Worth Intl,32.8998,-97.0403,Las Vegas McCarran Intl,36.084,-115.1537
3267,1231,IAH,MIA,George Bush Intercontinental,29.9902,-95.3368,Miami Intl,25.7959,-80.287
3268,2780,DFW,DEN,Dallas/Fort Worth Intl,32.8998,-97.0403,Denver Intl,39.8561,-104.6737
3269,1970,DFW,SEA,Dallas/Fort Worth Intl,32.8998,-97.0403,Seattle-Tacoma Intl,47.4502,-122.3088
3270,1836,CLT,MIA,Charlotte Douglas Intl,35.214,-80.9431,Miami Intl,25.7959,-80.287
3271,3046,JFK,BOS,John F. Kennedy Intl,40.6413,-73.7781,Boston Logan Intl,42.3656,-71.0096
3272,2449,SFO,DEN,San Francisco Intl,37.6213,-122.379,Denver Intl,39.8561,-104.6737
3273,2758,LAX,JFK,Los Angeles Intl,33.9416,-118.4085,John F. Kennedy Intl,40.6413,-73.7781
3274,2759,MSP,ATL,Minneapolis–Saint Paul Intl,44.883,-93.21,Hartsfield-Jackson Atlanta Intl,33.6407,-84.4277
3275,681,DEN,PHX,Denver Intl,39.8561,-104.6737,Phoenix Sky Harbor Intl,33.4342,-112.0116
3276,3682,DFW,CLT,Dallas/Fort Worth Intl,32.8998,-97.0403,Charlotte Douglas Intl,35.214,-80.9431
3277,2939,MSP,JFK,Minneapolis–Saint Paul Intl,44.883,-93.21,John F. Kennedy Intl,40.6413,-73.7781
3278,1473,LAS,SFO,Las Vegas McCarran Intl,36.084,-115.1537,San Francisco Intl,37.6213,-122.379
3279,3655,IAH,DFW,George Bush Intercontinental,29.9902,-95.3368,Dallas/Fort Worth Intl,32.8998,-97.0403
3280,3674,ORD,PHX,Chicago O’Hare Intl,41.9742,-87.9073,Phoenix Sky Harbor Intl,33.4342,-112.0116
3281,2619,SFO,LAX,San Francisco Intl,37.6213,-122.379,Los Angeles Intl,33.9416,-118.4085
3282,3501,PHX,DEN,Phoenix Sky Harbor Intl,33.4342,-112.0116,Denver Intl,39.8561,-104.6737
3283,1640,CLT,SEA,Charlotte Douglas Intl,35.214,-80.9431,Seattle-Tacoma Intl,47.4502,-122.3088
3284,2854,JFK,ORD,John F. Kennedy Intl,40.6413,-73.7781,Chicago O’Hare Intl,41.9742,-87.9073
3285,3879,LAS,JFK,Las Vegas McCarran Intl,36.084,-115.1537,John F. Kennedy Intl,40.6413,-73.7781
3286,870,SFO,SEA,San Francisco Intl,37.6213,-122.379,Seattle-Tacoma Intl,47.4502,-122.3088
3287,3928,DEN,SFO,Denver Intl,39.8561,-104.6737,San Francisco Intl,37.6213,-122.379
3288,2951,IAH,ORD,George Bush Intercontinental,29.9902,-95.3368,Chicago O’Hare Intl,41.9742,-87.9073
3289,3554,JFK,SEA,John F. Kennedy Intl,40.6413,-73.7781,Seattle-Tacoma Intl,47.4502,-122.3088
3290,1405,DEN,LAX,Denver Intl,39.8561,-104.6737,Los Angeles Intl,33.9416,-118.4085
3291,567,LAS,BOS,Las Vegas McCarran Intl,36.084,-115.1537,Boston Logan Intl,42.3656,-71.0096
3292,1295,SFO,MIA,San Francisco Intl,37.6213,-122.379,Miami Intl,25.7959,-80.287
3293,2967,LAX,DFW,Los Angeles Intl,33.9416,-118.4085,Dallas/Fort Worth Intl,32.8998,-97.0403
3294,2362,LAS,ATL,Las Vegas McCarran Intl,36.084,-115.1537,Hartsfield-Jackson Atlanta Intl,33.6407,-84.4277
3295,2238,PHX,SEA,Phoenix Sky Harbor Intl,33.4342,-112.0116,Seattle-Tacoma Intl,47.4502,-122.3088
3296,1714,DEN,SFO,Denver Intl,39.8561,-104.6737,San Francisco Intl,37.6213,-122.379
3297,203,JFK,PHX,John F. Kennedy Intl,40.6413,-73.7781,Phoenix Sky Harbor Intl,33.4342,-112.0116
3298,2216,JFK,IAH,John F. Kennedy Intl,40.6413,-73.7781,George Bush Intercontinental,29.9902,-95.3368
3299,3171,MSP,DEN,Minneapolis–Saint Paul Intl,44.883,-93.21,Denver Intl,39.8561,-104.6737
3300,215,DEN,BOS,Denver Intl,39.8561,-104.6737,Boston Logan Intl,42.3656,-71.0096
3301,2852,BOS,IAH,Boston Logan Intl,42.3656,-71.0096,George Bush Intercontinental,29.9902,-95.3368
3302,375,SFO,DEN,San Francisco Intl,37.6213,-122.379,Denver Intl,39.8561,-104.6737
3303,2016,BOS,SFO,Boston Logan Intl,42.3656,-71.0096,San Francisco Intl,37.6213,-122.379
3304,3650,SEA,DEN,Seattle-Tacoma Intl,47.4502,-122.3088,Denver Intl,39.8561,-104.6737
3305,2786,SFO,SEA,San Francisco Intl,37.6213,-122.379,Seattle-Tacoma Intl,47.4502,-122.3088
3306,1604,DEN,PHX,Denver Intl,39.8561,-104.6737,Phoenix Sky Harbor Intl,33.4342,-112.0116
3307,1515,ATL,IAH,Hartsfield-Jackson Atlanta Intl,33.6407,-84.4277,George Bush Intercontinental,29.9902,-95.3368
3308,3022,IAH,JFK,George Bush Intercontinental,29.9902,-95.3368,John F. Kennedy Intl,40.6413,-73.7781
3309,1690,DEN,IAH,Denver Intl,39.8561,-104.6737,George Bush Intercontinental,29.9902,-95.3368
3310,1887,BOS,DEN,Boston Logan Intl,42.3656,-71.0096,Denver Intl,39.8561,-104.6737
3311,3105,LAX,MIA,Los Angeles Intl,33.9416,-118.4085,Miami Intl,25.7959,-80.287
3312,2953,IAH,PHX,George Bush Intercontinental,29.9902,-95.3368,Phoenix Sky Harbor Intl,33.4342,-112.0116
3313,1432,DEN,LAX,Denver Intl,39.8561,-104.6737,Los Angeles Intl,33.9416,-118.4085
3314,3783,DEN,ATL,Denver Intl,39.8561,-104.6737,Hartsfield-Jackson Atlanta Intl,33.6407,-84.4277
3315,1649,LAX,SEA,Los Angeles Intl,33.9416,-118.4085,Seattle-Tacoma Intl,47.4502,-122.3088
3316,2485,DEN,CLT,Denver Intl,39.8561,-104.6737,Charlotte Douglas Intl,35.214,-80.9431
3317,3530,IAH,ORD,George Bush Intercontinental,29.9902,-95.3368,Chicago O’Hare Intl,41.9742,-87.9073
3318,1929,DFW,LAS,Dallas/Fort Worth Intl,32.8998,-97.0403,Las Vegas McCarran Intl,36.084,-115.1537
3319,1559,ATL,PHX,Hartsfield-Jackson Atlanta Intl,33.6407,-84.4277,Phoenix Sky Harbor Intl,33.4342,-112.0116
3320,263,ORD,CLT,Chicago O’Hare Intl,41.9742,-87.9073,Charlotte Douglas Intl,35.214,-80.9431
3321,1856,ATL,CLT,Hartsfield-Jackson Atlanta Intl,33.6407,-84.4277,Charlotte Douglas Intl,35.214,-80.9431
3322,3558,CLT,PHX,Charlotte Douglas Intl,35.214,-80.9431,Phoenix Sky Harbor Intl,33.4342,-112.0116
3323,3963,PHX,SFO,Phoenix Sky Harbor Intl,33.4342,-112.0116,San Francisco Intl,37.6213,-122.379
3324,2351,MSP,BOS,Minneapolis–Saint Paul Intl,44.883,-93.21,Boston Logan Intl,42.3656,-71.0096
3325,3625,DEN,IAH,Denver Intl,39.8561,-104.6737,George Bush Intercontinental,29.9902,-95.3368
3326,198,DFW,PHX,Dallas/Fort Worth Intl,32.8998,-97.0403,Phoenix Sky Harbor Intl,33.4342,-112.0116
3327,3057,SFO,SEA,San Francisco Intl,37.6213,-122.379,Seattle-Tacoma Intl,47.4502,-122.3088
3328,1745,DEN,MSP,Denver Intl,39.8561,-104.6737,Minneapolis–Saint Paul Intl,44.883,-93.21
3329,3701,BOS,IAH,Boston Logan Intl,42.3656,-71.0096,George Bush Intercontinental,29.9902,-95.3368
3330,3940,LAS,IAH,Las Vegas McCarran Intl,36.084,-115.1537,George Bush Intercontinental,29.9902,-95.3368
3331,3481,DFW,JFK,Dallas/Fort Worth Intl,32.8998,-97.0403,John F. Kennedy Intl,40.6413,-73.7781
3332,3312,LAX,CLT,Los Angeles Intl,33.9416,-118.4085,Charlotte Douglas Intl,35.214,-80.9431
3333,2692,DFW,BOS,Dallas/Fort Worth Intl,32.8998,-97.0403,Boston Logan Intl,42.3656,-71.0096
3334,3034,CLT,LAS,Charlotte Douglas Intl,35.214,-80.9431,Las Vegas McCarran Intl,36.084,-115.1537
3335,3265,LAX,MIA,Los Angeles Intl,33.9416,-118.4085,Miami Intl,25.7959,-80.287
3336,2508,SEA,SFO,Seattle-Tacoma Intl,47.4502,-122.3088,San Francisco Intl,37.6213,-122.379
3337,2689,ORD,MSP,Chicago O’Hare Intl,41.9742,-87.9073,Minneapolis–Saint Paul Intl,44.883,-93.21
3338,2674,MIA,BOS,Miami Intl,25.7959,-80.287,Boston Logan Intl,42.3656,-71.0096
3339,856,IAH,DEN,George Bush Intercontinental,29.9902,-95.3368,Denver Intl,39.8561,-104.6737
3340,1100,DFW,SEA,Dallas/Fort Worth Intl,32.8998,-97.0403,Seattle-Tacoma Intl,47.4502,-122.3088
3341,2929,IAH,MSP,George Bush Intercontinental,29.9902,-95.3368,Minneapolis–Saint Paul Intl,44.883,-93.21
3342,3921,JFK,LAX,John F. Kennedy Intl,40.6413,-73.7781,Los Angeles Intl,33.9416,-118.4085
3343,1764,BOS,SFO,Boston Logan Intl,42.3656,-71.0096,San Francisco Intl,37.6213,-122.379
3344,2426,DEN,MSP,Denver Intl,39.8561,-104.6737,Minneapolis–Saint Paul Intl,44.883,-93.21
3345,2995,BOS,DFW,Boston Logan Intl,42.3656,-71.0096,Dallas/Fort Worth Intl,32.8998,-97.0403
3346,3916,IAH,MIA,George Bush Intercontinental,29.9902,-95.3368,Miami Intl,25.7959,-80.287
3347,3163,ATL,CLT,Hartsfield-Jackson Atlanta Intl,33.6407,-84.4277,Charlotte Douglas Intl,35.214,-80.9431
3348,1641,MIA,ATL,Miami Intl,25.7959,-80.287,Hartsfield-Jackson Atlanta Intl,33.6407,-84.4277
3349,3698,ATL,SFO,Hartsfield-Jackson Atlanta Intl,33.6407,-84.4277,San Francisco Intl,37.6213,-122.379
3350,2484,SEA,JFK,Seattle-Tacoma Intl,47.4502,-122.3088,John F. Kennedy Intl,40.6413,-73.7781
3351,2219,MIA,SEA,Miami Intl,25.7959,-80.287,Seattle-Tacoma Intl,47.4502,-122.3088
3352,1871,MIA,DEN,Miami Intl,25.7959,-80.287,Denver Intl,39.8561,-104.6737
3353,1466,ATL,MSP,Hartsfield-Jackson Atlanta Intl,33.6407,-84.4277,Minneapolis–Saint Paul Intl,44.883,-93.21
3354,1962,LAX,ATL,Los Angeles Intl,33.9416,-118.4085,Hartsfield-Jackson Atlanta Intl,33.6407,-84.4277
3355,742,CLT,ATL,Charlotte Douglas Intl,35.214,-80.9431,Hartsfield-Jackson Atlanta Intl,33.6407,-84.4277
3356,1894,IAH,MIA,George Bush Intercontinental,29.9902,-95.3368,Miami Intl,25.7959,-80.287
3357,2034,ATL,MSP,Hartsfield-Jackson Atlanta Intl,33.6407,-84.4277,Minneapolis–Saint Paul Intl,44.883,-93.21
3358,801,BOS,LAS,Boston Logan Intl,42.3656,-71.0096,Las Vegas McCarran Intl,36.084,-115.1537
3359,3961,LAX,JFK,Los Angeles Intl,33.9416,-118.4085,John F. Kennedy Intl,40.6413,-73.7781
3360,3627,BOS,JFK,Boston Logan Intl,42.3656,-71.0096,John F. Kennedy Intl,40.6413,-73.7781
3361,3958,CLT,DEN,Charlotte Douglas Intl,35.214,-80.9431,Denver Intl,39.8561,-104.6737
3362,2380,SEA,MSP,Seattle-Tacoma Intl,47.4502,-122.3088,Minneapolis–Saint Paul Intl,44.883,-93.21
3363,1376,DEN,ATL,Denver Intl,39.8561,-104.6737,Hartsfield-Jackson Atlanta Intl,33.6407,-84.4277
3364,443,CLT,JFK,Charlotte Douglas Intl,35.214,-80.9431,John F. Kennedy Intl,40.6413,-73.7781
3365,1602,PHX,JFK,Phoenix Sky Harbor Intl,33.4342,-112.0116,John F. Kennedy Intl,40.6413,-73.7781
3366,3292,SFO,ORD,San Francisco Intl,37.6213,-122.379,Chicago O’Hare Intl,41.9742,-87.9073
3367,2060,LAX,IAH,Los Angeles Intl,33.9416,-118.4085,George Bush Intercontinental,29.9902,-95.3368
3368,3068,SEA,PHX,Seattle-Tacoma Intl,47.4502,-122.3088,Phoenix Sky Harbor Intl,33.4342,-112.0116
3369,3992,PHX,LAS,Phoenix Sky Harbor Intl,33.4342,-112.0116,Las Vegas McCarran Intl,36.084,-115.1537
3370,3280,JFK,MSP,John F. Kennedy Intl,40.6413,-73.7781,Minneapolis–Saint Paul Intl,44.883,-93.21
3371,2546,SEA,ATL,Seattle-Tacoma Intl,47.4502,-122.3088,Hartsfield-Jackson Atlanta Intl,33.6407,-84.4277
3372,3508,ATL,DFW,Hartsfield-Jackson Atlanta Intl,33.6407,-84.4277,Dallas/Fort Worth Intl,32.8998,-97.0403
3373,886,MSP,JFK,Minneapolis–Saint Paul Intl,44.883,-93.21,John F. Kennedy Intl,40.6413,-73.7781
3374,2944,ATL,BOS,Hartsfield-Jackson Atlanta Intl,33.6407,-84.4277,Boston Logan Intl,42.3656,-71.0096
3375,1802,CLT,IAH,Charlotte Douglas Intl,35.214,-80.9431,George Bush Intercontinental,29.9902,-95.3368
3376,3140,SFO,ATL,San Francisco Intl,37.6213,-122.379,Hartsfield-Jackson Atlanta Intl,33.6407,-84.4277
3377,3760,SEA,JFK,Seattle-Tacoma Intl,47.4502,-122.3088,John F. Kennedy Intl,40.6413,-73.7781
3378,3639,IAH,ATL,George Bush Intercontinental,29.9902,-95.3368,Hartsfield-Jackson Atlanta Intl,33.6407,-84.4277
3379,2287,ORD,LAS,Chicago O’Hare Intl,41.9742,-87.9073,Las Vegas McCarran Intl,36.084,-115.1537
3380,941,DEN,IAH,Denver Intl,39.8561,-104.6737,George Bush Intercontinental,29.9902,-95.3368
3381,1596,CLT,JFK,Charlotte Douglas Intl,35.214,-80.9431,John F. Kennedy Intl,40.6413,-73.7781
3382,2171,ATL,ORD,Hartsfield-Jackson Atlanta Intl,33.6407,-84.4277,Chicago O’Hare Intl,41.9742,-87.9073
3383,1560,SFO,LAS,San Francisco Intl,37.6213,-122.379,Las Vegas McCarran Intl,36.084,-115.1537
3384,2595,DEN,LAS,Denver Intl,39.8561,-104.6737,Las Vegas McCarran Intl,36.084,-115.1537
3385,1163,SEA,MSP,Seattle-Tacoma Intl,47.4502,-122.3088,Minneapolis–Saint Paul Intl,44.883,-93.21
3386,2368,IAH,SEA,George Bush Intercontinental,29.9902,-95.3368,Seattle-Tacoma Intl,47.4502,-122.3088
3387,3284,SEA,IAH,Seattle-Tacoma Intl,47.4502,-122.3088,George Bush Intercontinental,29.9902,-95.3368
3388,1799,MIA,MSP,Miami Intl,25.7959,-80.287,Minneapolis–Saint Paul Intl,44.883,-93.21
3389,3573,SFO,JFK,San Francisco Intl,37.6213,-122.379,John F. Kennedy Intl,40.6413,-73.7781
3390,2118,PHX,IAH,Phoenix Sky Harbor Intl,33.4342,-112.0116,George Bush Intercontinental,29.9902,-95.3368
3391,2732,ATL,PHX,Hartsfield-Jackson Atlanta Intl,33.6407,-84.4277,Phoenix Sky Harbor Intl,33.4342,-112.0116
3392,1210,IAH,DFW,George Bush Intercontinental,29.9902,-95.3368,Dallas/Fort Worth Intl,32.8998,-97.0403
3393,1581,ORD,ATL,Chicago O’Hare Intl,41.9742,-87.9073,Hartsfield-Jackson Atlanta Intl,33.6407,-84.4277
3394,1761,SEA,MSP,Seattle-Tacoma Intl,47.4502,-122.3088,Minneapolis–Saint Paul Intl,44.883,-93.21
3395,2326,ORD,DEN,Chicago O’Hare Intl,41.9742,-87.9073,Denver Intl,39.8561,-104.6737
3396,2481,SEA,MSP,Seattle-Tacoma Intl,47.4502,-122.3088,Minneapolis–Saint Paul Intl,44.883,-93.21
3397,3190,ATL,ORD,Hartsfield-Jackson Atlanta Intl,33.6407,-84.4277,Chicago O’Hare Intl,41.9742,-87.9073
3398,2850,DEN,CLT,Denver Intl,39.8561,-104.6737,Charlotte Douglas Intl,35.214,-80.9431
3399,1525,DFW,JFK,Dallas/Fort Worth Intl,32.8998,-97.0403,John F. Kennedy Intl,40.6413,-73.7781
3400,2609,DEN,ORD,Denver Intl,39.8561,-104.6737,Chicago O’Hare Intl,41.9742,-87.9073
3401,2319,SEA,JFK,Seattle-Tacoma Intl,47.4502,-122.3088,John F. Kennedy Intl,40.6413,-73.7781
3402,2549,BOS,ATL,Boston Logan Intl,42.3656,-71.0096,Hartsfield-Jackson Atlanta Intl,33.6407,-84.4277
3403,3456,MSP,ATL,Minneapolis–Saint Paul Intl,44.883,-93.21,Hartsfield-Jackson Atlanta Intl,33.6407,-84.4277
3404,2737,LAS,SFO,Las Vegas McCarran Intl,36.084,-115.1537,San Francisco Intl,37.6213,-122.379
3405,1178,DFW,MIA,Dallas/Fort Worth Intl,32.8998,-97.0403,Miami Intl,25.7959,-80.287
3406,2262,PHX,LAX,Phoenix Sky Harbor Intl,33.4342,-112.0116,Los Angeles Intl,33.9416,-118.4085
3407,3773,DFW,BOS,Dallas/Fort Worth Intl,32.8998,-97.0403,Boston Logan Intl,42.3656,-71.0096
3408,3210,MSP,BOS,Minneapolis–Saint Paul Intl,44.883,-93.21,Boston Logan Intl,42.3656,-71.0096
3409,1720,ORD,DEN,Chicago O’Hare Intl,41.9742,-87.9073,Denver Intl,39.8561,-104.6737
3410,3362,SFO,BOS,San Francisco Intl,37.6213,-122.379,Boston Logan Intl,42.3656,-71.0096
3411,2693,ORD,DFW,Chicago O’Hare Intl,41.9742,-87.9073,Dallas/Fort Worth Intl,32.8998,-97.0403
3412,2703,CLT,JFK,Charlotte Douglas Intl,35.214,-80.9431,John F. Kennedy Intl,40.6413,-73.7781
3413,3344,ORD,JFK,Chicago O’Hare Intl,41.9742,-87.9073,John F. Kennedy Intl,40.6413,-73.7781
3414,2839,PHX,DEN,Phoenix Sky Harbor Intl,33.4342,-112.0116,Denver Intl,39.8561,-104.6737
3415,2866,BOS,LAX,Boston Logan Intl,42.3656,-71.0096,Los Angeles Intl,33.9416,-118.4085
3416,3790,DEN,LAX,Denver Intl,39.8561,-104.6737,Los Angeles Intl,33.9416,-118.4085
3417,348,DEN,DFW,Denver Intl,39.8561,-104.6737,Dallas/Fort Worth Intl,32.8998,-97.0403
3418,2795,LAS,ATL,Las Vegas McCarran Intl,36.084,-115.1537,Hartsfield-Jackson Atlanta Intl,33.6407,-84.4277
3419,1509,JFK,MIA,John F. Kennedy Intl,40.6413,-73.7781,Miami Intl,25.7959,-80.287
3420,2214,SEA,LAS,Seattle-Tacoma Intl,47.4502,-122.3088,Las Vegas McCarran Intl,36.084,-115.1537
3421,3725,BOS,LAS,Boston Logan Intl,42.3656,-71.0096,Las Vegas McCarran Intl,36.084,-115.1537
3422,1775,JFK,IAH,John F. Kennedy Intl,40.6413,-73.7781,George Bush Intercontinental,29.9902,-95.3368
3423,1805,MSP,SFO,Minneapolis–Saint Paul Intl,44.883,-93.21,San Francisco Intl,37.6213,-122.379
3424,2289,CLT,ATL,Charlotte Douglas Intl,35.214,-80.9431,Hartsfield-Jackson Atlanta Intl,33.6407,-84.4277
3425,1059,ATL,SFO,Hartsfield-Jackson Atlanta Intl,33.6407,-84.4277,San Francisco Intl,37.6213,-122.379
3426,2791,MSP,ATL,Minneapolis–Saint Paul Intl,44.883,-93.21,Hartsfield-Jackson Atlanta Intl,33.6407,-84.4277
3427,1186,SEA,ORD,Seattle-Tacoma Intl,47.4502,-122.3088,Chicago O’Hare Intl,41.9742,-87.9073
3428,2957,SEA,MSP,Seattle-Tacoma Intl,47.4502,-122.3088,Minneapolis–Saint Paul Intl,44.883,-93.21
3429,3503,MIA,PHX,Miami Intl,25.7959,-80.287,Phoenix Sky Harbor Intl,33.4342,-112.0116
3430,1550,MIA,MSP,Miami Intl,25.7959,-80.287,Minneapolis–Saint Paul Intl,44.883,-93.21
3431,3170,LAX,CLT,Los Angeles Intl,33.9416,-118.4085,Charlotte Douglas Intl,35.214,-80.9431
3432,3343,MSP,ORD,Minneapolis–Saint Paul Intl,44.883,-93.21,Chicago O’Hare Intl,41.9742,-87.9073
3433,2778,LAX,ATL,Los Angeles Intl,33.9416,-118.4085,Hartsfield-Jackson Atlanta Intl,33.6407,-84.4277
3434,3675,ORD,LAX,Chicago O’Hare Intl,41.9742,-87.9073,Los Angeles Intl,33.9416,-118.4085
3435,3031,ATL,ORD,Hartsfield-Jackson Atlanta Intl,33.6407,-84.4277,Chicago O’Hare Intl,41.9742,-87.9073
3436,686,DFW,LAS,Dallas/Fort Worth Intl,32.8998,-97.0403,Las Vegas McCarran Intl,36.084,-115.1537
3437,3815,LAS,DFW,Las Vegas McCarran Intl,36.084,-115.1537,Dallas/Fort Worth Intl,32.8998,-97.0403
3438,1729,DFW,ORD,Dallas/Fort Worth Intl,32.8998,-97.0403,Chicago O’Hare Intl,41.9742,-87.9073
3439,3096,LAS,BOS,Las Vegas McCarran Intl,36.084,-115.1537,Boston Logan Intl,42.3656,-71.0096
3440,1630,MIA,CLT,Miami Intl,25.7959,-80.287,Charlotte Douglas Intl,35.214,-80.9431
3441,3102,MIA,SEA,Miami Intl,25.7959,-80.287,Seattle-Tacoma Intl,47.4502,-122.3088
3442,3756,MIA,SEA,Miami Intl,25.7959,-80.287,Seattle-Tacoma Intl,47.4502,-122.3088
3443,3852,BOS,IAH,Boston Logan Intl,42.3656,-71.0096,George Bush Intercontinental,29.9902,-95.3368
3444,478,SFO,IAH,San Francisco Intl,37.6213,-122.379,George Bush Intercontinental,29.9902,-95.3368
3445,1704,LAS,ATL,Las Vegas McCarran Intl,36.084,-115.1537,Hartsfield-Jackson Atlanta Intl,33.6407,-84.4277
3446,1112,MSP,SFO,Minneapolis–Saint Paul Intl,44.883,-93.21,San Francisco Intl,37.6213,-122.379
3447,1367,LAX,PHX,Los Angeles Intl,33.9416,-118.4085,Phoenix Sky Harbor Intl,33.4342,-112.0116
3448,796,BOS,LAX,Boston Logan Intl,42.3656,-71.0096,Los Angeles Intl,33.9416,-118.4085
3449,2557,DEN,ATL,Denver Intl,39.8561,-104.6737,Hartsfield-Jackson Atlanta Intl,33.6407,-84.4277
3450,2057,DFW,ORD,Dallas/Fort Worth Intl,32.8998,-97.0403,Chicago O’Hare Intl,41.9742,-87.9073
3451,132,CLT,DFW,Charlotte Douglas Intl,35.214,-80.9431,Dallas/Fort Worth Intl,32.8998,-97.0403
3452,2416,PHX,IAH,Phoenix Sky Harbor Intl,33.4342,-112.0116,George Bush Intercontinental,29.9902,-95.3368
3453,2796,SEA,JFK,Seattle-Tacoma Intl,47.4502,-122.3088,John F. Kennedy Intl,40.6413,-73.7781
3454,3622,LAX,BOS,Los Angeles Intl,33.9416,-118.4085,Boston Logan Intl,42.3656,-71.0096
3455,3971,JFK,LAS,John F. Kennedy Intl,40.6413,-73.7781,Las Vegas McCarran Intl,36.084,-115.1537
3456,1457,IAH,DEN,George Bush Intercontinental,29.9902,-95.3368,Denver Intl,39.8561,-104.6737
3457,3997,DEN,MSP,Denver Intl,39.8561,-104.6737,Minneapolis–Saint Paul Intl,44.883,-93.21
3458,2080,MSP,DFW,Minneapolis–Saint Paul Intl,44.883,-93.21,Dallas/Fort Worth Intl,32.8998,-97.0403
3459,1529,CLT,LAS,Charlotte Douglas Intl,35.214,-80.9431,Las Vegas McCarran Intl,36.084,-115.1537
3460,3356,LAX,DFW,Los Angeles Intl,33.9416,-118.4085,Dallas/Fort Worth Intl,32.8998,-97.0403
3461,593,PHX,SEA,Phoenix Sky Harbor Intl,33.4342,-112.0116,Seattle-Tacoma Intl,47.4502,-122.3088
3462,2696,BOS,PHX,Boston Logan Intl,42.3656,-71.0096,Phoenix Sky Harbor Intl,33.4342,-112.0116
3463,2019,MSP,CLT,Minneapolis–Saint Paul Intl,44.883,-93.21,Charlotte Douglas Intl,35.214,-80.9431
3464,2767,ATL,LAS,Hartsfield-Jackson Atlanta Intl,33.6407,-84.4277,Las Vegas McCarran Intl,36.084,-115.1537
3465,3812,SEA,DFW,Seattle-Tacoma Intl,47.4502,-122.3088,Dallas/Fort Worth Intl,32.8998,-97.0403
3466,1715,LAX,IAH,Los Angeles Intl,33.9416,-118.4085,George Bush Intercontinental,29.9902,-95.3368
3467,3998,SFO,BOS,San Francisco Intl,37.6213,-122.379,Boston Logan Intl,42.3656,-71.0096
3468,2412,MIA,CLT,Miami Intl,25.7959,-80.287,Charlotte Douglas Intl,35.214,-80.9431
3469,2316,MIA,IAH,Miami Intl,25.7959,-80.287,George Bush Intercontinental,29.9902,-95.3368
3470,1494,SEA,LAX,Seattle-Tacoma Intl,47.4502,-122.3088,Los Angeles Intl,33.9416,-118.4085
3471,665,PHX,MSP,Phoenix Sky Harbor Intl,33.4342,-112.0116,Minneapolis–Saint Paul Intl,44.883,-93.21
3472,2096,LAS,ORD,Las Vegas McCarran Intl,36.084,-115.1537,Chicago O’Hare Intl,41.9742,-87.9073
3473,2526,CLT,JFK,Charlotte Douglas Intl,35.214,-80.9431,John F. Kennedy Intl,40.6413,-73.7781
3474,2954,BOS,SEA,Boston Logan Intl,42.3656,-71.0096,Seattle-Tacoma Intl,47.4502,-122.3088
3475,2594,MIA,SEA,Miami Intl,25.7959,-80.287,Seattle-Tacoma Intl,47.4502,-122.3088
3476,2935,LAX,MSP,Los Angeles Intl,33.9416,-118.4085,Minneapolis–Saint Paul Intl,44.883,-93.21
3477,2317,JFK,PHX,John F. Kennedy Intl,40.6413,-73.7781,Phoenix Sky Harbor Intl,33.4342,-112.0116
3478,3631,DFW,MSP,Dallas/Fort Worth Intl,32.8998,-97.0403,Minneapolis–Saint Paul Intl,44.883,-93.21
3479,1622,LAS,MIA,Las Vegas McCarran Intl,36.084,-115.1537,Miami Intl,25.7959,-80.287
3480,136,DFW,SFO,Dallas/Fort Worth Intl,32.8998,-97.0403,San Francisco Intl,37.6213,-122.379
3481,947,DEN,IAH,Denver Intl,39.8561,-104.6737,George Bush Intercontinental,29.9902,-95.3368
3482,367,CLT,LAX,Charlotte Douglas Intl,35.214,-80.9431,Los Angeles Intl,33.9416,-118.4085
3483,2893,ORD,SEA,Chicago O’Hare Intl,41.9742,-87.9073,Seattle-Tacoma Intl,47.4502,-122.3088
3484,3241,LAS,SFO,Las Vegas McCarran Intl,36.084,-115.1537,San Francisco Intl,37.6213,-122.379
3485,4502,ATL,SEA,Hartsfield-Jackson Atlanta Intl,33.6407,-84.4277,Seattle-Tacoma Intl,47.4502,-122.3088
3486,968,SEA,CLT,Seattle-Tacoma Intl,47.4502,-122.3088,Charlotte Douglas Intl,35.214,-80.9431
3487,1830,DEN,ORD,Denver Intl,39.8561,-104.6737,Chicago O’Hare Intl,41.9742,-87.9073
3488,1657,ORD,SFO,Chicago O’Hare Intl,41.9742,-87.9073,San Francisco Intl,37.6213,-122.379
3489,3865,BOS,JFK,Boston Logan Intl,42.3656,-71.0096,John F. Kennedy Intl,40.6413,-73.7781
3490,3846,LAS,IAH,Las Vegas McCarran Intl,36.084,-115.1537,George Bush Intercontinental,29.9902,-95.3368
3491,1574,SFO,MIA,San Francisco Intl,37.6213,-122.379,Miami Intl,25.7959,-80.287
3492,2931,SFO,ORD,San Francisco Intl,37.6213,-122.379,Chicago O’Hare Intl,41.9742,-87.9073
3493,3291,ATL,LAS,Hartsfield-Jackson Atlanta Intl,33.6407,-84.4277,Las Vegas McCarran Intl,36.084,-115.1537
3494,1765,CLT,BOS,Charlotte Douglas Intl,35.214,-80.9431,Boston Logan Intl,42.3656,-71.0096
3495,3354,MIA,JFK,Miami Intl,25.7959,-80.287,John F. Kennedy Intl,40.6413,-73.7781
3496,572,MSP,LAX,Minneapolis–Saint Paul Intl,44.883,-93.21,Los Angeles Intl,33.9416,-118.4085
3497,1240,LAX,MIA,Los Angeles Intl,33.9416,-118.4085,Miami Intl,25.7959,-80.287
3498,2869,DEN,LAS,Denver Intl,39.8561,-104.6737,Las Vegas McCarran Intl,36.084,-115.1537
3499,3912,IAH,DEN,George Bush Intercontinental,29.9902,-95.3368,Denver Intl,39.8561,-104.6737
3500,3191,LAS,IAH,Las Vegas McCarran Intl,36.084,-115.1537,George Bush Intercontinental,29.9902,-95.3368
3501,1077,DEN,SFO,Denver Intl,39.8561,-104.6737,San Francisco Intl,37.6213,-122.379
3502,243,LAS,CLT,Las Vegas McCarran Intl,36.084,-115.1537,Charlotte Douglas Intl,35.214,-80.9431
3503,1341,SEA,LAX,Seattle-Tacoma Intl,47.4502,-122.3088,Los Angeles Intl,33.9416,-118.4085
3504,2855,LAS,PHX,Las Vegas McCarran Intl,36.084,-115.1537,Phoenix Sky Harbor Intl,33.4342,-112.0116
3505,1686,SEA,LAS,Seattle-Tacoma Intl,47.4502,-122.3088,Las Vegas McCarran Intl,36.084,-115.1537
3506,1383,LAS,IAH,Las Vegas McCarran Intl,36.084,-115.1537,George Bush Intercontinental,29.9902,-95.3368
3507,1365,SFO,ORD,San Francisco Intl,37.6213,-122.379,Chicago O’Hare Intl,41.9742,-87.9073
3508,1358,SFO,DEN,San Francisco Intl,37.6213,-122.379,Denver Intl,39.8561,-104.6737
3509,2985,CLT,LAS,Charlotte Douglas Intl,35.214,-80.9431,Las Vegas McCarran Intl,36.084,-115.1537
3510,1321,PHX,JFK,Phoenix Sky Harbor Intl,33.4342,-112.0116,John F. Kennedy Intl,40.6413,-73.7781
3511,3562,JFK,SEA,John F. Kennedy Intl,40.6413,-73.7781,Seattle-Tacoma Intl,47.4502,-122.3088
3512,3577,JFK,BOS,John F. Kennedy Intl,40.6413,-73.7781,Boston Logan Intl,42.3656,-71.0096
3513,2662,PHX,IAH,Phoenix Sky Harbor Intl,33.4342,-112.0116,George Bush Intercontinental,29.9902,-95.3368
3514,2755,MIA,LAS,Miami Intl,25.7959,-80.287,Las Vegas McCarran Intl,36.084,-115.1537
3515,2015,JFK,CLT,John F. Kennedy Intl,40.6413,-73.7781,Charlotte Douglas Intl,35.214,-80.9431
3516,855,CLT,DFW,Charlotte Douglas Intl,35.214,-80.9431,Dallas/Fort Worth Intl,32.8998,-97.0403
3517,1270,IAH,ATL,George Bush Intercontinental,29.9902,-95.3368,Hartsfield-Jackson Atlanta Intl,33.6407,-84.4277
3518,2204,IAH,SFO,George Bush Intercontinental,29.9902,-95.3368,San Francisco Intl,37.6213,-122.379
3519,2782,LAX,JFK,Los Angeles Intl,33.9416,-118.4085,John F. Kennedy Intl,40.6413,-73.7781
3520,3251,LAX,BOS,Los Angeles Intl,33.9416,-118.4085,Boston Logan Intl,42.3656,-71.0096
3521,1611,IAH,LAX,George Bush Intercontinental,29.9902,-95.3368,Los Angeles Intl,33.9416,-118.4085
3522,938,DEN,MSP,Denver Intl,39.8561,-104.6737,Minneapolis–Saint Paul Intl,44.883,-93.21
3523,2699,MSP,SEA,Minneapolis–Saint Paul Intl,44.883,-93.21,Seattle-Tacoma Intl,47.4502,-122.3088
3524,3439,DFW,BOS,Dallas/Fort Worth Intl,32.8998,-97.0403,Boston Logan Intl,42.3656,-71.0096
3525,2494,PHX,MIA,Phoenix Sky Harbor Intl,33.4342,-112.0116,Miami Intl,25.7959,-80.287
3526,2656,LAX,DEN,Los Angeles Intl,33.9416,-118.4085,Denver Intl,39.8561,-104.6737
3527,2385,MSP,BOS,Minneapolis–Saint Paul Intl,44.883,-93.21,Boston Logan Intl,42.3656,-71.0096
3528,2495,MSP,DFW,Minneapolis–Saint Paul Intl,44.883,-93.21,Dallas/Fort Worth Intl,32.8998,-97.0403
3529,2535,ORD,JFK,Chicago O’Hare Intl,41.9742,-87.9073,John F. Kennedy Intl,40.6413,-73.7781
3530,3838,SFO,SEA,San Francisco Intl,37.6213,-122.379,Seattle-Tacoma Intl,47.4502,-122.3088
3531,3000,SEA,PHX,Seattle-Tacoma Intl,47.4502,-122.3088,Phoenix Sky Harbor Intl,33.4342,-112.0116
3532,3438,CLT,MSP,Charlotte Douglas Intl,35.214,-80.9431,Minneapolis–Saint Paul Intl,44.883,-93.21
3533,1553,IAH,ORD,George Bush Intercontinental,29.9902,-95.3368,Chicago O’Hare Intl,41.9742,-87.9073
3534,3935,JFK,BOS,John F. Kennedy Intl,40.6413,-73.7781,Boston Logan Intl,42.3656,-71.0096
3535,1146,PHX,ORD,Phoenix Sky Harbor Intl,33.4342,-112.0116,Chicago O’Hare Intl,41.9742,-87.9073
3536,1300,DEN,PHX,Denver Intl,39.8561,-104.6737,Phoenix Sky Harbor Intl,33.4342,-112.0116
3537,2006,IAH,ATL,George Bush Intercontinental,29.9902,-95.3368,Hartsfield-Jackson Atlanta Intl,33.6407,-84.4277
3538,2658,ATL,DFW,Hartsfield-Jackson Atlanta Intl,33.6407,-84.4277,Dallas/Fort Worth Intl,32.8998,-97.0403
3539,1392,SEA,MSP,Seattle-Tacoma Intl,47.4502,-122.3088,Minneapolis–Saint Paul Intl,44.883,-93.21
3540,3708,ORD,DFW,Chicago O’Hare Intl,41.9742,-87.9073,Dallas/Fort Worth Intl,32.8998,-97.0403
3541,1762,MSP,ATL,Minneapolis–Saint Paul Intl,44.883,-93.21,Hartsfield-Jackson Atlanta Intl,33.6407,-84.4277
3542,1370,JFK,MIA,John F. Kennedy Intl,40.6413,-73.7781,Miami Intl,25.7959,-80.287
3543,915,ORD,IAH,Chicago O’Hare Intl,41.9742,-87.9073,George Bush Intercontinental,29.9902,-95.3368
3544,245,SFO,DEN,San Francisco Intl,37.6213,-122.379,Denver Intl,39.8561,-104.6737
3545,2697,IAH,JFK,George Bush Intercontinental,29.9902,-95.3368,John F. Kennedy Intl,40.6413,-73.7781
3546,3373,LAS,SEA,Las Vegas McCarran Intl,36.084,-115.1537,Seattle-Tacoma Intl,47.4502,-122.3088
3547,3586,SFO,JFK,San Francisco Intl,37.6213,-122.379,John F. Kennedy Intl,40.6413,-73.7781
3548,3985,CLT,ORD,Charlotte Douglas Intl,35.214,-80.9431,Chicago O’Hare Intl,41.9742,-87.9073
3549,3253,MSP,JFK,Minneapolis–Saint Paul Intl,44.883,-93.21,John F. Kennedy Intl,40.6413,-73.7781
3550,1974,MIA,ATL,Miami Intl,25.7959,-80.287,Hartsfield-Jackson Atlanta Intl,33.6407,-84.4277
3551,3864,DEN,DFW,Denver Intl,39.8561,-104.6737,Dallas/Fort Worth Intl,32.8998,-97.0403
3552,3738,MSP,JFK,Minneapolis–Saint Paul Intl,44.883,-93.21,John F. Kennedy Intl,40.6413,-73.7781
3553,2321,SEA,SFO,Seattle-Tacoma Intl,47.4502,-122.3088,San Francisco Intl,37.6213,-122.379
3554,3966,BOS,PHX,Boston Logan Intl,42.3656,-71.0096,Phoenix Sky Harbor Intl,33.4342,-112.0116
3555,1285,BOS,IAH,Boston Logan Intl,42.3656,-71.0096,George Bush Intercontinental,29.9902,-95.3368
3556,3348,SEA,PHX,Seattle-Tacoma Intl,47.4502,-122.3088,Phoenix Sky Harbor Intl,33.4342,-112.0116
3557,3999,ATL,BOS,Hartsfield-Jackson Atlanta Intl,33.6407,-84.4277,Boston Logan Intl,42.3656,-71.0096
3558,274,CLT,ORD,Charlotte Douglas Intl,35.214,-80.9431,Chicago O’Hare Intl,41.9742,-87.9073
3559,1170,DEN,MIA,Denver Intl,39.8561,-104.6737,Miami Intl,25.7959,-80.287
3560,3016,ORD,CLT,Chicago O’Hare Intl,41.9742,-87.9073,Charlotte Douglas Intl,35.214,-80.9431
3561,1206,ATL,CLT,Hartsfield-Jackson Atlanta Intl,33.6407,-84.4277,Charlotte Douglas Intl,35.214,-80.9431
3562,3395,DFW,SFO,Dallas/Fort Worth Intl,32.8998,-97.0403,San Francisco Intl,37.6213,-122.379
3563,1413,SEA,LAS,Seattle-Tacoma Intl,47.4502,-122.3088,Las Vegas McCarran Intl,36.084,-115.1537
3564,3236,ORD,ATL,Chicago O’Hare Intl,41.9742,-87.9073,Hartsfield-Jackson Atlanta Intl,33.6407,-84.4277
3565,3827,BOS,LAX,Boston Logan Intl,42.3656,-71.0096,Los Angeles Intl,33.9416,-118.4085
3566,1291,LAX,ATL,Los Angeles Intl,33.9416,-118.4085,Hartsfield-Jackson Atlanta Intl,33.6407,-84.4277
3567,1153,PHX,ORD,Phoenix Sky Harbor Intl,33.4342,-112.0116,Chicago O’Hare Intl,41.9742,-87.9073
3568,2443,MIA,DEN,Miami Intl,25.7959,-80.287,Denver Intl,39.8561,-104.6737
3569,2379,BOS,MIA,Boston Logan Intl,42.3656,-71.0096,Miami Intl,25.7959,-80.287
3570,891,DEN,SFO,Denver Intl,39.8561,-104.6737,San Francisco Intl,37.6213,-122.379
3571,3924,LAS,BOS,Las Vegas McCarran Intl,36.084,-115.1537,Boston Logan Intl,42.3656,-71.0096
3572,1257,SFO,ORD,San Francisco Intl,37.6213,-122.379,Chicago O’Hare Intl,41.9742,-87.9073
3573,3707,PHX,IAH,Phoenix Sky Harbor Intl,33.4342,-112.0116,George Bush Intercontinental,29.9902,-95.3368
3574,1415,PHX,MSP,Phoenix Sky Harbor Intl,33.4342,-112.0116,Minneapolis–Saint Paul Intl,44.883,-93.21
3575,2942,LAX,DEN,Los Angeles Intl,33.9416,-118.4085,Denver Intl,39.8561,-104.6737
3576,3867,MIA,MSP,Miami Intl,25.7959,-80.287,Minneapolis–Saint Paul Intl,44.883,-93.21
3577,3125,IAH,DFW,George Bush Intercontinental,29.9902,-95.3368,Dallas/Fort Worth Intl,32.8998,-97.0403
3578,3981,MIA,SFO,Miami Intl,25.7959,-80.287,San Francisco Intl,37.6213,-122.379
3579,1356,DFW,LAS,Dallas/Fort Worth Intl,32.8998,-97.0403,Las Vegas McCarran Intl,36.084,-115.1537
3580,652,DFW,MIA,Dallas/Fort Worth Intl,32.8998,-97.0403,Miami Intl,25.7959,-80.287
3581,1277,JFK,CLT,John F. Kennedy Intl,40.6413,-73.7781,Charlotte Douglas Intl,35.214,-80.9431
3582,3871,BOS,LAX,Boston Logan Intl,42.3656,-71.0096,Los Angeles Intl,33.9416,-118.4085
3583,3638,BOS,IAH,Boston Logan Intl,42.3656,-71.0096,George Bush Intercontinental,29.9902,-95.3368
3584,635,BOS,SEA,Boston Logan Intl,42.3656,-71.0096,Seattle-Tacoma Intl,47.4502,-122.3088
3585,1316,JFK,MSP,John F. Kennedy Intl,40.6413,-73.7781,Minneapolis–Saint Paul Intl,44.883,-93.21
3586,98,CLT,MIA,Charlotte Douglas Intl,35.214,-80.9431,Miami Intl,25.7959,-80.287
3587,2746,ATL,BOS,Hartsfield-Jackson Atlanta Intl,33.6407,-84.4277,Boston Logan Intl,42.3656,-71.0096
3588,1446,LAS,PHX,Las Vegas McCarran Intl,36.084,-115.1537,Phoenix Sky Harbor Intl,33.4342,-112.0116
3589,2980,LAS,BOS,Las Vegas McCarran Intl,36.084,-115.1537,Boston Logan Intl,42.3656,-71.0096
3590,897,MIA,IAH,Miami Intl,25.7959,-80.287,George Bush Intercontinental,29.9902,-95.3368
3591,1366,LAX,LAS,Los Angeles Intl,33.9416,-118.4085,Las Vegas McCarran Intl,36.084,-115.1537
3592,982,DEN,BOS,Denver Intl,39.8561,-104.6737,Boston Logan Intl,42.3656,-71.0096
3593,1261,MIA,LAS,Miami Intl,25.7959,-80.287,Las Vegas McCarran Intl,36.084,-115.1537
3594,662,DFW,SFO,Dallas/Fort Worth Intl,32.8998,-97.0403,San Francisco Intl,37.6213,-122.379
3595,3357,PHX,MSP,Phoenix Sky Harbor Intl,33.4342,-112.0116,Minneapolis–Saint Paul Intl,44.883,-93.21
3596,2062,ORD,MIA,Chicago O’Hare Intl,41.9742,-87.9073,Miami Intl,25.7959,-80.287
3597,2242,MSP,MIA,Minneapolis–Saint Paul Intl,44.883,-93.21,Miami Intl,25.7959,-80.287
3598,2983,SFO,LAS,San Francisco Intl,37.6213,-122.379,Las Vegas McCarran Intl,36.084,-115.1537
3599,3691,JFK,ORD,John F. Kennedy Intl,40.6413,-73.7781,Chicago O’Hare Intl,41.9742,-87.9073
3600,3176,SEA,DFW,Seattle-Tacoma Intl,47.4502,-122.3088,Dallas/Fort Worth Intl,32.8998,-97.0403
3601,1233,ORD,LAX,Chicago O’Hare Intl,41.9742,-87.9073,Los Angeles Intl,33.9416,-118.4085
3602,3618,DEN,BOS,Denver Intl,39.8561,-104.6737,Boston Logan Intl,42.3656,-71.0096
3603,3693,BOS,ORD,Boston Logan Intl,42.3656,-71.0096,Chicago O’Hare Intl,41.9742,-87.9073
3604,949,DFW,PHX,Dallas/Fort Worth Intl,32.8998,-97.0403,Phoenix Sky Harbor Intl,33.4342,-112.0116
3605,527,MSP,PHX,Minneapolis–Saint Paul Intl,44.883,-93.21,Phoenix Sky Harbor Intl,33.4342,-112.0116
3606,2896,IAH,DEN,George Bush Intercontinental,29.9902,-95.3368,Denver Intl,39.8561,-104.6737
3607,1492,DFW,DEN,Dallas/Fort Worth Intl,32.8998,-97.0403,Denver Intl,39.8561,-104.6737
3608,1339,DFW,JFK,Dallas/Fort Worth Intl,32.8998,-97.0403,John F. Kennedy Intl,40.6413,-73.7781
3609,3099,BOS,IAH,Boston Logan Intl,42.3656,-71.0096,George Bush Intercontinental,29.9902,-95.3368
3610,724,SEA,SFO,Seattle-Tacoma Intl,47.4502,-122.3088,San Francisco Intl,37.6213,-122.379
3611,1421,JFK,SFO,John F. Kennedy Intl,40.6413,-73.7781,San Francisco Intl,37.6213,-122.379
3612,2622,ORD,ATL,Chicago O’Hare Intl,41.9742,-87.9073,Hartsfield-Jackson Atlanta Intl,33.6407,-84.4277
3613,1267,BOS,LAS,Boston Logan Intl,42.3656,-71.0096,Las Vegas McCarran Intl,36.084,-115.1537
3614,2473,DEN,LAX,Denver Intl,39.8561,-104.6737,Los Angeles Intl,33.9416,-118.4085
3615,3233,JFK,CLT,John F. Kennedy Intl,40.6413,-73.7781,Charlotte Douglas Intl,35.214,-80.9431
3616,1584,DEN,MIA,Denver Intl,39.8561,-104.6737,Miami Intl,25.7959,-80.287
3617,653,JFK,BOS,John F. Kennedy Intl,40.6413,-73.7781,Boston Logan Intl,42.3656,-71.0096
3618,3246,SEA,LAX,Seattle-Tacoma Intl,47.4502,-122.3088,Los Angeles Intl,33.9416,-118.4085
3619,3313,SFO,JFK,San Francisco Intl,37.6213,-122.379,John F. Kennedy Intl,40.6413,-73.7781
3620,885,DEN,PHX,Denver Intl,39.8561,-104.6737,Phoenix Sky Harbor Intl,33.4342,-112.0116
3621,729,BOS,PHX,Boston Logan Intl,42.3656,-71.0096,Phoenix Sky Harbor Intl,33.4342,-112.0116
3622,3855,JFK,ATL,John F. Kennedy Intl,40.6413,-73.7781,Hartsfield-Jackson Atlanta Intl,33.6407,-84.4277
3623,3385,LAS,ORD,Las Vegas McCarran Intl,36.084,-115.1537,Chicago O’Hare Intl,41.9742,-87.9073
3624,1531,DFW,LAX,Dallas/Fort Worth Intl,32.8998,-97.0403,Los Angeles Intl,33.9416,-118.4085
3625,709,CLT,ORD,Charlotte Douglas Intl,35.214,-80.9431,Chicago O’Hare Intl,41.9742,-87.9073
3626,3154,MIA,DEN,Miami Intl,25.7959,-80.287,Denver Intl,39.8561,-104.6737
3627,2670,IAH,PHX,George Bush Intercontinental,29.9902,-95.3368,Phoenix Sky Harbor Intl,33.4342,-112.0116
3628,1899,DFW,BOS,Dallas/Fort Worth Intl,32.8998,-97.0403,Boston Logan Intl,42.3656,-71.0096
3629,1863,ATL,JFK,Hartsfield-Jackson Atlanta Intl,33.6407,-84.4277,John F. Kennedy Intl,40.6413,-73.7781
3630,2059,SFO,MIA,San Francisco Intl,37.6213,-122.379,Miami Intl,25.7959,-80.287
3631,3628,SFO,CLT,San Francisco Intl,37.6213,-122.379,Charlotte Douglas Intl,35.214,-80.9431
3632,3138,DFW,PHX,Dallas/Fort Worth Intl,32.8998,-97.0403,Phoenix Sky Harbor Intl,33.4342,-112.0116
3633,3421,IAH,MSP,George Bush Intercontinental,29.9902,-95.3368,Minneapolis–Saint Paul Intl,44.883,-93.21
3634,2114,LAS,MSP,Las Vegas McCarran Intl,36.084,-115.1537,Minneapolis–Saint Paul Intl,44.883,-93.21
3635,800,ORD,BOS,Chicago O’Hare Intl,41.9742,-87.9073,Boston Logan Intl,42.3656,-71.0096
3636,76,SEA,CLT,Seattle-Tacoma Intl,47.4502,-122.3088,Charlotte Douglas Intl,35.214,-80.9431
3637,2119,DEN,CLT,Denver Intl,39.8561,-104.6737,Charlotte Douglas Intl,35.214,-80.9431
3638,2375,BOS,IAH,Boston Logan Intl,42.3656,-71.0096,George Bush Intercontinental,29.9902,-95.3368
3639,1141,SFO,DFW,San Francisco Intl,37.6213,-122.379,Dallas/Fort Worth Intl,32.8998,-97.0403
3640,2207,DFW,SFO,Dallas/Fort Worth Intl,32.8998,-97.0403,San Francisco Intl,37.6213,-122.379
3641,3522,DFW,JFK,Dallas/Fort Worth Intl,32.8998,-97.0403,John F. Kennedy Intl,40.6413,-73.7781
3642,3271,SEA,LAX,Seattle-Tacoma Intl,47.4502,-122.3088,Los Angeles Intl,33.9416,-118.4085
3643,747,LAS,BOS,Las Vegas McCarran Intl,36.084,-115.1537,Boston Logan Intl,42.3656,-71.0096
3644,1018,SEA,PHX,Seattle-Tacoma Intl,47.4502,-122.3088,Phoenix Sky Harbor Intl,33.4342,-112.0116
3645,969,LAX,PHX,Los Angeles Intl,33.9416,-118.4085,Phoenix Sky Harbor Intl,33.4342,-112.0116
3646,2151,LAS,PHX,Las Vegas McCarran Intl,36.084,-115.1537,Phoenix Sky Harbor Intl,33.4342,-112.0116
3647,1455,LAX,MSP,Los Angeles Intl,33.9416,-118.4085,Minneapolis–Saint Paul Intl,44.883,-93.21
3648,2742,ORD,MSP,Chicago O’Hare Intl,41.9742,-87.9073,Minneapolis–Saint Paul Intl,44.883,-93.21
3649,3371,MSP,SEA,Minneapolis–Saint Paul Intl,44.883,-93.21,Seattle-Tacoma Intl,47.4502,-122.3088
3650,2761,CLT,SFO,Charlotte Douglas Intl,35.214,-80.9431,San Francisco Intl,37.6213,-122.379
3651,3514,CLT,MSP,Charlotte Douglas Intl,35.214,-80.9431,Minneapolis–Saint Paul Intl,44.883,-93.21
3652,3039,ORD,MSP,Chicago O’Hare Intl,41.9742,-87.9073,Minneapolis–Saint Paul Intl,44.883,-93.21
3653,3077,ATL,SFO,Hartsfield-Jackson Atlanta Intl,33.6407,-84.4277,San Francisco Intl,37.6213,-122.379
3654,732,MSP,LAS,Minneapolis–Saint Paul Intl,44.883,-93.21,Las Vegas McCarran Intl,36.084,-115.1537
3655,3363,LAS,MSP,Las Vegas McCarran Intl,36.084,-115.1537,Minneapolis–Saint Paul Intl,44.883,-93.21
3656,3219,ORD,SEA,Chicago O’Hare Intl,41.9742,-87.9073,Seattle-Tacoma Intl,47.4502,-122.3088
3657,394,JFK,CLT,John F. Kennedy Intl,40.6413,-73.7781,Charlotte Douglas Intl,35.214,-80.9431
3658,830,SEA,CLT,Seattle-Tacoma Intl,47.4502,-122.3088,Charlotte Douglas Intl,35.214,-80.9431
3659,2997,IAH,CLT,George Bush Intercontinental,29.9902,-95.3368,Charlotte Douglas Intl,35.214,-80.9431
3660,1271,CLT,LAS,Charlotte Douglas Intl,35.214,-80.9431,Las Vegas McCarran Intl,36.084,-115.1537
3661,939,LAS,PHX,Las Vegas McCarran Intl,36.084,-115.1537,Phoenix Sky Harbor Intl,33.4342,-112.0116
3662,437,BOS,ATL,Boston Logan Intl,42.3656,-71.0096,Hartsfield-Jackson Atlanta Intl,33.6407,-84.4277
3663,914,JFK,MSP,John F. Kennedy Intl,40.6413,-73.7781,Minneapolis–Saint Paul Intl,44.883,-93.21
3664,3047,DEN,IAH,Denver Intl,39.8561,-104.6737,George Bush Intercontinental,29.9902,-95.3368
3665,1238,MSP,ATL,Minneapolis–Saint Paul Intl,44.883,-93.21,Hartsfield-Jackson Atlanta Intl,33.6407,-84.4277
3666,3978,DFW,SEA,Dallas/Fort Worth Intl,32.8998,-97.0403,Seattle-Tacoma Intl,47.4502,-122.3088
3667,981,ORD,DFW,Chicago O’Hare Intl,41.9742,-87.9073,Dallas/Fort Worth Intl,32.8998,-97.0403
3668,1247,IAH,DEN,George Bush Intercontinental,29.9902,-95.3368,Denver Intl,39.8561,-104.6737
3669,1397,DFW,SEA,Dallas/Fort Worth Intl,32.8998,-97.0403,Seattle-Tacoma Intl,47.4502,-122.3088
3670,1336,LAS,DEN,Las Vegas McCarran Intl,36.084,-115.1537,Denver Intl,39.8561,-104.6737
3671,3258,SFO,BOS,San Francisco Intl,37.6213,-122.379,Boston Logan Intl,42.3656,-71.0096
3672,439,ATL,DFW,Hartsfield-Jackson Atlanta Intl,33.6407,-84.4277,Dallas/Fort Worth Intl,32.8998,-97.0403
3673,1006,SFO,CLT,San Francisco Intl,37.6213,-122.379,Charlotte Douglas Intl,35.214,-80.9431
3674,2826,ATL,JFK,Hartsfield-Jackson Atlanta Intl,33.6407,-84.4277,John F. Kennedy Intl,40.6413,-73.7781
3675,917,LAX,IAH,Los Angeles Intl,33.9416,-118.4085,George Bush Intercontinental,29.9902,-95.3368
3676,2792,MSP,DFW,Minneapolis–Saint Paul Intl,44.883,-93.21,Dallas/Fort Worth Intl,32.8998,-97.0403
3677,2966,DFW,CLT,Dallas/Fort Worth Intl,32.8998,-97.0403,Charlotte Douglas Intl,35.214,-80.9431
3678,3905,ATL,DEN,Hartsfield-Jackson Atlanta Intl,33.6407,-84.4277,Denver Intl,39.8561,-104.6737
3679,3009,PHX,LAS,Phoenix Sky Harbor Intl,33.4342,-112.0116,Las Vegas McCarran Intl,36.084,-115.1537
3680,3884,CLT,SFO,Charlotte Douglas Intl,35.214,-80.9431,San Francisco Intl,37.6213,-122.379
3681,3515,PHX,LAS,Phoenix Sky Harbor Intl,33.4342,-112.0116,Las Vegas McCarran Intl,36.084,-115.1537
3682,1465,MSP,BOS,Minneapolis–Saint Paul Intl,44.883,-93.21,Boston Logan Intl,42.3656,-71.0096
3683,492,PHX,SFO,Phoenix Sky Harbor Intl,33.4342,-112.0116,San Francisco Intl,37.6213,-122.379
3684,3957,MIA,IAH,Miami Intl,25.7959,-80.287,George Bush Intercontinental,29.9902,-95.3368
3685,535,CLT,DFW,Charlotte Douglas Intl,35.214,-80.9431,Dallas/Fort Worth Intl,32.8998,-97.0403
3686,1115,JFK,CLT,John F. Kennedy Intl,40.6413,-73.7781,Charlotte Douglas Intl,35.214,-80.9431
3687,2352,IAH,LAS,George Bush Intercontinental,29.9902,-95.3368,Las Vegas McCarran Intl,36.084,-115.1537
3688,3495,ATL,DEN,Hartsfield-Jackson Atlanta Intl,33.6407,-84.4277,Denver Intl,39.8561,-104.6737
3689,2044,ATL,IAH,Hartsfield-Jackson Atlanta Intl,33.6407,-84.4277,George Bush Intercontinental,29.9902,-95.3368
3690,1484,JFK,ORD,John F. Kennedy Intl,40.6413,-73.7781,Chicago O’Hare Intl,41.9742,-87.9073
3691,1388,DFW,MSP,Dallas/Fort Worth Intl,32.8998,-97.0403,Minneapolis–Saint Paul Intl,44.883,-93.21
3692,1419,DFW,DEN,Dallas/Fort Worth Intl,32.8998,-97.0403,Denver Intl,39.8561,-104.6737
3693,2834,MSP,MIA,Minneapolis–Saint Paul Intl,44.883,-93.21,Miami Intl,25.7959,-80.287
3694,242,PHX,LAS,Phoenix Sky Harbor Intl,33.4342,-112.0116,Las Vegas McCarran Intl,36.084,-115.1537
3695,398,MSP,DFW,Minneapolis–Saint Paul Intl,44.883,-93.21,Dallas/Fort Worth Intl,32.8998,-97.0403
3696,2823,JFK,ORD,John F. Kennedy Intl,40.6413,-73.7781,Chicago O’Hare Intl,41.9742,-87.9073
3697,3122,MSP,IAH,Minneapolis–Saint Paul Intl,44.883,-93.21,George Bush Intercontinental,29.9902,-95.3368
3698,218,LAS,BOS,Las Vegas McCarran Intl,36.084,-115.1537,Boston Logan Intl,42.3656,-71.0096
3699,3659,CLT,DEN,Charlotte Douglas Intl,35.214,-80.9431,Denver Intl,39.8561,-104.6737
3700,176,PHX,DEN,Phoenix Sky Harbor Intl,33.4342,-112.0116,Denver Intl,39.8561,-104.6737
3701,1386,SFO,PHX,San Francisco Intl,37.6213,-122.379,Phoenix Sky Harbor Intl,33.4342,-112.0116
3702,1364,MIA,SFO,Miami Intl,25.7959,-80.287,San Francisco Intl,37.6213,-122.379
3703,3440,BOS,DFW,Boston Logan Intl,42.3656,-71.0096,Dallas/Fort Worth Intl,32.8998,-97.0403
3704,1108,DEN,IAH,Denver Intl,39.8561,-104.6737,George Bush Intercontinental,29.9902,-95.3368
3705,2910,MIA,DFW,Miami Intl,25.7959,-80.287,Dallas/Fort Worth Intl,32.8998,-97.0403
3706,1030,DFW,MIA,Dallas/Fort Worth Intl,32.8998,-97.0403,Miami Intl,25.7959,-80.287
3707,1001,IAH,JFK,George Bush Intercontinental,29.9902,-95.3368,John F. Kennedy Intl,40.6413,-73.7781
3708,2547,BOS,MSP,Boston Logan Intl,42.3656,-71.0096,Minneapolis–Saint Paul Intl,44.883,-93.21
3709,1320,LAX,DFW,Los Angeles Intl,33.9416,-118.4085,Dallas/Fort Worth Intl,32.8998,-97.0403
3710,1244,ORD,LAX,Chicago O’Hare Intl,41.9742,-87.9073,Los Angeles Intl,33.9416,-118.4085
3711,1343,IAH,JFK,George Bush Intercontinental,29.9902,-95.3368,John F. Kennedy Intl,40.6413,-73.7781
3712,1116,PHX,LAX,Phoenix Sky Harbor Intl,33.4342,-112.0116,Los Angeles Intl,33.9416,-118.4085
3713,3330,ATL,DEN,Hartsfield-Jackson Atlanta Intl,33.6407,-84.4277,Denver Intl,39.8561,-104.6737
3714,730,LAS,JFK,Las Vegas McCarran Intl,36.084,-115.1537,John F. Kennedy Intl,40.6413,-73.7781
3715,3900,LAS,DFW,Las Vegas McCarran Intl,36.084,-115.1537,Dallas/Fort Worth Intl,32.8998,-97.0403
3716,1019,JFK,LAS,John F. Kennedy Intl,40.6413,-73.7781,Las Vegas McCarran Intl,36.084,-115.1537
3717,392,IAH,SFO,George Bush Intercontinental,29.9902,-95.3368,San Francisco Intl,37.6213,-122.379
3718,3290,JFK,ORD,John F. Kennedy Intl,40.6413,-73.7781,Chicago O’Hare Intl,41.9742,-87.9073
3719,1806,ATL,SFO,Hartsfield-Jackson Atlanta Intl,33.6407,-84.4277,San Francisco Intl,37.6213,-122.379
3720,1280,PHX,LAX,Phoenix Sky Harbor Intl,33.4342,-112.0116,Los Angeles Intl,33.9416,-118.4085
3721,1311,IAH,DFW,George Bush Intercontinental,29.9902,-95.3368,Dallas/Fort Worth Intl,32.8998,-97.0403
3722,1429,ORD,PHX,Chicago O’Hare Intl,41.9742,-87.9073,Phoenix Sky Harbor Intl,33.4342,-112.0116
3723,660,DEN,LAS,Denver Intl,39.8561,-104.6737,Las Vegas McCarran Intl,36.084,-115.1537
3724,2331,ORD,JFK,Chicago O’Hare Intl,41.9742,-87.9073,John F. Kennedy Intl,40.6413,-73.7781
3725,1232,BOS,IAH,Boston Logan Intl,42.3656,-71.0096,George Bush Intercontinental,29.9902,-95.3368
3726,1406,ORD,DFW,Chicago O’Hare Intl,41.9742,-87.9073,Dallas/Fort Worth Intl,32.8998,-97.0403
3727,1255,LAS,JFK,Las Vegas McCarran Intl,36.084,-115.1537,John F. Kennedy Intl,40.6413,-73.7781
3728,1493,BOS,DFW,Boston Logan Intl,42.3656,-71.0096,Dallas/Fort Worth Intl,32.8998,-97.0403
3729,3564,ORD,DFW,Chicago O’Hare Intl,41.9742,-87.9073,Dallas/Fort Worth Intl,32.8998,-97.0403
3730,2663,DEN,MSP,Denver Intl,39.8561,-104.6737,Minneapolis–Saint Paul Intl,44.883,-93.21
3731,673,IAH,DFW,George Bush Intercontinental,29.9902,-95.3368,Dallas/Fort Worth Intl,32.8998,-97.0403
3732,1485,DEN,MIA,Denver Intl,39.8561,-104.6737,Miami Intl,25.7959,-80.287
3733,1470,DFW,SFO,Dallas/Fort Worth Intl,32.8998,-97.0403,San Francisco Intl,37.6213,-122.379
3734,568,ATL,ORD,Hartsfield-Jackson Atlanta Intl,33.6407,-84.4277,Chicago O’Hare Intl,41.9742,-87.9073
3735,1486,DEN,ORD,Denver Intl,39.8561,-104.6737,Chicago O’Hare Intl,41.9742,-87.9073
3736,810,BOS,JFK,Boston Logan Intl,42.3656,-71.0096,John F. Kennedy Intl,40.6413,-73.7781
3737,1459,DEN,JFK,Denver Intl,39.8561,-104.6737,John F. Kennedy Intl,40.6413,-73.7781
3738,275,DFW,ORD,Dallas/Fort Worth Intl,32.8998,-97.0403,Chicago O’Hare Intl,41.9742,-87.9073
3739,3763,JFK,MSP,John F. Kennedy Intl,40.6413,-73.7781,Minneapolis–Saint Paul Intl,44.883,-93.21
3740,754,BOS,MSP,Boston Logan Intl,42.3656,-71.0096,Minneapolis–Saint Paul Intl,44.883,-93.21
3741,3735,DFW,MIA,Dallas/Fort Worth Intl,32.8998,-97.0403,Miami Intl,25.7959,-80.287
3742,2925,LAS,DFW,Las Vegas McCarran Intl,36.084,-115.1537,Dallas/Fort Worth Intl,32.8998,-97.0403
3743,1274,SFO,MIA,San Francisco Intl,37.6213,-122.379,Miami Intl,25.7959,-80.287
3744,1125,SFO,DFW,San Francisco Intl,37.6213,-122.379,Dallas/Fort Worth Intl,32.8998,-97.0403
3745,827,LAX,SFO,Los Angeles Intl,33.9416,-118.4085,San Francisco Intl,37.6213,-122.379
3746,3443,ORD,LAX,Chicago O’Hare Intl,41.9742,-87.9073,Los Angeles Intl,33.9416,-118.4085
3747,2564,ATL,DEN,Hartsfield-Jackson Atlanta Intl,33.6407,-84.4277,Denver Intl,39.8561,-104.6737
3748,3450,SEA,DFW,Seattle-Tacoma Intl,47.4502,-122.3088,Dallas/Fort Worth Intl,32.8998,-97.0403
3749,513,MIA,SFO,Miami Intl,25.7959,-80.287,San Francisco Intl,37.6213,-122.379
3750,1344,DFW,LAS,Dallas/Fort Worth Intl,32.8998,-97.0403,Las Vegas McCarran Intl,36.084,-115.1537
3751,2200,JFK,PHX,John F. Kennedy Intl,40.6413,-73.7781,Phoenix Sky Harbor Intl,33.4342,-112.0116
3752,875,MIA,DEN,Miami Intl,25.7959,-80.287,Denver Intl,39.8561,-104.6737
3753,1292,JFK,ORD,John F. Kennedy Intl,40.6413,-73.7781,Chicago O’Hare Intl,41.9742,-87.9073
3754,905,LAS,BOS,Las Vegas McCarran Intl,36.084,-115.1537,Boston Logan Intl,42.3656,-71.0096
3755,1082,CLT,DFW,Charlotte Douglas Intl,35.214,-80.9431,Dallas/Fort Worth Intl,32.8998,-97.0403
3756,103,CLT,IAH,Charlotte Douglas Intl,35.214,-80.9431,George Bush Intercontinental,29.9902,-95.3368
3757,3172,CLT,JFK,Charlotte Douglas Intl,35.214,-80.9431,John F. Kennedy Intl,40.6413,-73.7781
3758,1273,MIA,LAX,Miami Intl,25.7959,-80.287,Los Angeles Intl,33.9416,-118.4085
3759,1198,MSP,IAH,Minneapolis–Saint Paul Intl,44.883,-93.21,George Bush Intercontinental,29.9902,-95.3368
3760,498,DFW,BOS,Dallas/Fort Worth Intl,32.8998,-97.0403,Boston Logan Intl,42.3656,-71.0096
3761,988,SEA,MIA,Seattle-Tacoma Intl,47.4502,-122.3088,Miami Intl,25.7959,-80.287
3762,1161,MIA,BOS,Miami Intl,25.7959,-80.287,Boston Logan Intl,42.3656,-71.0096
3763,454,DFW,MSP,Dallas/Fort Worth Intl,32.8998,-97.0403,Minneapolis–Saint Paul Intl,44.883,-93.21
3764,2008,DEN,SFO,Denver Intl,39.8561,-104.6737,San Francisco Intl,37.6213,-122.379
3765,1359,LAS,DFW,Las Vegas McCarran Intl,36.084,-115.1537,Dallas/Fort Worth Intl,32.8998,-97.0403
3766,1160,SEA,ORD,Seattle-Tacoma Intl,47.4502,-122.3088,Chicago O’Hare Intl,41.9742,-87.9073
3767,80,CLT,BOS,Charlotte Douglas Intl,35.214,-80.9431,Boston Logan Intl,42.3656,-71.0096
3768,1348,BOS,LAS,Boston Logan Intl,42.3656,-71.0096,Las Vegas McCarran Intl,36.084,-115.1537
3769,1410,LAS,MSP,Las Vegas McCarran Intl,36.084,-115.1537,Minneapolis–Saint Paul Intl,44.883,-93.21
3770,1168,JFK,ORD,John F. Kennedy Intl,40.6413,-73.7781,Chicago O’Hare Intl,41.9742,-87.9073
3771,1239,CLT,MIA,Charlotte Douglas Intl,35.214,-80.9431,Miami Intl,25.7959,-80.287
3772,1225,SFO,DEN,San Francisco Intl,37.6213,-122.379,Denver Intl,39.8561,-104.6737
3773,1266,ORD,IAH,Chicago O’Hare Intl,41.9742,-87.9073,George Bush Intercontinental,29.9902,-95.3368
3774,1332,SFO,MSP,San Francisco Intl,37.6213,-122.379,Minneapolis–Saint Paul Intl,44.883,-93.21
3775,1279,CLT,ORD,Charlotte Douglas Intl,35.214,-80.9431,Chicago O’Hare Intl,41.9742,-87.9073
3776,142,LAS,MSP,Las Vegas McCarran Intl,36.084,-115.1537,Minneapolis–Saint Paul Intl,44.883,-93.21
3777,2325,SEA,DEN,Seattle-Tacoma Intl,47.4502,-122.3088,Denver Intl,39.8561,-104.6737
3778,1393,BOS,LAX,Boston Logan Intl,42.3656,-71.0096,Los Angeles Intl,33.9416,-118.4085
3779,1122,JFK,PHX,John F. Kennedy Intl,40.6413,-73.7781,Phoenix Sky Harbor Intl,33.4342,-112.0116
3780,923,MSP,DFW,Minneapolis–Saint Paul Intl,44.883,-93.21,Dallas/Fort Worth Intl,32.8998,-97.0403
3781,155,BOS,CLT,Boston Logan Intl,42.3656,-71.0096,Charlotte Douglas Intl,35.214,-80.9431
3782,1150,MIA,LAX,Miami Intl,25.7959,-80.287,Los Angeles Intl,33.9416,-118.4085
3783,1317,IAH,LAX,George Bush Intercontinental,29.9902,-95.3368,Los Angeles Intl,33.9416,-118.4085
3784,1347,JFK,CLT,John F. Kennedy Intl,40.6413,-73.7781,Charlotte Douglas Intl,35.214,-80.9431
3785,1478,CLT,SEA,Charlotte Douglas Intl,35.214,-80.9431,Seattle-Tacoma Intl,47.4502,-122.3088
3786,1412,MIA,ATL,Miami Intl,25.7959,-80.287,Hartsfield-Jackson Atlanta Intl,33.6407,-84.4277
3787,165,IAH,LAS,George Bush Intercontinental,29.9902,-95.3368,Las Vegas McCarran Intl,36.084,-115.1537
3788,943,DFW,SFO,Dallas/Fort Worth Intl,32.8998,-97.0403,San Francisco Intl,37.6213,-122.379
3789,1328,SEA,DEN,Seattle-Tacoma Intl,47.4502,-122.3088,Denver Intl,39.8561,-104.6737
3790,1477,PHX,MSP,Phoenix Sky Harbor Intl,33.4342,-112.0116,Minneapolis–Saint Paul Intl,44.883,-93.21
3791,1330,DFW,PHX,Dallas/Fort Worth Intl,32.8998,-97.0403,Phoenix Sky Harbor Intl,33.4342,-112.0116
3792,1241,LAX,SEA,Los Angeles Intl,33.9416,-118.4085,Seattle-Tacoma Intl,47.4502,-122.3088
3793,3029,BOS,ATL,Boston Logan Intl,42.3656,-71.0096,Hartsfield-Jackson Atlanta Intl,33.6407,-84.4277
3794,1248,PHX,LAS,Phoenix Sky Harbor Intl,33.4342,-112.0116,Las Vegas McCarran Intl,36.084,-115.1537
3795,1284,MIA,SFO,Miami Intl,25.7959,-80.287,San Francisco Intl,37.6213,-122.379
3796,1094,DEN,CLT,Denver Intl,39.8561,-104.6737,Charlotte Douglas Intl,35.214,-80.9431
3797,111,DFW,LAS,Dallas/Fort Worth Intl,32.8998,-97.0403,Las Vegas McCarran Intl,36.084,-115.1537
3798,1309,LAX,SFO,Los Angeles Intl,33.9416,-118.4085,San Francisco Intl,37.6213,-122.379
3799,1219,ATL,BOS,Hartsfield-Jackson Atlanta Intl,33.6407,-84.4277,Boston Logan Intl,42.3656,-71.0096
3800,974,PHX,MSP,Phoenix Sky Harbor Intl,33.4342,-112.0116,Minneapolis–Saint Paul Intl,44.883,-93.21
3801,1479,SFO,LAX,San Francisco Intl,37.6213,-122.379,Los Angeles Intl,33.9416,-118.4085
3802,400,JFK,CLT,John F. Kennedy Intl,40.6413,-73.7781,Charlotte Douglas Intl,35.214,-80.9431
3803,1253,MSP,IAH,Minneapolis–Saint Paul Intl,44.883,-93.21,George Bush Intercontinental,29.9902,-95.3368
3804,1395,MSP,ATL,Minneapolis–Saint Paul Intl,44.883,-93.21,Hartsfield-Jackson Atlanta Intl,33.6407,-84.4277
3805,1213,LAX,ATL,Los Angeles Intl,33.9416,-118.4085,Hartsfield-Jackson Atlanta Intl,33.6407,-84.4277
3806,1396,SEA,PHX,Seattle-Tacoma Intl,47.4502,-122.3088,Phoenix Sky Harbor Intl,33.4342,-112.0116
3807,1301,PHX,CLT,Phoenix Sky Harbor Intl,33.4342,-112.0116,Charlotte Douglas Intl,35.214,-80.9431
3808,1469,DFW,ATL,Dallas/Fort Worth Intl,32.8998,-97.0403,Hartsfield-Jackson Atlanta Intl,33.6407,-84.4277
3809,823,SEA,MSP,Seattle-Tacoma Intl,47.4502,-122.3088,Minneapolis–Saint Paul Intl,44.883,-93.21
3810,958,MSP,CLT,Minneapolis–Saint Paul Intl,44.883,-93.21,Charlotte Douglas Intl,35.214,-80.9431
3811,1381,SFO,DEN,San Francisco Intl,37.6213,-122.379,Denver Intl,39.8561,-104.6737
3812,847,DEN,BOS,Denver Intl,39.8561,-104.6737,Boston Logan Intl,42.3656,-71.0096
3813,839,BOS,SFO,Boston Logan Intl,42.3656,-71.0096,San Francisco Intl,37.6213,-122.379
3814,893,BOS,LAX,Boston Logan Intl,42.3656,-71.0096,Los Angeles Intl,33.9416,-118.4085
3815,1151,CLT,BOS,Charlotte Douglas Intl,35.214,-80.9431,Boston Logan Intl,42.3656,-71.0096
3816,953,SEA,IAH,Seattle-Tacoma Intl,47.4502,-122.3088,George Bush Intercontinental,29.9902,-95.3368
3817,1051,LAS,DFW,Las Vegas McCarran Intl,36.084,-115.1537,Dallas/Fort Worth Intl,32.8998,-97.0403
3818,324,MIA,CLT,Miami Intl,25.7959,-80.287,Charlotte Douglas Intl,35.214,-80.9431
3819,1003,DEN,ORD,Denver Intl,39.8561,-104.6737,Chicago O’Hare Intl,41.9742,-87.9073
3820,1441,BOS,MIA,Boston Logan Intl,42.3656,-71.0096,Miami Intl,25.7959,-80.287
3821,884,DEN,PHX,Denver Intl,39.8561,-104.6737,Phoenix Sky Harbor Intl,33.4342,-112.0116
